2026-10-01 00:00:01 | frontend | UP | 200 | 287ms
2026-10-01 00:00:01 | appwrite | UP | 200 | 293ms
2026-10-01 00:00:02 | r2-media | UP | 5/5 | 182ms | worst=266ms | samples=230,266,162,136,120
2026-10-01 00:00:04 | video-media | UP | 5/5 | 275ms | samples=273,230,263,317,292
----------------------------------------------------------------------------------------------------
2026-10-01 00:05:00 | frontend | UP | 200 | 285ms
2026-10-01 00:05:00 | appwrite | UP | 200 | 208ms
2026-10-01 00:05:01 | r2-media | UP | 5/5 | 156ms | worst=229ms | samples=87,229,113,160,192
2026-10-01 00:05:02 | video-media | UP | 5/5 | 146ms | samples=112,243,154,127,97
----------------------------------------------------------------------------------------------------
2026-10-01 00:10:00 | frontend | UP | 200 | 35ms
2026-10-01 00:10:00 | appwrite | UP | 200 | 216ms
2026-10-01 00:10:01 | r2-media | UP | 5/5 | 119ms | worst=175ms | samples=175,82,115,95,131
2026-10-01 00:10:02 | video-media | UP | 5/5 | 180ms | samples=171,151,121,280,180
----------------------------------------------------------------------------------------------------
2026-10-01 00:15:01 | frontend | UP | 200 | 271ms
2026-10-01 00:15:01 | appwrite | UP | 200 | 293ms
2026-10-01 00:15:02 | r2-media | UP | 5/5 | 149ms | worst=316ms | samples=316,109,135,117,68
2026-10-01 00:15:03 | video-media | UP | 5/5 | 131ms | samples=145,162,104,136,111
----------------------------------------------------------------------------------------------------
2026-10-01 00:20:00 | frontend | UP | 200 | 39ms
2026-10-01 00:20:00 | appwrite | UP | 200 | 262ms
2026-10-01 00:20:01 | r2-media | UP | 5/5 | 114ms | worst=139ms | samples=104,93,127,110,139
2026-10-01 00:20:02 | video-media | UP | 5/5 | 148ms | samples=138,136,110,243,114
----------------------------------------------------------------------------------------------------
2026-10-01 00:25:00 | frontend | UP | 200 | 27ms
2026-10-01 00:25:01 | appwrite | UP | 200 | 268ms
2026-10-01 00:25:02 | r2-media | UP | 5/5 | 179ms | worst=444ms | samples=444,148,92,138,74
2026-10-01 00:25:03 | video-media | UP | 5/5 | 175ms | samples=170,130,109,229,240
----------------------------------------------------------------------------------------------------
2026-10-01 00:30:01 | frontend | UP | 200 | 273ms
2026-10-01 00:30:01 | appwrite | UP | 200 | 277ms
2026-10-01 00:30:02 | r2-media | UP | 5/5 | 111ms | worst=169ms | samples=169,94,107,88,97
2026-10-01 00:30:03 | video-media | UP | 5/5 | 136ms | samples=214,121,116,109,120
----------------------------------------------------------------------------------------------------
2026-10-01 00:35:01 | frontend | UP | 200 | 28ms
2026-10-01 00:35:01 | appwrite | UP | 200 | 420ms
2026-10-01 00:35:02 | r2-media | UP | 5/5 | 116ms | worst=213ms | samples=80,91,213,95,105
2026-10-01 00:35:03 | video-media | UP | 5/5 | 138ms | samples=121,96,135,108,231
----------------------------------------------------------------------------------------------------
2026-10-01 00:40:00 | frontend | UP | 200 | 27ms
2026-10-01 00:40:01 | appwrite | UP | 200 | 285ms
2026-10-01 00:40:01 | r2-media | UP | 5/5 | 112ms | worst=133ms | samples=90,120,133,100,120
2026-10-01 00:40:02 | video-media | UP | 5/5 | 158ms | samples=165,106,131,131,260
----------------------------------------------------------------------------------------------------
2026-10-01 00:45:00 | frontend | UP | 200 | 300ms
2026-10-01 00:45:00 | appwrite | UP | 200 | 192ms
2026-10-01 00:45:01 | r2-media | UP | 5/5 | 107ms | worst=213ms | samples=213,59,78,86,102
2026-10-01 00:45:02 | video-media | UP | 5/5 | 184ms | samples=351,139,145,160,128
----------------------------------------------------------------------------------------------------
2026-10-01 00:50:00 | frontend | UP | 200 | 29ms
2026-10-01 00:50:01 | appwrite | UP | 200 | 255ms
2026-10-01 00:50:01 | r2-media | UP | 5/5 | 119ms | worst=190ms | samples=190,89,105,126,88
2026-10-01 00:50:18 | video-media | UP | 5/5 | 100ms | samples=100,98,90,111,104
----------------------------------------------------------------------------------------------------
2026-10-01 00:55:00 | frontend | UP | 200 | 27ms
2026-10-01 00:55:00 | appwrite | UP | 200 | 261ms
2026-10-01 00:55:01 | r2-media | UP | 5/5 | 140ms | worst=244ms | samples=99,102,100,244,156
2026-10-01 00:55:02 | video-media | UP | 5/5 | 117ms | samples=139,151,105,108,84
----------------------------------------------------------------------------------------------------
====================================================================================================
2026-10-01 01:00:00 | frontend | UP | 200 | 290ms
2026-10-01 01:00:01 | appwrite | UP | 200 | 278ms
2026-10-01 01:00:01 | r2-media | UP | 5/5 | 134ms | worst=171ms | samples=171,128,112,155,108
2026-10-01 01:00:06 | video-media | UP | 5/5 | 782ms | samples=3448,128,94,123,121
----------------------------------------------------------------------------------------------------
2026-10-01 01:05:00 | frontend | UP | 200 | 40ms
2026-10-01 01:05:00 | appwrite | UP | 200 | 257ms
2026-10-01 01:05:01 | r2-media | UP | 5/5 | 138ms | worst=267ms | samples=114,79,87,146,267
2026-10-01 01:05:02 | video-media | UP | 5/5 | 159ms | samples=127,119,188,232,133
----------------------------------------------------------------------------------------------------
2026-10-01 01:10:00 | frontend | UP | 200 | 89ms
2026-10-01 01:10:01 | appwrite | UP | 200 | 338ms
2026-10-01 01:10:02 | r2-media | UP | 5/5 | 143ms | worst=186ms | samples=123,186,146,184,77
2026-10-01 01:10:02 | video-media | UP | 5/5 | 143ms | samples=116,183,180,122,117
----------------------------------------------------------------------------------------------------
2026-10-01 01:15:01 | frontend | UP | 200 | 300ms
2026-10-01 01:15:01 | appwrite | UP | 200 | 271ms
2026-10-01 01:15:02 | r2-media | UP | 5/5 | 131ms | worst=241ms | samples=113,86,241,144,74
2026-10-01 01:15:03 | video-media | UP | 5/5 | 139ms | samples=142,131,190,122,111
----------------------------------------------------------------------------------------------------
2026-10-01 01:20:00 | frontend | UP | 200 | 28ms
2026-10-01 01:20:00 | appwrite | UP | 200 | 197ms
2026-10-01 01:20:01 | r2-media | UP | 5/5 | 84ms | worst=96ms | samples=73,79,96,87,85
2026-10-01 01:20:02 | video-media | UP | 5/5 | 121ms | samples=112,98,89,153,154
----------------------------------------------------------------------------------------------------
2026-10-01 01:25:00 | frontend | UP | 200 | 27ms
2026-10-01 01:25:00 | appwrite | UP | 200 | 184ms
2026-10-01 01:25:01 | r2-media | UP | 5/5 | 114ms | worst=165ms | samples=153,85,78,165,93
2026-10-01 01:25:02 | video-media | UP | 5/5 | 113ms | samples=136,137,111,79,105
----------------------------------------------------------------------------------------------------
2026-10-01 01:30:00 | frontend | UP | 200 | 277ms
2026-10-01 01:30:00 | appwrite | UP | 200 | 129ms
2026-10-01 01:30:01 | r2-media | UP | 5/5 | 149ms | worst=271ms | samples=93,271,217,80,85
2026-10-01 01:30:02 | video-media | UP | 5/5 | 133ms | samples=141,116,140,157,111
----------------------------------------------------------------------------------------------------
2026-10-01 01:35:01 | frontend | UP | 200 | 31ms
2026-10-01 01:35:01 | appwrite | UP | 200 | 202ms
2026-10-01 01:35:02 | r2-media | UP | 5/5 | 151ms | worst=240ms | samples=239,240,98,110,71
2026-10-01 01:35:02 | video-media | UP | 5/5 | 101ms | samples=115,103,107,76,104
----------------------------------------------------------------------------------------------------
2026-10-01 01:40:01 | frontend | UP | 200 | 277ms
2026-10-01 01:40:01 | appwrite | UP | 200 | 338ms
2026-10-01 01:40:02 | r2-media | UP | 5/5 | 123ms | worst=171ms | samples=171,147,83,115,101
2026-10-01 01:40:03 | video-media | UP | 5/5 | 98ms | samples=113,102,77,92,107
----------------------------------------------------------------------------------------------------
2026-10-01 01:45:00 | frontend | UP | 200 | 28ms
2026-10-01 01:45:00 | appwrite | UP | 200 | 188ms
2026-10-01 01:45:01 | r2-media | UP | 5/5 | 131ms | worst=285ms | samples=62,76,96,137,285
2026-10-01 01:45:02 | video-media | UP | 5/5 | 99ms | samples=105,102,92,90,108
----------------------------------------------------------------------------------------------------
2026-10-01 01:50:01 | frontend | UP | 200 | 24ms
2026-10-01 01:50:01 | appwrite | UP | 200 | 183ms
2026-10-01 01:50:01 | r2-media | UP | 5/5 | 100ms | worst=149ms | samples=149,111,60,92,92
2026-10-01 01:50:02 | video-media | UP | 5/5 | 93ms | samples=87,123,84,88,86
----------------------------------------------------------------------------------------------------
2026-10-01 01:55:00 | frontend | UP | 200 | 271ms
2026-10-01 01:55:00 | appwrite | UP | 200 | 184ms
2026-10-01 01:55:01 | r2-media | UP | 5/5 | 80ms | worst=125ms | samples=59,75,125,81,62
2026-10-01 01:55:11 | video-media | UP | 5/5 | 83ms | samples=109,84,80,71,74
----------------------------------------------------------------------------------------------------
====================================================================================================
2026-10-01 02:00:00 | frontend | UP | 200 | 26ms
2026-10-01 02:00:00 | appwrite | UP | 200 | 272ms
2026-10-01 02:00:01 | r2-media | UP | 5/5 | 141ms | worst=375ms | samples=375,82,93,77,78
2026-10-01 02:00:02 | video-media | UP | 5/5 | 102ms | samples=114,116,106,90,85
----------------------------------------------------------------------------------------------------
2026-10-01 02:05:01 | frontend | UP | 200 | 278ms
2026-10-01 02:05:01 | appwrite | UP | 200 | 361ms
2026-10-01 02:05:02 | r2-media | UP | 5/5 | 104ms | worst=146ms | samples=146,88,123,69,98
2026-10-01 02:05:03 | video-media | UP | 5/5 | 163ms | samples=87,107,88,106,429
----------------------------------------------------------------------------------------------------
2026-10-01 02:10:00 | frontend | UP | 200 | 31ms
2026-10-01 02:10:00 | appwrite | UP | 200 | 214ms
2026-10-01 02:10:01 | r2-media | UP | 5/5 | 71ms | worst=77ms | samples=68,72,64,76,77
2026-10-01 02:10:01 | video-media | UP | 5/5 | 96ms | samples=102,95,84,106,95
----------------------------------------------------------------------------------------------------
2026-10-01 02:15:00 | frontend | UP | 200 | 78ms
2026-10-01 02:15:01 | appwrite | UP | 200 | 209ms
2026-10-01 02:15:01 | r2-media | UP | 5/5 | 100ms | worst=202ms | samples=202,67,72,94,67
2026-10-01 02:15:02 | video-media | UP | 5/5 | 113ms | samples=144,110,135,77,102
----------------------------------------------------------------------------------------------------
2026-10-01 02:20:01 | frontend | UP | 200 | 288ms
2026-10-01 02:20:01 | appwrite | UP | 200 | 319ms
2026-10-01 02:20:02 | r2-media | UP | 5/5 | 105ms | worst=230ms | samples=230,82,70,84,63
2026-10-01 02:20:03 | video-media | UP | 5/5 | 91ms | samples=116,97,75,86,82
----------------------------------------------------------------------------------------------------
2026-10-01 02:25:00 | frontend | UP | 200 | 41ms
2026-10-01 02:25:00 | appwrite | UP | 200 | 194ms
2026-10-01 02:25:01 | r2-media | UP | 5/5 | 72ms | worst=88ms | samples=69,65,65,88,73
2026-10-01 02:25:02 | video-media | UP | 5/5 | 173ms | samples=472,101,102,92,98
----------------------------------------------------------------------------------------------------
2026-10-01 02:30:01 | frontend | UP | 200 | 25ms
2026-10-01 02:30:01 | appwrite | UP | 200 | 290ms
2026-10-01 02:30:02 | r2-media | UP | 5/5 | 132ms | worst=274ms | samples=274,123,110,88,67
2026-10-01 02:30:03 | video-media | UP | 5/5 | 118ms | samples=126,84,179,90,115
----------------------------------------------------------------------------------------------------
2026-10-01 02:35:00 | frontend | UP | 200 | 286ms
2026-10-01 02:35:00 | appwrite | UP | 200 | 271ms
2026-10-01 02:35:01 | r2-media | UP | 5/5 | 79ms | worst=93ms | samples=73,93,83,69,77
2026-10-01 02:35:02 | video-media | UP | 5/5 | 112ms | samples=108,121,101,126,106
----------------------------------------------------------------------------------------------------
2026-10-01 02:40:01 | frontend | UP | 200 | 35ms
2026-10-01 02:40:01 | appwrite | UP | 200 | 302ms
2026-10-01 02:40:01 | r2-media | UP | 5/5 | 104ms | worst=227ms | samples=227,80,76,73,66
2026-10-01 02:40:05 | video-media | UP | 5/5 | 732ms | samples=160,3243,96,86,77
----------------------------------------------------------------------------------------------------
2026-10-01 02:45:01 | frontend | UP | 200 | 287ms
2026-10-01 02:45:01 | appwrite | UP | 200 | 230ms
2026-10-01 02:45:02 | r2-media | UP | 5/5 | 109ms | worst=237ms | samples=68,89,237,89,66
2026-10-01 02:45:02 | video-media | UP | 5/5 | 112ms | samples=185,89,91,89,107
----------------------------------------------------------------------------------------------------
2026-10-01 02:50:01 | frontend | UP | 200 | 72ms
2026-10-01 02:50:01 | appwrite | UP | 200 | 292ms
2026-10-01 02:50:02 | r2-media | UP | 5/5 | 104ms | worst=226ms | samples=83,74,73,226,67
2026-10-01 02:50:02 | video-media | UP | 5/5 | 99ms | samples=111,91,101,102,90
----------------------------------------------------------------------------------------------------
2026-10-01 02:55:01 | frontend | UP | 200 | 324ms
2026-10-01 02:55:01 | appwrite | UP | 200 | 275ms
2026-10-01 02:55:02 | r2-media | UP | 5/5 | 129ms | worst=280ms | samples=73,72,142,280,78
2026-10-01 02:55:03 | video-media | UP | 5/5 | 87ms | samples=104,122,61,79,70
----------------------------------------------------------------------------------------------------
====================================================================================================
2026-10-01 03:00:00 | frontend | UP | 200 | 28ms
2026-10-01 03:00:01 | appwrite | UP | 200 | 345ms
2026-10-01 03:00:01 | r2-media | UP | 5/5 | 74ms | worst=82ms | samples=82,67,74,77,72
2026-10-01 03:00:16 | video-media | UP | 5/5 | 97ms | samples=101,102,105,92,88
----------------------------------------------------------------------------------------------------
2026-10-01 03:05:00 | frontend | UP | 200 | 37ms
2026-10-01 03:05:00 | appwrite | UP | 200 | 198ms
2026-10-01 03:05:01 | r2-media | UP | 5/5 | 70ms | worst=85ms | samples=85,70,59,76,63
2026-10-01 03:05:02 | video-media | UP | 5/5 | 196ms | samples=116,84,95,596,91
----------------------------------------------------------------------------------------------------
2026-10-01 03:10:00 | frontend | UP | 200 | 275ms
2026-10-01 03:10:00 | appwrite | UP | 200 | 188ms
2026-10-01 03:10:01 | r2-media | UP | 5/5 | 160ms | worst=327ms | samples=237,80,91,65,327
2026-10-01 03:10:02 | video-media | UP | 5/5 | 88ms | samples=89,78,90,98,85
----------------------------------------------------------------------------------------------------
2026-10-01 03:15:00 | frontend | UP | 200 | 29ms
2026-10-01 03:15:01 | appwrite | UP | 200 | 271ms
2026-10-01 03:15:01 | r2-media | UP | 5/5 | 88ms | worst=121ms | samples=120,121,66,76,57
2026-10-01 03:15:02 | video-media | UP | 5/5 | 104ms | samples=167,82,86,89,97
----------------------------------------------------------------------------------------------------
2026-10-01 03:20:00 | frontend | UP | 200 | 71ms
2026-10-01 03:20:00 | appwrite | UP | 200 | 279ms
2026-10-01 03:20:01 | r2-media | UP | 5/5 | 80ms | worst=122ms | samples=65,68,87,122,59
2026-10-01 03:20:01 | video-media | UP | 5/5 | 96ms | samples=101,102,103,84,90
----------------------------------------------------------------------------------------------------
2026-10-01 03:25:00 | frontend | UP | 200 | 286ms
2026-10-01 03:25:00 | appwrite | UP | 200 | 255ms
2026-10-01 03:25:01 | r2-media | UP | 5/5 | 111ms | worst=260ms | samples=260,94,55,82,64
2026-10-01 03:25:02 | video-media | UP | 5/5 | 102ms | samples=165,91,74,89,92
----------------------------------------------------------------------------------------------------
2026-10-01 03:30:00 | frontend | UP | 200 | 42ms
2026-10-01 03:30:00 | appwrite | UP | 200 | 131ms
2026-10-01 03:30:01 | r2-media | UP | 5/5 | 99ms | worst=164ms | samples=164,141,64,69,59
2026-10-01 03:30:02 | video-media | UP | 5/5 | 112ms | samples=93,179,101,97,93
----------------------------------------------------------------------------------------------------
2026-10-01 03:35:00 | frontend | UP | 200 | 275ms
2026-10-01 03:35:01 | appwrite | UP | 200 | 189ms
2026-10-01 03:35:01 | r2-media | UP | 5/5 | 111ms | worst=261ms | samples=76,90,261,67,64
2026-10-01 03:35:02 | video-media | UP | 5/5 | 88ms | samples=112,77,89,89,74
----------------------------------------------------------------------------------------------------
2026-10-01 03:40:00 | frontend | UP | 200 | 26ms
2026-10-01 03:40:00 | appwrite | UP | 200 | 196ms
2026-10-01 03:40:02 | r2-media | UP | 5/5 | 184ms | worst=436ms | samples=436,264,79,72,71
2026-10-01 03:40:02 | video-media | UP | 5/5 | 100ms | samples=169,74,97,80,81
----------------------------------------------------------------------------------------------------
2026-10-01 03:45:00 | frontend | UP | 200 | 25ms
2026-10-01 03:45:01 | appwrite | UP | 200 | 326ms
2026-10-01 03:45:01 | r2-media | UP | 5/5 | 128ms | worst=198ms | samples=63,166,149,198,65
2026-10-01 03:45:03 | video-media | UP | 5/5 | 243ms | samples=88,94,139,821,77
----------------------------------------------------------------------------------------------------
2026-10-01 03:50:00 | frontend | UP | 200 | 274ms
2026-10-01 03:50:00 | appwrite | UP | 200 | 110ms
2026-10-01 03:50:01 | r2-media | UP | 5/5 | 66ms | worst=71ms | samples=68,70,66,58,71
2026-10-01 03:50:01 | video-media | UP | 5/5 | 96ms | samples=95,98,99,94,98
----------------------------------------------------------------------------------------------------
2026-10-01 03:55:00 | frontend | UP | 200 | 34ms
2026-10-01 03:55:00 | appwrite | UP | 200 | 254ms
2026-10-01 03:55:01 | r2-media | UP | 5/5 | 168ms | worst=401ms | samples=248,77,401,57,61
2026-10-01 03:55:02 | video-media | UP | 5/5 | 108ms | samples=157,73,89,97,126
----------------------------------------------------------------------------------------------------
====================================================================================================
2026-10-01 04:00:01 | frontend | UP | 200 | 271ms
2026-10-01 04:00:01 | appwrite | UP | 200 | 385ms
2026-10-01 04:00:02 | r2-media | UP | 5/5 | 119ms | worst=201ms | samples=157,77,201,84,77
2026-10-01 04:00:03 | video-media | UP | 5/5 | 144ms | samples=175,312,80,71,86
----------------------------------------------------------------------------------------------------
2026-10-01 04:05:00 | frontend | UP | 200 | 31ms
2026-10-01 04:05:00 | appwrite | UP | 200 | 317ms
2026-10-01 04:05:01 | r2-media | UP | 5/5 | 70ms | worst=118ms | samples=55,64,56,118,57
2026-10-01 04:05:11 | video-media | UP | 5/5 | 83ms | samples=96,65,62,105,90
----------------------------------------------------------------------------------------------------
2026-10-01 04:10:00 | frontend | UP | 200 | 38ms
2026-10-01 04:10:01 | appwrite | UP | 200 | 184ms
2026-10-01 04:10:01 | r2-media | UP | 5/5 | 102ms | worst=224ms | samples=224,84,69,59,77
2026-10-01 04:10:02 | video-media | UP | 5/5 | 95ms | samples=105,82,121,85,84
----------------------------------------------------------------------------------------------------
2026-10-01 04:15:00 | frontend | UP | 200 | 265ms
2026-10-01 04:15:01 | appwrite | UP | 200 | 117ms
2026-10-01 04:15:01 | r2-media | UP | 5/5 | 89ms | worst=169ms | samples=65,69,169,81,64
2026-10-01 04:15:02 | video-media | UP | 5/5 | 91ms | samples=93,91,98,87,89
----------------------------------------------------------------------------------------------------
2026-10-01 04:20:00 | frontend | UP | 200 | 81ms
2026-10-01 04:20:00 | appwrite | UP | 200 | 247ms
2026-10-01 04:20:01 | r2-media | UP | 5/5 | 64ms | worst=82ms | samples=66,82,60,63,52
2026-10-01 04:20:08 | video-media | UP | 5/5 | 1330ms | samples=92,3209,3192,90,68
----------------------------------------------------------------------------------------------------
2026-10-01 04:25:00 | frontend | UP | 200 | 33ms
2026-10-01 04:25:00 | appwrite | UP | 200 | 250ms
2026-10-01 04:25:01 | r2-media | UP | 5/5 | 140ms | worst=349ms | samples=349,72,139,83,57
2026-10-01 04:25:02 | video-media | UP | 5/5 | 171ms | samples=76,87,472,140,83
----------------------------------------------------------------------------------------------------
2026-10-01 04:30:01 | frontend | UP | 200 | 280ms
2026-10-01 04:30:01 | appwrite | UP | 200 | 197ms
2026-10-01 04:30:02 | r2-media | UP | 5/5 | 128ms | worst=222ms | samples=222,69,92,93,165
2026-10-01 04:30:02 | video-media | UP | 5/5 | 85ms | samples=88,85,74,95,85
----------------------------------------------------------------------------------------------------
2026-10-01 04:35:00 | frontend | UP | 200 | 28ms
2026-10-01 04:35:00 | appwrite | UP | 200 | 208ms
2026-10-01 04:35:01 | r2-media | UP | 5/5 | 74ms | worst=88ms | samples=63,86,88,69,64
2026-10-01 04:35:01 | video-media | UP | 5/5 | 97ms | samples=104,84,79,110,111
----------------------------------------------------------------------------------------------------
2026-10-01 04:40:00 | frontend | UP | 200 | 26ms
2026-10-01 04:40:01 | appwrite | UP | 200 | 255ms
2026-10-01 04:40:01 | r2-media | UP | 5/5 | 86ms | worst=168ms | samples=168,55,59,75,77
2026-10-01 04:40:02 | video-media | UP | 5/5 | 99ms | samples=145,83,92,91,86
----------------------------------------------------------------------------------------------------
2026-10-01 04:45:01 | frontend | UP | 200 | 460ms
2026-10-01 04:45:01 | appwrite | UP | 200 | 249ms
2026-10-01 04:45:01 | r2-media | UP | 5/5 | 81ms | worst=153ms | samples=153,62,62,69,60
2026-10-01 04:45:02 | video-media | UP | 5/5 | 90ms | samples=154,65,85,71,78
----------------------------------------------------------------------------------------------------
2026-10-01 04:50:00 | frontend | UP | 200 | 25ms
2026-10-01 04:50:01 | appwrite | UP | 200 | 222ms
2026-10-01 04:50:01 | r2-media | UP | 5/5 | 63ms | worst=78ms | samples=78,63,52,62,60
2026-10-01 04:50:02 | video-media | UP | 5/5 | 88ms | samples=84,73,92,73,120
----------------------------------------------------------------------------------------------------
2026-10-01 04:55:00 | frontend | UP | 200 | 41ms
2026-10-01 04:55:00 | appwrite | UP | 200 | 181ms
2026-10-01 04:55:01 | r2-media | UP | 5/5 | 86ms | worst=169ms | samples=169,66,64,72,60
2026-10-01 04:55:01 | video-media | UP | 5/5 | 85ms | samples=87,91,76,88,85
----------------------------------------------------------------------------------------------------
====================================================================================================
2026-10-01 05:00:00 | frontend | UP | 200 | 415ms
2026-10-01 05:00:01 | appwrite | UP | 200 | 331ms
2026-10-01 05:00:01 | r2-media | UP | 5/5 | 138ms | worst=298ms | samples=298,84,114,99,95
2026-10-01 05:00:02 | video-media | UP | 5/5 | 82ms | samples=88,76,101,67,78
----------------------------------------------------------------------------------------------------
2026-10-01 05:05:00 | frontend | UP | 200 | 29ms
2026-10-01 05:05:01 | appwrite | UP | 200 | 458ms
2026-10-01 05:05:01 | r2-media | UP | 5/5 | 122ms | worst=240ms | samples=98,137,240,67,71
2026-10-01 05:05:02 | video-media | UP | 5/5 | 95ms | samples=139,114,82,79,65
----------------------------------------------------------------------------------------------------
2026-10-01 05:10:01 | frontend | UP | 200 | 296ms
2026-10-01 05:10:01 | appwrite | UP | 200 | 269ms
2026-10-01 05:10:02 | r2-media | UP | 5/5 | 98ms | worst=194ms | samples=194,88,74,66,70
2026-10-01 05:10:12 | video-media | UP | 5/5 | 167ms | samples=513,87,74,78,85
----------------------------------------------------------------------------------------------------
2026-10-01 05:15:01 | frontend | UP | 200 | 25ms
2026-10-01 05:15:01 | appwrite | UP | 200 | 267ms
2026-10-01 05:15:01 | r2-media | UP | 5/5 | 85ms | worst=124ms | samples=83,78,63,124,81
2026-10-01 05:15:02 | video-media | UP | 5/5 | 91ms | samples=98,108,81,77,95
----------------------------------------------------------------------------------------------------
2026-10-01 05:20:00 | frontend | UP | 200 | 39ms
2026-10-01 05:20:00 | appwrite | UP | 200 | 219ms
2026-10-01 05:20:01 | r2-media | UP | 5/5 | 98ms | worst=226ms | samples=56,73,76,60,226
2026-10-01 05:20:01 | video-media | UP | 5/5 | 104ms | samples=168,98,85,84,88
----------------------------------------------------------------------------------------------------
2026-10-01 05:25:00 | frontend | UP | 200 | 348ms
2026-10-01 05:25:00 | appwrite | UP | 200 | 192ms
2026-10-01 05:25:01 | r2-media | UP | 5/5 | 149ms | worst=474ms | samples=474,80,70,63,58
2026-10-01 05:25:02 | video-media | UP | 5/5 | 91ms | samples=92,106,100,77,84
----------------------------------------------------------------------------------------------------
2026-10-01 05:30:00 | frontend | UP | 200 | 29ms
2026-10-01 05:30:00 | appwrite | UP | 200 | 315ms
2026-10-01 05:30:01 | r2-media | UP | 5/5 | 135ms | worst=235ms | samples=79,235,211,67,83
2026-10-01 05:30:02 | video-media | UP | 5/5 | 94ms | samples=110,105,86,93,76
----------------------------------------------------------------------------------------------------
2026-10-01 05:35:01 | frontend | UP | 200 | 299ms
2026-10-01 05:35:01 | appwrite | UP | 200 | 121ms
2026-10-01 05:35:01 | r2-media | UP | 5/5 | 82ms | worst=150ms | samples=150,79,60,66,57
2026-10-01 05:35:02 | video-media | UP | 5/5 | 103ms | samples=172,91,75,80,100
----------------------------------------------------------------------------------------------------
2026-10-01 05:40:00 | frontend | UP | 200 | 27ms
2026-10-01 05:40:00 | appwrite | UP | 200 | 186ms
2026-10-01 05:40:01 | r2-media | UP | 5/5 | 77ms | worst=113ms | samples=87,53,113,80,54
2026-10-01 05:40:02 | video-media | UP | 5/5 | 161ms | samples=77,71,95,118,444
----------------------------------------------------------------------------------------------------
2026-10-01 05:45:00 | frontend | UP | 200 | 25ms
2026-10-01 05:45:00 | appwrite | UP | 200 | 272ms
2026-10-01 05:45:01 | r2-media | UP | 5/5 | 90ms | worst=177ms | samples=177,68,76,63,70
2026-10-01 05:45:02 | video-media | UP | 5/5 | 105ms | samples=167,82,99,112,69
----------------------------------------------------------------------------------------------------
2026-10-01 05:50:00 | frontend | UP | 200 | 264ms
2026-10-01 05:50:01 | appwrite | UP | 200 | 324ms
2026-10-01 05:50:01 | r2-media | UP | 5/5 | 99ms | worst=213ms | samples=213,67,68,97,53
2026-10-01 05:50:02 | video-media | UP | 5/5 | 99ms | samples=159,104,81,75,79
----------------------------------------------------------------------------------------------------
2026-10-01 05:55:01 | frontend | UP | 200 | 33ms
2026-10-01 05:55:01 | appwrite | UP | 200 | 222ms
2026-10-01 05:55:01 | r2-media | UP | 5/5 | 76ms | worst=126ms | samples=126,63,67,65,61
2026-10-01 05:55:02 | video-media | UP | 5/5 | 83ms | samples=87,81,88,90,73
----------------------------------------------------------------------------------------------------
====================================================================================================
2026-10-01 06:00:01 | frontend | UP | 200 | 388ms
2026-10-01 06:00:01 | appwrite | UP | 200 | 248ms
2026-10-01 06:00:02 | r2-media | UP | 5/5 | 107ms | worst=157ms | samples=122,157,104,76,78
2026-10-01 06:00:02 | video-media | UP | 5/5 | 91ms | samples=103,80,87,85,103
----------------------------------------------------------------------------------------------------
2026-10-01 06:05:00 | frontend | UP | 200 | 26ms
2026-10-01 06:05:01 | appwrite | UP | 200 | 470ms
2026-10-01 06:05:02 | r2-media | UP | 5/5 | 115ms | worst=184ms | samples=70,78,184,179,65
2026-10-01 06:05:02 | video-media | UP | 5/5 | 93ms | samples=85,81,135,90,74
----------------------------------------------------------------------------------------------------
2026-10-01 06:10:01 | frontend | UP | 200 | 266ms
2026-10-01 06:10:01 | appwrite | UP | 200 | 150ms
2026-10-01 06:10:01 | r2-media | UP | 5/5 | 97ms | worst=162ms | samples=69,73,100,162,85
2026-10-01 06:10:02 | video-media | UP | 5/5 | 87ms | samples=101,73,79,107,79
----------------------------------------------------------------------------------------------------
2026-10-01 06:15:00 | frontend | UP | 200 | 40ms
2026-10-01 06:15:00 | appwrite | UP | 200 | 197ms
2026-10-01 06:15:01 | r2-media | UP | 5/5 | 69ms | worst=72ms | samples=69,69,67,72,71
2026-10-01 06:15:15 | video-media | UP | 5/5 | 109ms | samples=154,95,116,115,68
----------------------------------------------------------------------------------------------------
2026-10-01 06:20:00 | frontend | UP | 200 | 28ms
2026-10-01 06:20:01 | appwrite | UP | 200 | 401ms
2026-10-01 06:20:01 | r2-media | UP | 5/5 | 100ms | worst=214ms | samples=214,73,70,81,64
2026-10-01 06:20:02 | video-media | UP | 5/5 | 96ms | samples=115,75,100,81,112
----------------------------------------------------------------------------------------------------
2026-10-01 06:25:00 | frontend | UP | 200 | 270ms
2026-10-01 06:25:00 | appwrite | UP | 200 | 122ms
2026-10-01 06:25:01 | r2-media | UP | 5/5 | 78ms | worst=92ms | samples=75,82,66,76,92
2026-10-01 06:25:01 | video-media | UP | 5/5 | 93ms | samples=119,92,87,93,77
----------------------------------------------------------------------------------------------------
2026-10-01 06:30:00 | frontend | UP | 200 | 25ms
2026-10-01 06:30:00 | appwrite | UP | 200 | 271ms
2026-10-01 06:30:01 | r2-media | UP | 5/5 | 96ms | worst=212ms | samples=212,77,59,64,71
2026-10-01 06:30:02 | video-media | UP | 5/5 | 92ms | samples=100,96,80,88,98
----------------------------------------------------------------------------------------------------
2026-10-01 06:35:00 | frontend | UP | 200 | 269ms
2026-10-01 06:35:01 | appwrite | UP | 200 | 316ms
2026-10-01 06:35:01 | r2-media | UP | 5/5 | 112ms | worst=144ms | samples=144,139,115,94,71
2026-10-01 06:35:05 | video-media | UP | 5/5 | 717ms | samples=93,3235,80,77,104
----------------------------------------------------------------------------------------------------
2026-10-01 06:40:00 | frontend | UP | 200 | 27ms
2026-10-01 06:40:00 | appwrite | UP | 200 | 196ms
2026-10-01 06:40:01 | r2-media | UP | 5/5 | 117ms | worst=237ms | samples=87,80,69,237,115
2026-10-01 06:40:02 | video-media | UP | 5/5 | 167ms | samples=94,103,484,77,78
----------------------------------------------------------------------------------------------------
2026-10-01 06:45:01 | frontend | UP | 200 | 264ms
2026-10-01 06:45:01 | appwrite | UP | 200 | 203ms
2026-10-01 06:45:02 | r2-media | UP | 5/5 | 144ms | worst=272ms | samples=178,130,272,65,78
2026-10-01 06:45:02 | video-media | UP | 5/5 | 90ms | samples=88,90,102,87,87
----------------------------------------------------------------------------------------------------
2026-10-01 06:50:00 | frontend | UP | 200 | 34ms
2026-10-01 06:50:00 | appwrite | UP | 200 | 212ms
2026-10-01 06:50:01 | r2-media | UP | 5/5 | 79ms | worst=92ms | samples=69,71,87,92,79
2026-10-01 06:50:01 | video-media | UP | 5/5 | 82ms | samples=103,69,68,90,81
----------------------------------------------------------------------------------------------------
2026-10-01 06:55:00 | frontend | UP | 200 | 29ms
2026-10-01 06:55:00 | appwrite | UP | 200 | 124ms
2026-10-01 06:55:00 | r2-media | UP | 5/5 | 99ms | worst=174ms | samples=174,107,58,63,95
2026-10-01 06:55:05 | video-media | UP | 5/5 | 850ms | samples=3267,121,714,66,84
----------------------------------------------------------------------------------------------------
====================================================================================================
2026-10-01 07:00:00 | frontend | UP | 200 | 288ms
2026-10-01 07:00:01 | appwrite | UP | 200 | 400ms
2026-10-01 07:00:02 | r2-media | UP | 5/5 | 132ms | worst=242ms | samples=242,72,144,126,79
2026-10-01 07:00:06 | video-media | UP | 5/5 | 742ms | samples=264,99,88,3170,91
----------------------------------------------------------------------------------------------------
2026-10-01 07:05:01 | frontend | UP | 200 | 150ms
2026-10-01 07:05:01 | appwrite | UP | 200 | 402ms
2026-10-01 07:05:02 | r2-media | UP | 5/5 | 103ms | worst=209ms | samples=209,96,68,81,63
2026-10-01 07:05:02 | video-media | UP | 5/5 | 89ms | samples=116,80,97,69,84
----------------------------------------------------------------------------------------------------
2026-10-01 07:10:00 | frontend | UP | 200 | 41ms
2026-10-01 07:10:00 | appwrite | UP | 200 | 329ms
2026-10-01 07:10:01 | r2-media | UP | 5/5 | 77ms | worst=87ms | samples=87,71,76,80,75
2026-10-01 07:10:02 | video-media | UP | 5/5 | 106ms | samples=138,92,111,108,81
----------------------------------------------------------------------------------------------------
2026-10-01 07:15:00 | frontend | UP | 200 | 277ms
2026-10-01 07:15:01 | appwrite | UP | 200 | 349ms
2026-10-01 07:15:01 | r2-media | UP | 5/5 | 102ms | worst=219ms | samples=219,62,92,72,65
2026-10-01 07:15:02 | video-media | UP | 5/5 | 109ms | samples=102,139,94,91,119
----------------------------------------------------------------------------------------------------
2026-10-01 07:20:00 | frontend | UP | 200 | 28ms
2026-10-01 07:20:01 | appwrite | UP | 200 | 331ms
2026-10-01 07:20:02 | r2-media | UP | 5/5 | 125ms | worst=227ms | samples=84,82,227,146,86
2026-10-01 07:20:13 | video-media | UP | 5/5 | 80ms | samples=98,73,68,85,80
----------------------------------------------------------------------------------------------------
2026-10-01 07:25:00 | frontend | UP | 200 | 34ms
2026-10-01 07:25:00 | appwrite | UP | 200 | 191ms
2026-10-01 07:25:01 | r2-media | UP | 5/5 | 73ms | worst=88ms | samples=62,75,64,88,77
2026-10-01 07:25:02 | video-media | UP | 5/5 | 86ms | samples=99,92,81,77,84
----------------------------------------------------------------------------------------------------
2026-10-01 07:30:00 | frontend | UP | 200 | 273ms
2026-10-01 07:30:00 | appwrite | UP | 200 | 43ms
2026-10-01 07:30:01 | r2-media | UP | 5/5 | 117ms | worst=192ms | samples=159,87,83,65,192
2026-10-01 07:30:02 | video-media | UP | 5/5 | 118ms | samples=140,141,105,107,100
----------------------------------------------------------------------------------------------------
2026-10-01 07:35:00 | frontend | UP | 200 | 28ms
2026-10-01 07:35:00 | appwrite | UP | 200 | 259ms
2026-10-01 07:35:01 | r2-media | UP | 5/5 | 117ms | worst=267ms | samples=267,67,97,72,85
2026-10-01 07:35:02 | video-media | UP | 5/5 | 185ms | samples=118,114,153,457,86
----------------------------------------------------------------------------------------------------
2026-10-01 07:40:01 | frontend | UP | 200 | 271ms
2026-10-01 07:40:01 | appwrite | UP | 200 | 279ms
2026-10-01 07:40:02 | r2-media | UP | 5/5 | 115ms | worst=201ms | samples=201,103,120,85,70
2026-10-01 07:40:03 | video-media | UP | 5/5 | 165ms | samples=98,87,94,71,477
----------------------------------------------------------------------------------------------------
2026-10-01 07:45:00 | frontend | UP | 200 | 25ms
2026-10-01 07:45:00 | appwrite | UP | 200 | 187ms
2026-10-01 07:45:01 | r2-media | UP | 5/5 | 90ms | worst=124ms | samples=77,124,83,97,69
2026-10-01 07:45:02 | video-media | UP | 5/5 | 107ms | samples=118,97,131,89,101
----------------------------------------------------------------------------------------------------
2026-10-01 07:50:00 | frontend | UP | 200 | 31ms
2026-10-01 07:50:00 | appwrite | UP | 200 | 319ms
2026-10-01 07:50:01 | r2-media | UP | 5/5 | 110ms | worst=233ms | samples=233,77,116,59,69
2026-10-01 07:50:01 | video-media | UP | 5/5 | 108ms | samples=91,99,111,118,124
----------------------------------------------------------------------------------------------------
2026-10-01 07:55:01 | frontend | UP | 200 | 273ms
2026-10-01 07:55:01 | appwrite | UP | 200 | 301ms
2026-10-01 07:55:02 | r2-media | UP | 5/5 | 124ms | worst=256ms | samples=256,98,102,83,81
2026-10-01 07:55:03 | video-media | UP | 5/5 | 205ms | samples=236,107,127,446,110
----------------------------------------------------------------------------------------------------
====================================================================================================
2026-10-01 08:00:01 | frontend | UP | 200 | 27ms
2026-10-01 08:00:01 | appwrite | UP | 200 | 219ms
2026-10-01 08:00:02 | r2-media | UP | 5/5 | 125ms | worst=170ms | samples=144,103,127,170,82
2026-10-01 08:00:03 | video-media | UP | 5/5 | 140ms | samples=181,98,115,130,180
----------------------------------------------------------------------------------------------------
2026-10-01 08:05:00 | frontend | UP | 200 | 42ms
2026-10-01 08:05:00 | appwrite | UP | 200 | 153ms
2026-10-01 08:05:01 | r2-media | UP | 5/5 | 88ms | worst=94ms | samples=90,83,90,87,94
2026-10-01 08:05:02 | video-media | UP | 5/5 | 119ms | samples=166,141,95,103,91
----------------------------------------------------------------------------------------------------
2026-10-01 08:10:00 | frontend | UP | 200 | 269ms
2026-10-01 08:10:00 | appwrite | UP | 200 | 124ms
2026-10-01 08:10:01 | r2-media | UP | 5/5 | 107ms | worst=172ms | samples=172,75,84,75,131
2026-10-01 08:10:02 | video-media | UP | 5/5 | 153ms | samples=104,139,300,95,130
----------------------------------------------------------------------------------------------------
2026-10-01 08:15:00 | frontend | UP | 200 | 54ms
2026-10-01 08:15:00 | appwrite | UP | 200 | 350ms
2026-10-01 08:15:01 | r2-media | UP | 5/5 | 104ms | worst=218ms | samples=75,218,65,85,79
2026-10-01 08:15:02 | video-media | UP | 5/5 | 120ms | samples=178,95,112,102,115
----------------------------------------------------------------------------------------------------
2026-10-01 08:20:00 | frontend | UP | 200 | 286ms
2026-10-01 08:20:01 | appwrite | UP | 200 | 409ms
2026-10-01 08:20:01 | r2-media | UP | 5/5 | 99ms | worst=197ms | samples=197,86,74,84,57
2026-10-01 08:20:02 | video-media | UP | 5/5 | 137ms | samples=233,121,100,118,114
----------------------------------------------------------------------------------------------------
2026-10-01 08:25:00 | frontend | UP | 200 | 25ms
2026-10-01 08:25:00 | appwrite | UP | 200 | 192ms
2026-10-01 08:25:01 | r2-media | UP | 5/5 | 81ms | worst=97ms | samples=72,85,97,78,75
2026-10-01 08:25:21 | video-media | UP | 5/5 | 159ms | samples=260,137,192,116,90
----------------------------------------------------------------------------------------------------
2026-10-01 08:30:01 | frontend | UP | 200 | 324ms
2026-10-01 08:30:01 | appwrite | UP | 200 | 332ms
2026-10-01 08:30:02 | r2-media | UP | 5/5 | 187ms | worst=498ms | samples=171,102,98,498,69
2026-10-01 08:30:03 | video-media | UP | 5/5 | 152ms | samples=132,114,169,138,211
----------------------------------------------------------------------------------------------------
2026-10-01 08:35:00 | frontend | UP | 200 | 27ms
2026-10-01 08:35:00 | appwrite | UP | 200 | 124ms
2026-10-01 08:35:00 | r2-media | UP | 5/5 | 81ms | worst=98ms | samples=77,98,91,61,80
2026-10-01 08:35:01 | video-media | UP | 5/5 | 139ms | samples=205,142,114,125,109
----------------------------------------------------------------------------------------------------
2026-10-01 08:40:00 | frontend | UP | 200 | 32ms
2026-10-01 08:40:00 | appwrite | UP | 200 | 235ms
2026-10-01 08:40:01 | r2-media | UP | 5/5 | 102ms | worst=170ms | samples=170,84,82,99,78
2026-10-01 08:40:02 | video-media | UP | 5/5 | 142ms | samples=244,129,140,98,103
----------------------------------------------------------------------------------------------------
2026-10-01 08:45:01 | frontend | UP | 200 | 281ms
2026-10-01 08:45:01 | appwrite | UP | 200 | 371ms
2026-10-01 08:45:02 | r2-media | UP | 5/5 | 117ms | worst=241ms | samples=241,86,92,98,72
2026-10-01 08:45:03 | video-media | UP | 5/5 | 131ms | samples=190,105,96,92,172
----------------------------------------------------------------------------------------------------
2026-10-01 08:50:00 | frontend | UP | 200 | 30ms
2026-10-01 08:50:00 | appwrite | UP | 200 | 339ms
2026-10-01 08:50:01 | r2-media | UP | 5/5 | 91ms | worst=108ms | samples=108,73,98,94,83
2026-10-01 08:50:01 | video-media | UP | 5/5 | 116ms | samples=107,137,109,97,131
----------------------------------------------------------------------------------------------------
2026-10-01 08:55:00 | frontend | UP | 200 | 27ms
2026-10-01 08:55:00 | appwrite | UP | 200 | 262ms
2026-10-01 08:55:01 | r2-media | UP | 5/5 | 108ms | worst=158ms | samples=158,92,84,94,112
2026-10-01 08:55:02 | video-media | UP | 5/5 | 151ms | samples=207,105,139,136,168
----------------------------------------------------------------------------------------------------
====================================================================================================
2026-10-01 09:00:01 | frontend | UP | 200 | 268ms
2026-10-01 09:00:01 | appwrite | UP | 200 | 394ms
2026-10-01 09:00:02 | r2-media | UP | 5/5 | 132ms | worst=247ms | samples=247,118,97,91,110
2026-10-01 09:00:06 | video-media | UP | 5/5 | 757ms | samples=148,3265,129,127,117
----------------------------------------------------------------------------------------------------
2026-10-01 09:05:00 | frontend | UP | 200 | 28ms
2026-10-01 09:05:01 | appwrite | UP | 200 | 410ms
2026-10-01 09:05:02 | r2-media | UP | 5/5 | 130ms | worst=230ms | samples=95,111,70,147,230
2026-10-01 09:05:02 | video-media | UP | 5/5 | 143ms | samples=125,119,129,121,223
----------------------------------------------------------------------------------------------------
2026-10-01 09:10:00 | frontend | UP | 200 | 32ms
2026-10-01 09:10:00 | appwrite | UP | 200 | 140ms
2026-10-01 09:10:01 | r2-media | UP | 5/5 | 147ms | worst=288ms | samples=288,111,98,146,92
2026-10-01 09:10:02 | video-media | UP | 5/5 | 145ms | samples=149,139,210,137,93
----------------------------------------------------------------------------------------------------
2026-10-01 09:15:00 | frontend | UP | 200 | 277ms
2026-10-01 09:15:01 | appwrite | UP | 200 | 457ms
2026-10-01 09:15:02 | r2-media | UP | 5/5 | 138ms | worst=222ms | samples=222,123,111,110,125
2026-10-01 09:15:03 | video-media | UP | 5/5 | 154ms | samples=232,120,124,165,129
----------------------------------------------------------------------------------------------------
2026-10-01 09:20:00 | frontend | UP | 200 | 28ms
2026-10-01 09:20:00 | appwrite | UP | 200 | 216ms
2026-10-01 09:20:01 | r2-media | UP | 5/5 | 106ms | worst=173ms | samples=98,173,95,79,87
2026-10-01 09:20:02 | video-media | UP | 5/5 | 210ms | samples=349,142,134,122,304
----------------------------------------------------------------------------------------------------
2026-10-01 09:25:00 | frontend | UP | 200 | 36ms
2026-10-01 09:25:00 | appwrite | UP | 200 | 245ms
2026-10-01 09:25:01 | r2-media | UP | 5/5 | 155ms | worst=346ms | samples=346,78,163,100,92
2026-10-01 09:25:02 | video-media | UP | 5/5 | 147ms | samples=241,137,121,109,131
----------------------------------------------------------------------------------------------------
2026-10-01 09:30:00 | frontend | UP | 200 | 285ms
2026-10-01 09:30:00 | appwrite | UP | 200 | 216ms
2026-10-01 09:30:01 | r2-media | UP | 5/5 | 106ms | worst=122ms | samples=86,121,122,92,112
2026-10-01 09:30:17 | video-media | UP | 5/5 | 219ms | samples=210,104,469,111,205
----------------------------------------------------------------------------------------------------
2026-10-01 09:35:01 | frontend | UP | 200 | 80ms
2026-10-01 09:35:01 | appwrite | UP | 200 | 208ms
2026-10-01 09:35:02 | r2-media | UP | 5/5 | 128ms | worst=229ms | samples=229,99,84,113,115
2026-10-01 09:35:02 | video-media | UP | 5/5 | 121ms | samples=112,150,101,112,132
----------------------------------------------------------------------------------------------------
2026-10-01 09:40:01 | frontend | UP | 200 | 280ms
2026-10-01 09:40:01 | appwrite | UP | 200 | 247ms
2026-10-01 09:40:02 | r2-media | UP | 5/5 | 149ms | worst=297ms | samples=297,124,120,110,96
2026-10-01 09:40:03 | video-media | UP | 5/5 | 174ms | samples=232,154,105,115,264
----------------------------------------------------------------------------------------------------
2026-10-01 09:45:01 | frontend | UP | 200 | 39ms
2026-10-01 09:45:01 | appwrite | UP | 200 | 234ms
2026-10-01 09:45:02 | r2-media | UP | 5/5 | 169ms | worst=296ms | samples=98,85,296,268,101
2026-10-01 09:45:03 | video-media | UP | 5/5 | 138ms | samples=116,127,114,133,201
----------------------------------------------------------------------------------------------------
2026-10-01 09:50:00 | frontend | UP | 200 | 29ms
2026-10-01 09:50:01 | appwrite | UP | 200 | 455ms
2026-10-01 09:50:01 | r2-media | UP | 5/5 | 113ms | worst=126ms | samples=112,113,101,126,113
2026-10-01 09:50:03 | video-media | UP | 5/5 | 239ms | samples=116,160,462,319,140
----------------------------------------------------------------------------------------------------
2026-10-01 09:55:01 | frontend | UP | 200 | 277ms
2026-10-01 09:55:01 | appwrite | UP | 200 | 351ms
2026-10-01 09:55:02 | r2-media | UP | 5/5 | 224ms | worst=333ms | samples=277,333,98,105,309
2026-10-01 09:55:04 | video-media | UP | 5/5 | 209ms | samples=155,493,137,121,140
----------------------------------------------------------------------------------------------------
====================================================================================================
2026-10-01 10:00:00 | frontend | UP | 200 | 40ms
2026-10-01 10:00:00 | appwrite | UP | 200 | 261ms
2026-10-01 10:00:01 | r2-media | UP | 5/5 | 125ms | worst=167ms | samples=110,167,122,102,128
2026-10-01 10:00:03 | video-media | UP | 5/5 | 277ms | samples=265,293,268,232,329
----------------------------------------------------------------------------------------------------
2026-10-01 10:05:00 | frontend | UP | 200 | 28ms
2026-10-01 10:05:00 | appwrite | UP | 200 | 435ms
2026-10-01 10:05:01 | r2-media | UP | 5/5 | 132ms | worst=172ms | samples=95,133,172,95,165
2026-10-01 10:05:03 | video-media | UP | 5/5 | 296ms | samples=345,243,349,260,285
----------------------------------------------------------------------------------------------------
2026-10-01 10:10:01 | frontend | UP | 200 | 297ms
2026-10-01 10:10:01 | appwrite | UP | 200 | 281ms
2026-10-01 10:10:02 | r2-media | UP | 5/5 | 145ms | worst=230ms | samples=230,98,121,126,153
2026-10-01 10:10:03 | video-media | UP | 5/5 | 239ms | samples=342,257,234,183,181
----------------------------------------------------------------------------------------------------
2026-10-01 10:15:00 | frontend | UP | 200 | 28ms
2026-10-01 10:15:00 | appwrite | UP | 200 | 210ms
2026-10-01 10:15:01 | r2-media | UP | 5/5 | 106ms | worst=127ms | samples=110,78,127,97,122
2026-10-01 10:15:02 | video-media | UP | 5/5 | 311ms | samples=248,610,304,192,203
----------------------------------------------------------------------------------------------------
2026-10-01 10:20:00 | frontend | UP | 200 | 36ms
2026-10-01 10:20:00 | appwrite | UP | 200 | 263ms
2026-10-01 10:20:01 | r2-media | UP | 5/5 | 129ms | worst=204ms | samples=204,147,102,88,108
2026-10-01 10:20:03 | video-media | UP | 5/5 | 249ms | samples=293,195,256,300,203
----------------------------------------------------------------------------------------------------
2026-10-01 10:25:00 | frontend | UP | 200 | 285ms
2026-10-01 10:25:00 | appwrite | UP | 200 | 353ms
2026-10-01 10:25:01 | r2-media | UP | 5/5 | 169ms | worst=276ms | samples=132,89,276,265,86
2026-10-01 10:25:02 | video-media | UP | 5/5 | 162ms | samples=122,239,218,124,111
----------------------------------------------------------------------------------------------------
2026-10-01 10:30:00 | frontend | UP | 200 | 25ms
2026-10-01 10:30:00 | appwrite | UP | 200 | 131ms
2026-10-01 10:30:01 | r2-media | UP | 5/5 | 156ms | worst=278ms | samples=92,95,278,230,88
2026-10-01 10:30:03 | video-media | UP | 5/5 | 183ms | samples=233,248,169,133,132
----------------------------------------------------------------------------------------------------
2026-10-01 10:35:00 | frontend | UP | 200 | 280ms
2026-10-01 10:35:01 | appwrite | UP | 200 | 278ms
2026-10-01 10:35:02 | r2-media | UP | 5/5 | 144ms | worst=246ms | samples=95,246,164,110,109
2026-10-01 10:35:14 | video-media | UP | 5/5 | 144ms | samples=189,107,199,104,122
----------------------------------------------------------------------------------------------------
2026-10-01 10:40:01 | frontend | UP | 200 | 110ms
2026-10-01 10:40:01 | appwrite | UP | 200 | 167ms
2026-10-01 10:40:02 | r2-media | UP | 5/5 | 128ms | worst=205ms | samples=74,92,190,205,83
2026-10-01 10:40:03 | video-media | UP | 5/5 | 148ms | samples=91,121,197,238,95
----------------------------------------------------------------------------------------------------
2026-10-01 10:45:00 | frontend | UP | 200 | 27ms
2026-10-01 10:45:00 | appwrite | UP | 200 | 196ms
2026-10-01 10:45:01 | r2-media | UP | 5/5 | 106ms | worst=121ms | samples=93,121,106,107,104
2026-10-01 10:45:01 | video-media | UP | 5/5 | 131ms | samples=223,100,128,119,87
----------------------------------------------------------------------------------------------------
2026-10-01 10:50:00 | frontend | UP | 200 | 277ms
2026-10-01 10:50:00 | appwrite | UP | 200 | 388ms
2026-10-01 10:50:01 | r2-media | UP | 5/5 | 120ms | worst=189ms | samples=189,95,114,100,103
2026-10-01 10:50:02 | video-media | UP | 5/5 | 121ms | samples=155,128,106,124,96
----------------------------------------------------------------------------------------------------
2026-10-01 10:55:00 | frontend | UP | 200 | 28ms
2026-10-01 10:55:00 | appwrite | UP | 200 | 235ms
2026-10-01 10:55:01 | r2-media | UP | 5/5 | 100ms | worst=142ms | samples=106,73,87,142,92
2026-10-01 10:55:02 | video-media | UP | 5/5 | 204ms | samples=225,154,112,348,184
----------------------------------------------------------------------------------------------------
====================================================================================================
2026-10-01 11:00:00 | frontend | UP | 200 | 33ms
2026-10-01 11:00:00 | appwrite | UP | 200 | 219ms
2026-10-01 11:00:01 | r2-media | UP | 5/5 | 120ms | worst=220ms | samples=220,98,104,72,108
2026-10-01 11:00:02 | video-media | UP | 5/5 | 142ms | samples=134,180,99,140,159
----------------------------------------------------------------------------------------------------
2026-10-01 11:05:00 | frontend | UP | 200 | 268ms
2026-10-01 11:05:00 | appwrite | UP | 200 | 279ms
2026-10-01 11:05:01 | r2-media | UP | 5/5 | 119ms | worst=237ms | samples=237,88,98,93,80
2026-10-01 11:05:02 | video-media | UP | 5/5 | 180ms | samples=169,203,152,202,174
----------------------------------------------------------------------------------------------------
2026-10-01 11:10:00 | frontend | UP | 200 | 80ms
2026-10-01 11:10:00 | appwrite | UP | 200 | 201ms
2026-10-01 11:10:02 | r2-media | UP | 5/5 | 204ms | worst=335ms | samples=335,190,100,265,133
2026-10-01 11:10:03 | video-media | UP | 5/5 | 144ms | samples=128,121,257,112,106
----------------------------------------------------------------------------------------------------
2026-10-01 11:15:00 | frontend | UP | 200 | 264ms
2026-10-01 11:15:01 | appwrite | UP | 200 | 191ms
2026-10-01 11:15:04 | r2-media | UNSTABLE | 5/5 | 596ms | worst=2614ms | samples=93,2614,97,88,91
2026-10-01 11:15:05 | video-media | UP | 5/5 | 146ms | samples=263,124,109,100,138
----------------------------------------------------------------------------------------------------
2026-10-01 11:20:00 | frontend | UP | 200 | 29ms
2026-10-01 11:20:00 | appwrite | UP | 200 | 221ms
2026-10-01 11:20:01 | r2-media | UP | 5/5 | 105ms | worst=125ms | samples=106,125,116,83,97
2026-10-01 11:20:02 | video-media | UP | 5/5 | 264ms | samples=219,314,243,221,323
----------------------------------------------------------------------------------------------------
2026-10-01 11:25:00 | frontend | UP | 200 | 28ms
2026-10-01 11:25:00 | appwrite | UP | 200 | 307ms
2026-10-01 11:25:01 | r2-media | UP | 5/5 | 114ms | worst=173ms | samples=173,81,80,143,95
2026-10-01 11:25:03 | video-media | UP | 5/5 | 277ms | samples=376,176,242,291,300
----------------------------------------------------------------------------------------------------
2026-10-01 11:30:00 | frontend | UP | 200 | 264ms
2026-10-01 11:30:01 | appwrite | UP | 200 | 272ms
2026-10-01 11:30:01 | r2-media | UP | 5/5 | 118ms | worst=173ms | samples=173,96,104,113,106
2026-10-01 11:30:03 | video-media | UP | 5/5 | 231ms | samples=371,187,232,184,181
----------------------------------------------------------------------------------------------------
2026-10-01 11:35:00 | frontend | UP | 200 | 28ms
2026-10-01 11:35:00 | appwrite | UP | 200 | 212ms
2026-10-01 11:35:01 | r2-media | UP | 5/5 | 107ms | worst=161ms | samples=95,96,95,91,161
2026-10-01 11:35:02 | video-media | UP | 5/5 | 198ms | samples=221,197,238,134,204
----------------------------------------------------------------------------------------------------
2026-10-01 11:40:00 | frontend | UP | 200 | 25ms
2026-10-01 11:40:00 | appwrite | UP | 200 | 278ms
2026-10-01 11:40:01 | r2-media | UP | 5/5 | 136ms | worst=261ms | samples=261,118,105,99,100
2026-10-01 11:40:42 | video-media | UP | 5/5 | 205ms | samples=343,207,164,141,174
----------------------------------------------------------------------------------------------------
2026-10-01 11:45:01 | frontend | UP | 200 | 338ms
2026-10-01 11:45:01 | appwrite | UP | 200 | 295ms
2026-10-01 11:45:02 | r2-media | UP | 5/5 | 114ms | worst=147ms | samples=147,95,98,107,127
2026-10-01 11:45:03 | video-media | UP | 5/5 | 266ms | samples=317,296,198,313,207
----------------------------------------------------------------------------------------------------
2026-10-01 11:50:00 | frontend | UP | 200 | 27ms
2026-10-01 11:50:00 | appwrite | UP | 200 | 260ms
2026-10-01 11:50:01 | r2-media | UP | 5/5 | 135ms | worst=259ms | samples=102,108,95,111,259
2026-10-01 11:50:03 | video-media | UP | 5/5 | 285ms | samples=550,295,210,151,219
----------------------------------------------------------------------------------------------------
2026-10-01 11:55:00 | frontend | UP | 200 | 28ms
2026-10-01 11:55:02 | appwrite | UP | 200 | 1949ms
2026-10-01 11:55:03 | r2-media | UP | 5/5 | 134ms | worst=301ms | samples=301,81,81,116,92
2026-10-01 11:55:04 | video-media | UP | 5/5 | 242ms | samples=287,278,263,199,184
----------------------------------------------------------------------------------------------------
====================================================================================================
2026-10-01 12:00:01 | frontend | UP | 200 | 281ms
2026-10-01 12:00:03 | appwrite | UP | 200 | 1963ms
2026-10-01 12:00:04 | r2-media | UP | 5/5 | 136ms | worst=180ms | samples=180,174,139,115,76
2026-10-01 12:00:05 | video-media | UP | 5/5 | 235ms | samples=331,183,245,223,193
----------------------------------------------------------------------------------------------------
2026-10-01 12:05:01 | frontend | UP | 200 | 28ms
2026-10-01 12:05:01 | appwrite | UP | 200 | 138ms
2026-10-01 12:05:01 | r2-media | UP | 5/5 | 101ms | worst=126ms | samples=109,126,91,81,98
2026-10-01 12:05:06 | video-media | UP | 5/5 | 853ms | samples=279,220,248,169,3351
----------------------------------------------------------------------------------------------------
2026-10-01 12:10:00 | frontend | UP | 200 | 40ms
2026-10-01 12:10:00 | appwrite | UP | 200 | 210ms
2026-10-01 12:10:01 | r2-media | UP | 5/5 | 133ms | worst=244ms | samples=244,98,141,90,94
2026-10-01 12:10:02 | video-media | UP | 5/5 | 233ms | samples=248,252,239,250,178
----------------------------------------------------------------------------------------------------
2026-10-01 12:15:01 | frontend | UP | 200 | 353ms
2026-10-01 12:15:01 | appwrite | UP | 200 | 273ms
2026-10-01 12:15:02 | r2-media | UP | 5/5 | 147ms | worst=230ms | samples=230,105,92,189,121
2026-10-01 12:15:06 | video-media | UP | 5/5 | 868ms | samples=363,220,242,222,3295
----------------------------------------------------------------------------------------------------
2026-10-01 12:20:00 | frontend | UP | 200 | 27ms
2026-10-01 12:20:00 | appwrite | UP | 200 | 310ms
2026-10-01 12:20:01 | r2-media | UP | 5/5 | 103ms | worst=122ms | samples=94,122,120,72,111
2026-10-01 12:20:02 | video-media | UP | 5/5 | 246ms | samples=327,212,235,212,246
----------------------------------------------------------------------------------------------------
2026-10-01 12:25:00 | frontend | UP | 200 | 29ms
2026-10-01 12:25:00 | appwrite | UP | 200 | 186ms
2026-10-01 12:25:01 | r2-media | UP | 5/5 | 143ms | worst=217ms | samples=217,177,87,128,109
2026-10-01 12:25:02 | video-media | UP | 5/5 | 167ms | samples=153,158,147,167,210
----------------------------------------------------------------------------------------------------
2026-10-01 12:30:01 | frontend | UP | 200 | 280ms
2026-10-01 12:30:01 | appwrite | UP | 200 | 279ms
2026-10-01 12:30:02 | r2-media | UP | 5/5 | 168ms | worst=224ms | samples=224,178,137,121,180
2026-10-01 12:30:03 | video-media | UP | 5/5 | 139ms | samples=109,85,160,223,122
----------------------------------------------------------------------------------------------------
2026-10-01 12:35:00 | frontend | UP | 200 | 26ms
2026-10-01 12:35:00 | appwrite | UP | 200 | 360ms
2026-10-01 12:35:01 | r2-media | UP | 5/5 | 113ms | worst=140ms | samples=110,109,101,140,108
2026-10-01 12:35:02 | video-media | UP | 5/5 | 159ms | samples=209,184,153,109,141
----------------------------------------------------------------------------------------------------
2026-10-01 12:40:00 | frontend | UP | 200 | 27ms
2026-10-01 12:40:00 | appwrite | UP | 200 | 299ms
2026-10-01 12:40:01 | r2-media | UP | 5/5 | 144ms | worst=242ms | samples=242,115,124,126,116
2026-10-01 12:40:02 | video-media | UP | 5/5 | 175ms | samples=252,195,141,145,142
----------------------------------------------------------------------------------------------------
2026-10-01 12:45:00 | frontend | UP | 200 | 282ms
2026-10-01 12:45:00 | appwrite | UP | 200 | 250ms
2026-10-01 12:45:01 | r2-media | UP | 5/5 | 144ms | worst=289ms | samples=289,94,112,119,108
2026-10-01 12:45:19 | video-media | UP | 5/5 | 123ms | samples=176,124,124,113,81
----------------------------------------------------------------------------------------------------
2026-10-01 12:50:00 | frontend | UP | 200 | 45ms
2026-10-01 12:50:00 | appwrite | UP | 200 | 113ms
2026-10-01 12:50:01 | r2-media | UP | 5/5 | 99ms | worst=109ms | samples=96,109,100,97,95
2026-10-01 12:50:02 | video-media | UP | 5/5 | 164ms | samples=136,174,118,149,245
----------------------------------------------------------------------------------------------------
2026-10-01 12:55:00 | frontend | UP | 200 | 28ms
2026-10-01 12:55:00 | appwrite | UP | 200 | 205ms
2026-10-01 12:55:01 | r2-media | UP | 5/5 | 123ms | worst=256ms | samples=256,92,92,82,97
2026-10-01 12:55:02 | video-media | UP | 5/5 | 149ms | samples=152,184,172,119,120
----------------------------------------------------------------------------------------------------
====================================================================================================
2026-10-01 13:00:00 | frontend | UP | 200 | 277ms
2026-10-01 13:00:01 | appwrite | UP | 200 | 182ms
2026-10-01 13:00:01 | r2-media | UP | 5/5 | 125ms | worst=186ms | samples=186,106,88,117,131
2026-10-01 13:00:02 | video-media | UP | 5/5 | 168ms | samples=134,138,155,262,154
----------------------------------------------------------------------------------------------------
2026-10-01 13:05:00 | frontend | UP | 200 | 28ms
2026-10-01 13:05:01 | appwrite | UP | 200 | 531ms
2026-10-01 13:05:02 | r2-media | UP | 5/5 | 143ms | worst=332ms | samples=332,98,85,102,102
2026-10-01 13:05:03 | video-media | UP | 5/5 | 202ms | samples=260,182,118,315,135
----------------------------------------------------------------------------------------------------
2026-10-01 13:10:00 | frontend | UP | 200 | 44ms
2026-10-01 13:10:01 | appwrite | UP | 200 | 1318ms
2026-10-01 13:10:02 | r2-media | UP | 5/5 | 160ms | worst=333ms | samples=333,129,110,106,125
2026-10-01 13:10:04 | video-media | UP | 5/5 | 228ms | samples=172,171,247,135,417
----------------------------------------------------------------------------------------------------
2026-10-01 13:15:01 | frontend | UP | 200 | 274ms
2026-10-01 13:15:02 | appwrite | UP | 200 | 1397ms
2026-10-01 13:15:03 | r2-media | UP | 5/5 | 163ms | worst=328ms | samples=328,108,93,120,167
2026-10-01 13:15:04 | video-media | UP | 5/5 | 190ms | samples=289,232,208,139,85
----------------------------------------------------------------------------------------------------
2026-10-01 13:20:00 | frontend | UP | 200 | 121ms
2026-10-01 13:20:01 | appwrite | UP | 200 | 382ms
2026-10-01 13:20:02 | r2-media | UP | 5/5 | 137ms | worst=200ms | samples=135,102,146,200,105
2026-10-01 13:20:03 | video-media | UP | 5/5 | 235ms | samples=248,290,154,152,331
----------------------------------------------------------------------------------------------------
2026-10-01 13:25:00 | frontend | UP | 200 | 27ms
2026-10-01 13:25:01 | appwrite | UP | 200 | 269ms
2026-10-01 13:25:01 | r2-media | UP | 5/5 | 140ms | worst=272ms | samples=272,89,103,92,148
2026-10-01 13:25:03 | video-media | UP | 5/5 | 189ms | samples=171,158,175,179,264
----------------------------------------------------------------------------------------------------
2026-10-01 13:30:01 | frontend | UP | 200 | 289ms
2026-10-01 13:30:01 | appwrite | UP | 200 | 302ms
2026-10-01 13:30:02 | r2-media | UP | 5/5 | 137ms | worst=169ms | samples=169,165,105,106,141
2026-10-01 13:30:03 | video-media | UP | 5/5 | 277ms | samples=421,143,306,265,251
----------------------------------------------------------------------------------------------------
2026-10-01 13:35:00 | frontend | UP | 200 | 27ms
2026-10-01 13:35:01 | appwrite | UP | 200 | 135ms
2026-10-01 13:35:02 | r2-media | UP | 5/5 | 177ms | worst=312ms | samples=97,109,312,240,131
2026-10-01 13:35:04 | video-media | UP | 5/5 | 344ms | samples=346,275,227,118,756
----------------------------------------------------------------------------------------------------
2026-10-01 13:40:00 | frontend | UP | 200 | 27ms
2026-10-01 13:40:00 | appwrite | UP | 200 | 306ms
2026-10-01 13:40:01 | r2-media | UP | 5/5 | 105ms | worst=131ms | samples=86,94,131,96,118
2026-10-01 13:40:02 | video-media | UP | 5/5 | 165ms | samples=156,158,164,244,104
----------------------------------------------------------------------------------------------------
2026-10-01 13:45:00 | frontend | UP | 200 | 266ms
2026-10-01 13:45:01 | appwrite | UP | 200 | 271ms
2026-10-01 13:45:01 | r2-media | UP | 5/5 | 142ms | worst=276ms | samples=276,94,130,115,98
2026-10-01 13:45:03 | video-media | UP | 5/5 | 175ms | samples=233,277,126,95,146
----------------------------------------------------------------------------------------------------
2026-10-01 13:50:01 | frontend | UP | 200 | 81ms
2026-10-01 13:50:01 | appwrite | UP | 200 | 344ms
2026-10-01 13:50:02 | r2-media | UP | 5/5 | 180ms | worst=267ms | samples=247,173,106,107,267
2026-10-01 13:50:22 | video-media | UP | 5/5 | 182ms | samples=178,240,128,132,236
----------------------------------------------------------------------------------------------------
2026-10-01 13:55:00 | frontend | UP | 200 | 31ms
2026-10-01 13:55:01 | appwrite | UP | 200 | 264ms
2026-10-01 13:55:01 | r2-media | UP | 5/5 | 107ms | worst=143ms | samples=122,143,105,76,92
2026-10-01 13:55:02 | video-media | UP | 5/5 | 155ms | samples=128,120,267,139,125
----------------------------------------------------------------------------------------------------
====================================================================================================
2026-10-01 14:00:01 | frontend | UP | 200 | 290ms
2026-10-01 14:00:01 | appwrite | UP | 200 | 318ms
2026-10-01 14:00:02 | r2-media | UP | 5/5 | 217ms | worst=460ms | samples=243,127,155,100,460
2026-10-01 14:00:03 | video-media | UP | 5/5 | 153ms | samples=161,156,167,151,133
----------------------------------------------------------------------------------------------------
2026-10-01 14:05:00 | frontend | UP | 200 | 37ms
2026-10-01 14:05:01 | appwrite | UP | 200 | 305ms
2026-10-01 14:05:02 | r2-media | UP | 5/5 | 176ms | worst=439ms | samples=102,140,439,100,102
2026-10-01 14:05:03 | video-media | UP | 5/5 | 242ms | samples=196,173,220,334,291
----------------------------------------------------------------------------------------------------
2026-10-01 14:10:00 | frontend | UP | 200 | 40ms
2026-10-01 14:10:01 | appwrite | UP | 200 | 209ms
2026-10-01 14:10:02 | r2-media | UP | 5/5 | 188ms | worst=254ms | samples=89,193,188,220,254
2026-10-01 14:10:03 | video-media | UP | 5/5 | 320ms | samples=403,136,427,496,142
----------------------------------------------------------------------------------------------------
2026-10-01 14:15:00 | frontend | UP | 200 | 289ms
2026-10-01 14:15:01 | appwrite | UP | 200 | 257ms
2026-10-01 14:15:01 | r2-media | UP | 5/5 | 101ms | worst=119ms | samples=119,102,94,90,102
2026-10-01 14:15:03 | video-media | UP | 5/5 | 259ms | samples=272,277,133,234,380
----------------------------------------------------------------------------------------------------
2026-10-01 14:20:00 | frontend | UP | 200 | 27ms
2026-10-01 14:20:00 | appwrite | UP | 200 | 284ms
2026-10-01 14:20:01 | r2-media | UP | 5/5 | 119ms | worst=211ms | samples=211,114,80,74,118
2026-10-01 14:20:02 | video-media | UP | 5/5 | 277ms | samples=326,345,269,179,266
----------------------------------------------------------------------------------------------------
2026-10-01 14:25:00 | frontend | UP | 200 | 81ms
2026-10-01 14:25:00 | appwrite | UP | 200 | 205ms
2026-10-01 14:25:01 | r2-media | UP | 5/5 | 124ms | worst=172ms | samples=172,83,114,134,119
2026-10-01 14:25:02 | video-media | UP | 5/5 | 186ms | samples=227,88,198,111,308
----------------------------------------------------------------------------------------------------
2026-10-01 14:30:01 | frontend | UP | 200 | 265ms
2026-10-01 14:30:01 | appwrite | UP | 200 | 127ms
2026-10-01 14:30:02 | r2-media | UP | 5/5 | 156ms | worst=240ms | samples=188,130,86,139,240
2026-10-01 14:30:03 | video-media | UP | 5/5 | 220ms | samples=377,111,250,105,261
----------------------------------------------------------------------------------------------------
2026-10-01 14:35:00 | frontend | UP | 200 | 26ms
2026-10-01 14:35:00 | appwrite | UP | 200 | 201ms
2026-10-01 14:35:01 | r2-media | UP | 5/5 | 87ms | worst=107ms | samples=89,107,76,91,76
2026-10-01 14:35:02 | video-media | UP | 5/5 | 190ms | samples=123,108,418,135,170
----------------------------------------------------------------------------------------------------
2026-10-01 14:40:00 | frontend | UP | 200 | 38ms
2026-10-01 14:40:01 | appwrite | UP | 200 | 350ms
2026-10-01 14:40:01 | r2-media | UP | 5/5 | 118ms | worst=196ms | samples=196,116,101,80,99
2026-10-01 14:40:03 | video-media | UP | 5/5 | 191ms | samples=148,122,269,132,285
----------------------------------------------------------------------------------------------------
2026-10-01 14:45:00 | frontend | UP | 200 | 281ms
2026-10-01 14:45:01 | appwrite | UP | 200 | 402ms
2026-10-01 14:45:02 | r2-media | UP | 5/5 | 142ms | worst=284ms | samples=284,105,119,110,96
2026-10-01 14:45:03 | video-media | UP | 5/5 | 189ms | samples=299,114,140,120,276
----------------------------------------------------------------------------------------------------
2026-10-01 14:50:01 | frontend | UP | 200 | 179ms
2026-10-01 14:50:01 | appwrite | UP | 200 | 227ms
2026-10-01 14:50:03 | r2-media | UP | 5/5 | 277ms | worst=492ms | samples=275,435,95,90,492
2026-10-01 14:50:04 | video-media | UP | 5/5 | 200ms | samples=354,246,126,150,126
----------------------------------------------------------------------------------------------------
2026-10-01 14:55:00 | frontend | UP | 200 | 26ms
2026-10-01 14:55:00 | appwrite | UP | 200 | 200ms
2026-10-01 14:55:01 | r2-media | UP | 5/5 | 99ms | worst=122ms | samples=122,96,91,98,91
2026-10-01 14:55:16 | video-media | UP | 5/5 | 183ms | samples=188,225,141,78,285
----------------------------------------------------------------------------------------------------
====================================================================================================
2026-10-01 15:00:00 | frontend | UP | 200 | 274ms
2026-10-01 15:00:01 | appwrite | UP | 200 | 416ms
2026-10-01 15:00:02 | r2-media | UP | 5/5 | 132ms | worst=183ms | samples=183,108,134,132,106
2026-10-01 15:00:03 | video-media | UP | 5/5 | 224ms | samples=120,230,237,157,378
----------------------------------------------------------------------------------------------------
2026-10-01 15:05:00 | frontend | UP | 200 | 28ms
2026-10-01 15:05:01 | appwrite | UP | 200 | 271ms
2026-10-01 15:05:01 | r2-media | UP | 5/5 | 135ms | worst=231ms | samples=118,231,119,85,125
2026-10-01 15:05:03 | video-media | UP | 5/5 | 279ms | samples=198,138,304,293,462
----------------------------------------------------------------------------------------------------
2026-10-01 15:10:00 | frontend | UP | 200 | 36ms
2026-10-01 15:10:00 | appwrite | UP | 200 | 259ms
2026-10-01 15:10:01 | r2-media | UP | 5/5 | 123ms | worst=200ms | samples=91,86,108,131,200
2026-10-01 15:10:02 | video-media | UP | 5/5 | 166ms | samples=265,182,145,108,134
----------------------------------------------------------------------------------------------------
2026-10-01 15:15:00 | frontend | UP | 200 | 276ms
2026-10-01 15:15:00 | appwrite | UP | 200 | 359ms
2026-10-01 15:15:01 | r2-media | UP | 5/5 | 201ms | worst=406ms | samples=255,118,106,121,406
2026-10-01 15:15:02 | video-media | UP | 5/5 | 150ms | samples=149,142,167,143,153
----------------------------------------------------------------------------------------------------
2026-10-01 15:20:00 | frontend | UP | 200 | 34ms
2026-10-01 15:20:00 | appwrite | UP | 200 | 338ms
2026-10-01 15:20:01 | r2-media | UP | 5/5 | 90ms | worst=105ms | samples=85,69,104,105,90
2026-10-01 15:20:02 | video-media | UP | 5/5 | 174ms | samples=244,140,231,138,120
----------------------------------------------------------------------------------------------------
2026-10-01 15:25:00 | frontend | UP | 200 | 27ms
2026-10-01 15:25:00 | appwrite | UP | 200 | 189ms
2026-10-01 15:25:01 | r2-media | UP | 5/5 | 119ms | worst=209ms | samples=209,93,98,80,118
2026-10-01 15:25:01 | video-media | UP | 5/5 | 129ms | samples=145,134,91,130,147
----------------------------------------------------------------------------------------------------
2026-10-01 15:30:01 | frontend | UP | 200 | 296ms
2026-10-01 15:30:01 | appwrite | UP | 200 | 143ms
2026-10-01 15:30:02 | r2-media | UP | 5/5 | 167ms | worst=303ms | samples=303,208,106,138,80
2026-10-01 15:30:03 | video-media | UP | 5/5 | 191ms | samples=202,137,266,168,182
----------------------------------------------------------------------------------------------------
2026-10-01 15:35:00 | frontend | UP | 200 | 31ms
2026-10-01 15:35:00 | appwrite | UP | 200 | 367ms
2026-10-01 15:35:01 | r2-media | UP | 5/5 | 101ms | worst=136ms | samples=106,136,92,90,83
2026-10-01 15:35:02 | video-media | UP | 5/5 | 180ms | samples=281,121,143,227,129
----------------------------------------------------------------------------------------------------
2026-10-01 15:40:00 | frontend | UP | 200 | 27ms
2026-10-01 15:40:00 | appwrite | UP | 200 | 262ms
2026-10-01 15:40:01 | r2-media | UP | 5/5 | 135ms | worst=242ms | samples=242,106,105,122,101
2026-10-01 15:40:02 | video-media | UP | 5/5 | 166ms | samples=120,212,260,125,114
----------------------------------------------------------------------------------------------------
2026-10-01 15:45:00 | frontend | UP | 200 | 294ms
2026-10-01 15:45:00 | appwrite | UP | 200 | 210ms
2026-10-01 15:45:01 | r2-media | UP | 5/5 | 118ms | worst=210ms | samples=210,99,88,122,74
2026-10-01 15:45:02 | video-media | UP | 5/5 | 218ms | samples=321,278,266,114,114
----------------------------------------------------------------------------------------------------
2026-10-01 15:50:00 | frontend | UP | 200 | 41ms
2026-10-01 15:50:00 | appwrite | UP | 200 | 422ms
2026-10-01 15:50:02 | r2-media | UP | 5/5 | 325ms | worst=785ms | samples=82,442,211,785,108
2026-10-01 15:50:03 | video-media | UP | 5/5 | 171ms | samples=308,139,140,110,161
----------------------------------------------------------------------------------------------------
2026-10-01 15:55:00 | frontend | UP | 200 | 81ms
2026-10-01 15:55:00 | appwrite | UP | 200 | 367ms
2026-10-01 15:55:01 | r2-media | UP | 5/5 | 100ms | worst=117ms | samples=108,96,89,117,90
2026-10-01 15:55:02 | video-media | UP | 5/5 | 192ms | samples=279,109,200,104,269
----------------------------------------------------------------------------------------------------
====================================================================================================
2026-10-01 16:00:01 | frontend | UP | 200 | 313ms
2026-10-01 16:00:01 | appwrite | UP | 200 | 341ms
2026-10-01 16:00:02 | r2-media | UP | 5/5 | 128ms | worst=235ms | samples=235,110,101,87,110
2026-10-01 16:00:21 | video-media | UP | 5/5 | 194ms | samples=266,250,107,243,105
----------------------------------------------------------------------------------------------------
2026-10-01 16:05:01 | frontend | UP | 200 | 38ms
2026-10-01 16:05:01 | appwrite | UP | 200 | 360ms
2026-10-01 16:05:02 | r2-media | UP | 5/5 | 139ms | worst=238ms | samples=104,91,113,152,238
2026-10-01 16:05:03 | video-media | UP | 5/5 | 135ms | samples=126,178,93,126,152
----------------------------------------------------------------------------------------------------
2026-10-01 16:10:00 | frontend | UP | 200 | 26ms
2026-10-01 16:10:00 | appwrite | UP | 200 | 285ms
2026-10-01 16:10:01 | r2-media | UP | 5/5 | 185ms | worst=354ms | samples=141,217,354,107,108
2026-10-01 16:10:02 | video-media | UP | 5/5 | 156ms | samples=272,114,104,132,161
----------------------------------------------------------------------------------------------------
2026-10-01 16:15:01 | frontend | UP | 200 | 282ms
2026-10-01 16:15:01 | appwrite | UP | 200 | 389ms
2026-10-01 16:15:02 | r2-media | UP | 5/5 | 126ms | worst=253ms | samples=253,94,94,93,96
2026-10-01 16:15:03 | video-media | UP | 5/5 | 188ms | samples=225,233,239,128,118
----------------------------------------------------------------------------------------------------
2026-10-01 16:20:01 | frontend | UP | 200 | 39ms
2026-10-01 16:20:01 | appwrite | UP | 200 | 414ms
2026-10-01 16:20:02 | r2-media | UP | 5/5 | 227ms | worst=428ms | samples=147,428,149,298,114
2026-10-01 16:20:04 | video-media | UP | 5/5 | 215ms | samples=327,106,220,297,127
----------------------------------------------------------------------------------------------------
2026-10-01 16:25:00 | frontend | UP | 200 | 27ms
2026-10-01 16:25:00 | appwrite | UP | 200 | 325ms
2026-10-01 16:25:01 | r2-media | UP | 5/5 | 140ms | worst=210ms | samples=113,210,145,103,129
2026-10-01 16:25:02 | video-media | UP | 5/5 | 166ms | samples=134,137,257,146,158
----------------------------------------------------------------------------------------------------
2026-10-01 16:30:00 | frontend | UP | 200 | 390ms
2026-10-01 16:30:00 | appwrite | UP | 200 | 268ms
2026-10-01 16:30:01 | r2-media | UP | 5/5 | 144ms | worst=188ms | samples=164,145,188,129,98
2026-10-01 16:30:02 | video-media | UP | 5/5 | 165ms | samples=334,137,109,153,95
----------------------------------------------------------------------------------------------------
2026-10-01 16:35:00 | frontend | UP | 200 | 29ms
2026-10-01 16:35:01 | appwrite | UP | 200 | 309ms
2026-10-01 16:35:02 | r2-media | UP | 5/5 | 126ms | worst=188ms | samples=188,146,76,123,99
2026-10-01 16:35:03 | video-media | UP | 5/5 | 209ms | samples=342,160,108,206,229
----------------------------------------------------------------------------------------------------
2026-10-01 16:40:01 | frontend | UP | 200 | 266ms
2026-10-01 16:40:01 | appwrite | UP | 200 | 359ms
2026-10-01 16:40:02 | r2-media | UP | 5/5 | 135ms | worst=272ms | samples=272,97,85,128,93
2026-10-01 16:40:03 | video-media | UP | 5/5 | 135ms | samples=159,185,127,88,120
----------------------------------------------------------------------------------------------------
2026-10-01 16:45:00 | frontend | UP | 200 | 25ms
2026-10-01 16:45:01 | appwrite | UP | 200 | 289ms
2026-10-01 16:45:02 | r2-media | UP | 5/5 | 124ms | worst=177ms | samples=106,177,101,142,97
2026-10-01 16:45:03 | video-media | UP | 5/5 | 192ms | samples=226,110,310,197,118
----------------------------------------------------------------------------------------------------
2026-10-01 16:50:00 | frontend | UP | 200 | 28ms
2026-10-01 16:50:01 | appwrite | UP | 200 | 430ms
2026-10-01 16:50:02 | r2-media | UP | 5/5 | 158ms | worst=292ms | samples=107,104,110,179,292
2026-10-01 16:50:03 | video-media | UP | 5/5 | 194ms | samples=501,129,102,139,100
----------------------------------------------------------------------------------------------------
2026-10-01 16:55:01 | frontend | UP | 200 | 316ms
2026-10-01 16:55:01 | appwrite | UP | 200 | 142ms
2026-10-01 16:55:01 | r2-media | UP | 5/5 | 103ms | worst=117ms | samples=101,117,98,90,109
2026-10-01 16:55:03 | video-media | UP | 5/5 | 220ms | samples=169,293,234,266,139
----------------------------------------------------------------------------------------------------
====================================================================================================
2026-10-01 17:00:00 | frontend | UP | 200 | 41ms
2026-10-01 17:00:02 | appwrite | UP | 200 | 1905ms
2026-10-01 17:00:03 | r2-media | UP | 5/5 | 161ms | worst=312ms | samples=312,166,118,86,123
2026-10-01 17:00:04 | video-media | UP | 5/5 | 174ms | samples=188,129,254,122,181
----------------------------------------------------------------------------------------------------
2026-10-01 17:05:00 | frontend | UP | 200 | 26ms
2026-10-01 17:05:00 | appwrite | UP | 200 | 262ms
2026-10-01 17:05:01 | r2-media | UP | 5/5 | 108ms | worst=122ms | samples=87,95,118,122,122
2026-10-01 17:05:20 | video-media | UP | 5/5 | 145ms | samples=192,114,135,134,151
----------------------------------------------------------------------------------------------------
2026-10-01 17:10:01 | frontend | UP | 200 | 272ms
2026-10-01 17:10:01 | appwrite | UP | 200 | 118ms
2026-10-01 17:10:01 | r2-media | UP | 5/5 | 114ms | worst=177ms | samples=177,91,104,105,96
2026-10-01 17:10:02 | video-media | UP | 5/5 | 155ms | samples=125,123,111,148,272
----------------------------------------------------------------------------------------------------
2026-10-01 17:15:00 | frontend | UP | 200 | 26ms
2026-10-01 17:15:00 | appwrite | UP | 200 | 150ms
2026-10-01 17:15:00 | r2-media | UP | 5/5 | 116ms | worst=157ms | samples=157,94,117,121,92
2026-10-01 17:15:01 | video-media | UP | 5/5 | 130ms | samples=137,144,149,97,126
----------------------------------------------------------------------------------------------------
2026-10-01 17:20:01 | frontend | UP | 200 | 270ms
2026-10-01 17:20:01 | appwrite | UP | 200 | 351ms
2026-10-01 17:20:02 | r2-media | UP | 5/5 | 131ms | worst=264ms | samples=264,92,101,96,102
2026-10-01 17:20:03 | video-media | UP | 5/5 | 144ms | samples=205,179,87,120,129
----------------------------------------------------------------------------------------------------
2026-10-01 17:25:00 | frontend | UP | 200 | 26ms
2026-10-01 17:25:00 | appwrite | UP | 200 | 326ms
2026-10-01 17:25:01 | r2-media | UP | 5/5 | 100ms | worst=124ms | samples=106,98,103,124,73
2026-10-01 17:25:02 | video-media | UP | 5/5 | 144ms | samples=113,231,118,138,121
----------------------------------------------------------------------------------------------------
2026-10-01 17:30:00 | frontend | UP | 200 | 79ms
2026-10-01 17:30:01 | appwrite | UP | 200 | 197ms
2026-10-01 17:30:01 | r2-media | UP | 5/5 | 137ms | worst=214ms | samples=214,100,135,96,143
2026-10-01 17:30:02 | video-media | UP | 5/5 | 133ms | samples=106,120,135,136,168
----------------------------------------------------------------------------------------------------
2026-10-01 17:35:01 | frontend | UP | 200 | 323ms
2026-10-01 17:35:01 | appwrite | UP | 200 | 267ms
2026-10-01 17:35:02 | r2-media | UP | 5/5 | 130ms | worst=224ms | samples=224,97,138,92,99
2026-10-01 17:35:03 | video-media | UP | 5/5 | 153ms | samples=189,138,105,186,148
----------------------------------------------------------------------------------------------------
2026-10-01 17:40:00 | frontend | UP | 200 | 26ms
2026-10-01 17:40:00 | appwrite | UP | 200 | 297ms
2026-10-01 17:40:01 | r2-media | UP | 5/5 | 114ms | worst=186ms | samples=108,94,65,186,117
2026-10-01 17:40:02 | video-media | UP | 5/5 | 132ms | samples=99,107,190,139,125
----------------------------------------------------------------------------------------------------
2026-10-01 17:45:00 | frontend | UP | 200 | 26ms
2026-10-01 17:45:00 | appwrite | UP | 200 | 127ms
2026-10-01 17:45:00 | r2-media | UP | 5/5 | 109ms | worst=167ms | samples=167,95,96,89,100
2026-10-01 17:45:01 | video-media | UP | 5/5 | 126ms | samples=152,135,147,115,84
----------------------------------------------------------------------------------------------------
2026-10-01 17:50:01 | frontend | UP | 200 | 279ms
2026-10-01 17:50:01 | appwrite | UP | 200 | 344ms
2026-10-01 17:50:02 | r2-media | UP | 5/5 | 171ms | worst=334ms | samples=193,133,94,334,102
2026-10-01 17:50:03 | video-media | UP | 5/5 | 142ms | samples=212,102,114,144,139
----------------------------------------------------------------------------------------------------
2026-10-01 17:55:01 | frontend | UP | 200 | 80ms
2026-10-01 17:55:01 | appwrite | UP | 200 | 202ms
2026-10-01 17:55:02 | r2-media | UP | 5/5 | 133ms | worst=189ms | samples=90,122,132,189,136
2026-10-01 17:55:03 | video-media | UP | 5/5 | 161ms | samples=124,129,140,211,202
----------------------------------------------------------------------------------------------------
====================================================================================================
2026-10-01 18:00:00 | frontend | UP | 200 | 30ms
2026-10-01 18:00:00 | appwrite | UP | 200 | 355ms
2026-10-01 18:00:01 | r2-media | UP | 5/5 | 131ms | worst=190ms | samples=102,190,142,83,138
2026-10-01 18:00:02 | video-media | UP | 5/5 | 138ms | samples=130,130,152,157,122
----------------------------------------------------------------------------------------------------
2026-10-01 18:05:01 | frontend | UP | 200 | 275ms
2026-10-01 18:05:01 | appwrite | UP | 200 | 201ms
2026-10-01 18:05:02 | r2-media | UP | 5/5 | 140ms | worst=199ms | samples=120,146,80,199,159
2026-10-01 18:05:03 | video-media | UP | 5/5 | 184ms | samples=171,142,235,107,267
----------------------------------------------------------------------------------------------------
2026-10-01 18:10:00 | frontend | UP | 200 | 41ms
2026-10-01 18:10:01 | appwrite | UP | 200 | 306ms
2026-10-01 18:10:02 | r2-media | UP | 5/5 | 151ms | worst=292ms | samples=292,91,128,125,121
2026-10-01 18:10:21 | video-media | UP | 5/5 | 114ms | samples=92,127,94,150,108
----------------------------------------------------------------------------------------------------
2026-10-01 18:15:00 | frontend | UP | 200 | 31ms
2026-10-01 18:15:00 | appwrite | UP | 200 | 263ms
2026-10-01 18:15:01 | r2-media | UP | 5/5 | 147ms | worst=242ms | samples=126,104,171,94,242
2026-10-01 18:15:02 | video-media | UP | 5/5 | 146ms | samples=145,196,132,118,139
----------------------------------------------------------------------------------------------------
2026-10-01 18:20:01 | frontend | UP | 200 | 272ms
2026-10-01 18:20:01 | appwrite | UP | 200 | 321ms
2026-10-01 18:20:02 | r2-media | UP | 5/5 | 130ms | worst=200ms | samples=200,127,98,119,106
2026-10-01 18:20:06 | video-media | UP | 5/5 | 745ms | samples=143,3228,100,136,121
----------------------------------------------------------------------------------------------------
2026-10-01 18:25:00 | frontend | UP | 200 | 26ms
2026-10-01 18:25:01 | appwrite | UP | 200 | 242ms
2026-10-01 18:25:01 | r2-media | UP | 5/5 | 109ms | worst=132ms | samples=96,108,119,132,94
2026-10-01 18:25:02 | video-media | UP | 5/5 | 171ms | samples=168,119,164,149,259
----------------------------------------------------------------------------------------------------
2026-10-01 18:30:00 | frontend | UP | 200 | 26ms
2026-10-01 18:30:00 | appwrite | UP | 200 | 223ms
2026-10-01 18:30:01 | r2-media | UP | 5/5 | 135ms | worst=290ms | samples=290,103,64,99,121
2026-10-01 18:30:05 | video-media | UP | 5/5 | 838ms | samples=187,140,3230,345,292
----------------------------------------------------------------------------------------------------
2026-10-01 18:35:00 | frontend | UP | 200 | 388ms
2026-10-01 18:35:00 | appwrite | UP | 200 | 211ms
2026-10-01 18:35:01 | r2-media | UP | 5/5 | 144ms | worst=247ms | samples=247,104,131,90,149
2026-10-01 18:35:02 | video-media | UP | 5/5 | 152ms | samples=135,145,118,249,115
----------------------------------------------------------------------------------------------------
2026-10-01 18:40:00 | frontend | UP | 200 | 31ms
2026-10-01 18:40:00 | appwrite | UP | 200 | 223ms
2026-10-01 18:40:01 | r2-media | UP | 5/5 | 123ms | worst=170ms | samples=104,117,170,151,77
2026-10-01 18:40:02 | video-media | UP | 5/5 | 238ms | samples=218,157,289,285,243
----------------------------------------------------------------------------------------------------
2026-10-01 18:45:00 | frontend | UP | 200 | 30ms
2026-10-01 18:45:00 | appwrite | UP | 200 | 202ms
2026-10-01 18:45:01 | r2-media | UP | 5/5 | 93ms | worst=101ms | samples=94,82,92,96,101
2026-10-01 18:45:02 | video-media | UP | 5/5 | 183ms | samples=149,279,237,122,128
----------------------------------------------------------------------------------------------------
2026-10-01 18:50:01 | frontend | UP | 200 | 278ms
2026-10-01 18:50:01 | appwrite | UP | 200 | 358ms
2026-10-01 18:50:02 | r2-media | UP | 5/5 | 139ms | worst=242ms | samples=242,144,87,132,93
2026-10-01 18:50:03 | video-media | UP | 5/5 | 187ms | samples=165,99,126,447,102
----------------------------------------------------------------------------------------------------
2026-10-01 18:55:00 | frontend | UP | 200 | 24ms
2026-10-01 18:55:00 | appwrite | UP | 200 | 248ms
2026-10-01 18:55:01 | r2-media | UP | 5/5 | 106ms | worst=131ms | samples=101,103,131,110,88
2026-10-01 18:55:02 | video-media | UP | 5/5 | 228ms | samples=124,243,382,135,258
----------------------------------------------------------------------------------------------------
====================================================================================================
2026-10-01 19:00:00 | frontend | UP | 200 | 80ms
2026-10-01 19:00:00 | appwrite | UP | 200 | 211ms
2026-10-01 19:00:01 | r2-media | UP | 5/5 | 207ms | worst=360ms | samples=306,152,101,360,118
2026-10-01 19:00:06 | video-media | UP | 5/5 | 851ms | samples=3374,214,122,430,117
----------------------------------------------------------------------------------------------------
2026-10-01 19:05:00 | frontend | UP | 200 | 281ms
2026-10-01 19:05:00 | appwrite | UP | 200 | 200ms
2026-10-01 19:05:01 | r2-media | UP | 5/5 | 147ms | worst=212ms | samples=212,194,120,112,99
2026-10-01 19:05:03 | video-media | UP | 5/5 | 370ms | samples=428,727,423,174,101
----------------------------------------------------------------------------------------------------
2026-10-01 19:10:00 | frontend | UP | 200 | 37ms
2026-10-01 19:10:00 | appwrite | UP | 200 | 162ms
2026-10-01 19:10:00 | r2-media | UP | 5/5 | 94ms | worst=113ms | samples=88,113,92,84,97
2026-10-01 19:10:03 | video-media | UP | 5/5 | 386ms | samples=159,458,178,242,896
----------------------------------------------------------------------------------------------------
2026-10-01 19:15:00 | frontend | UP | 200 | 27ms
2026-10-01 19:15:00 | appwrite | UP | 200 | 207ms
2026-10-01 19:15:01 | r2-media | UP | 5/5 | 147ms | worst=234ms | samples=234,120,179,102,100
2026-10-01 19:15:21 | video-media | UP | 5/5 | 214ms | samples=169,125,141,395,240
----------------------------------------------------------------------------------------------------
2026-10-01 19:20:00 | frontend | UP | 200 | 264ms
2026-10-01 19:20:01 | appwrite | UP | 200 | 193ms
2026-10-01 19:20:02 | r2-media | UP | 5/5 | 140ms | worst=250ms | samples=250,139,97,97,118
2026-10-01 19:20:03 | video-media | UP | 5/5 | 291ms | samples=305,260,426,249,217
----------------------------------------------------------------------------------------------------
2026-10-01 19:25:00 | frontend | UP | 200 | 30ms
2026-10-01 19:25:01 | appwrite | UP | 200 | 136ms
2026-10-01 19:25:01 | r2-media | UP | 5/5 | 147ms | worst=263ms | samples=93,120,263,175,88
2026-10-01 19:25:02 | video-media | UP | 5/5 | 162ms | samples=180,118,117,262,135
----------------------------------------------------------------------------------------------------
2026-10-01 19:30:00 | frontend | UP | 200 | 43ms
2026-10-01 19:30:00 | appwrite | UP | 200 | 294ms
2026-10-01 19:30:01 | r2-media | UP | 5/5 | 123ms | worst=155ms | samples=110,139,107,106,155
2026-10-01 19:30:02 | video-media | UP | 5/5 | 248ms | samples=159,133,462,310,177
----------------------------------------------------------------------------------------------------
2026-10-01 19:35:00 | frontend | UP | 200 | 346ms
2026-10-01 19:35:01 | appwrite | UP | 200 | 288ms
2026-10-01 19:35:02 | r2-media | UP | 5/5 | 155ms | worst=242ms | samples=123,210,242,105,97
2026-10-01 19:35:03 | video-media | UP | 5/5 | 190ms | samples=150,247,308,108,137
----------------------------------------------------------------------------------------------------
2026-10-01 19:40:00 | frontend | UP | 200 | 30ms
2026-10-01 19:40:00 | appwrite | UP | 200 | 291ms
2026-10-01 19:40:01 | r2-media | UP | 5/5 | 170ms | worst=274ms | samples=274,104,193,160,123
2026-10-01 19:40:03 | video-media | UP | 5/5 | 268ms | samples=182,300,284,186,390
----------------------------------------------------------------------------------------------------
2026-10-01 19:45:01 | frontend | UP | 200 | 278ms
2026-10-01 19:45:01 | appwrite | UP | 200 | 271ms
2026-10-01 19:45:02 | r2-media | UP | 5/5 | 158ms | worst=218ms | samples=180,158,218,138,99
2026-10-01 19:45:04 | video-media | UP | 5/5 | 262ms | samples=296,421,162,296,138
----------------------------------------------------------------------------------------------------
2026-10-01 19:50:00 | frontend | UP | 200 | 26ms
2026-10-01 19:50:00 | appwrite | UP | 200 | 111ms
2026-10-01 19:50:00 | r2-media | UP | 5/5 | 94ms | worst=113ms | samples=113,89,91,110,68
2026-10-01 19:50:02 | video-media | UP | 5/5 | 242ms | samples=270,136,168,111,526
----------------------------------------------------------------------------------------------------
2026-10-01 19:55:01 | frontend | UP | 200 | 27ms
2026-10-01 19:55:01 | appwrite | UP | 200 | 281ms
2026-10-01 19:55:01 | r2-media | UP | 5/5 | 110ms | worst=194ms | samples=194,76,61,133,86
2026-10-01 19:55:03 | video-media | UP | 5/5 | 179ms | samples=221,123,125,124,303
----------------------------------------------------------------------------------------------------
====================================================================================================
2026-10-01 20:00:00 | frontend | UP | 200 | 271ms
2026-10-01 20:00:00 | appwrite | UP | 200 | 181ms
2026-10-01 20:00:01 | r2-media | UP | 5/5 | 154ms | worst=240ms | samples=106,174,104,148,240
2026-10-01 20:00:02 | video-media | UP | 5/5 | 198ms | samples=184,167,324,159,160
----------------------------------------------------------------------------------------------------
2026-10-01 20:05:01 | frontend | UP | 200 | 64ms
2026-10-01 20:05:01 | appwrite | UP | 200 | 294ms
2026-10-01 20:05:02 | r2-media | UP | 5/5 | 134ms | worst=185ms | samples=113,123,185,97,155
2026-10-01 20:05:07 | video-media | UP | 5/5 | 1102ms | samples=790,231,1667,1247,1576
----------------------------------------------------------------------------------------------------
2026-10-01 20:10:01 | frontend | UP | 200 | 265ms
2026-10-01 20:10:01 | appwrite | UP | 200 | 346ms
2026-10-01 20:10:02 | r2-media | UP | 5/5 | 168ms | worst=336ms | samples=158,147,336,107,95
2026-10-01 20:10:13 | video-media | UP | 5/5 | 2243ms | samples=1763,1335,5366,580,2171
----------------------------------------------------------------------------------------------------
2026-10-01 20:15:00 | frontend | UP | 200 | 35ms
2026-10-01 20:15:00 | appwrite | UP | 200 | 236ms
2026-10-01 20:15:01 | r2-media | UP | 5/5 | 104ms | worst=135ms | samples=95,107,87,97,135
2026-10-01 20:15:04 | video-media | UP | 5/5 | 549ms | samples=166,423,140,1905,114
----------------------------------------------------------------------------------------------------
2026-10-01 20:20:00 | frontend | UP | 200 | 29ms
2026-10-01 20:20:00 | appwrite | UP | 200 | 400ms
2026-10-01 20:20:01 | r2-media | UP | 5/5 | 127ms | worst=218ms | samples=218,126,94,93,107
2026-10-01 20:20:18 | video-media | UP | 5/5 | 521ms | samples=913,107,157,1244,186
----------------------------------------------------------------------------------------------------
2026-10-01 20:25:01 | frontend | UP | 200 | 368ms
2026-10-01 20:25:01 | appwrite | UP | 200 | 213ms
2026-10-01 20:25:02 | r2-media | UP | 5/5 | 128ms | worst=226ms | samples=226,101,91,134,90
2026-10-01 20:25:07 | video-media | UP | 5/5 | 1040ms | samples=132,413,446,3903,310
----------------------------------------------------------------------------------------------------
2026-10-01 20:30:00 | frontend | UP | 200 | 43ms
2026-10-01 20:30:00 | appwrite | UP | 200 | 103ms
2026-10-01 20:30:01 | r2-media | UP | 5/5 | 133ms | worst=224ms | samples=121,73,224,127,124
2026-10-01 20:30:03 | video-media | UP | 5/5 | 329ms | samples=829,126,127,449,116
----------------------------------------------------------------------------------------------------
2026-10-01 20:35:00 | frontend | UP | 200 | 31ms
2026-10-01 20:35:00 | appwrite | UP | 200 | 207ms
2026-10-01 20:35:01 | r2-media | UP | 5/5 | 112ms | worst=135ms | samples=103,102,126,96,135
2026-10-01 20:35:04 | video-media | UP | 5/5 | 504ms | samples=160,375,783,724,478
----------------------------------------------------------------------------------------------------
2026-10-01 20:40:01 | frontend | UP | 200 | 320ms
2026-10-01 20:40:01 | appwrite | UP | 200 | 278ms
2026-10-01 20:40:02 | r2-media | UP | 5/5 | 163ms | worst=283ms | samples=207,283,104,130,93
2026-10-01 20:40:03 | video-media | UP | 5/5 | 266ms | samples=503,90,214,189,335
----------------------------------------------------------------------------------------------------
2026-10-01 20:45:00 | frontend | UP | 200 | 25ms
2026-10-01 20:45:00 | appwrite | UP | 200 | 136ms
2026-10-01 20:45:01 | r2-media | UP | 5/5 | 107ms | worst=123ms | samples=95,116,105,98,123
2026-10-01 20:45:04 | video-media | UP | 5/5 | 548ms | samples=748,134,810,944,108
----------------------------------------------------------------------------------------------------
2026-10-01 20:50:00 | frontend | UP | 200 | 26ms
2026-10-01 20:50:00 | appwrite | UP | 200 | 379ms
2026-10-01 20:50:01 | r2-media | UP | 5/5 | 151ms | worst=267ms | samples=267,101,152,112,127
2026-10-01 20:50:04 | video-media | UP | 5/5 | 632ms | samples=774,301,460,1479,150
----------------------------------------------------------------------------------------------------
2026-10-01 20:55:00 | frontend | UP | 200 | 277ms
2026-10-01 20:55:01 | appwrite | UP | 200 | 454ms
2026-10-01 20:55:02 | r2-media | UP | 5/5 | 141ms | worst=286ms | samples=286,105,109,98,107
2026-10-01 20:55:03 | video-media | UP | 5/5 | 320ms | samples=134,751,210,106,399
----------------------------------------------------------------------------------------------------
====================================================================================================
2026-10-01 21:00:01 | frontend | UP | 200 | 29ms
2026-10-01 21:00:01 | appwrite | UP | 200 | 379ms
2026-10-01 21:00:02 | r2-media | UP | 5/5 | 176ms | worst=298ms | samples=298,211,122,139,112
2026-10-01 21:00:03 | video-media | UP | 5/5 | 246ms | samples=473,162,158,136,302
----------------------------------------------------------------------------------------------------
2026-10-01 21:05:01 | frontend | UP | 200 | 269ms
2026-10-01 21:05:01 | appwrite | UP | 200 | 327ms
2026-10-01 21:05:02 | r2-media | UP | 5/5 | 140ms | worst=213ms | samples=151,213,100,112,125
2026-10-01 21:05:05 | video-media | UP | 5/5 | 488ms | samples=1796,300,114,113,120
----------------------------------------------------------------------------------------------------
2026-10-01 21:10:00 | frontend | UP | 200 | 29ms
2026-10-01 21:10:00 | appwrite | UP | 200 | 219ms
2026-10-01 21:10:01 | r2-media | UP | 5/5 | 120ms | worst=146ms | samples=146,122,102,115,115
2026-10-01 21:10:04 | video-media | UP | 5/5 | 616ms | samples=956,125,870,723,408
----------------------------------------------------------------------------------------------------
2026-10-01 21:15:00 | frontend | UP | 200 | 36ms
2026-10-01 21:15:00 | appwrite | UP | 200 | 228ms
2026-10-01 21:15:01 | r2-media | UP | 5/5 | 147ms | worst=317ms | samples=317,73,98,148,102
2026-10-01 21:15:03 | video-media | UP | 5/5 | 272ms | samples=128,249,780,130,74
----------------------------------------------------------------------------------------------------
2026-10-01 21:20:00 | frontend | UP | 200 | 285ms
2026-10-01 21:20:00 | appwrite | UP | 200 | 343ms
2026-10-01 21:20:01 | r2-media | UP | 5/5 | 153ms | worst=257ms | samples=165,257,142,99,104
2026-10-01 21:20:04 | video-media | UP | 5/5 | 586ms | samples=947,289,107,763,824
----------------------------------------------------------------------------------------------------
2026-10-01 21:25:00 | frontend | UP | 200 | 25ms
2026-10-01 21:25:00 | appwrite | UP | 200 | 273ms
2026-10-01 21:25:01 | r2-media | UP | 5/5 | 132ms | worst=252ms | samples=94,92,109,113,252
2026-10-01 21:25:20 | video-media | UP | 5/5 | 456ms | samples=263,1227,394,326,70
----------------------------------------------------------------------------------------------------
2026-10-01 21:30:01 | frontend | UP | 200 | 268ms
2026-10-01 21:30:01 | appwrite | UP | 200 | 280ms
2026-10-01 21:30:02 | r2-media | UP | 5/5 | 155ms | worst=288ms | samples=288,129,147,110,103
2026-10-01 21:30:05 | video-media | UP | 5/5 | 609ms | samples=144,853,712,938,401
----------------------------------------------------------------------------------------------------
2026-10-01 21:35:00 | frontend | UP | 200 | 25ms
2026-10-01 21:35:00 | appwrite | UP | 200 | 72ms
2026-10-01 21:35:01 | r2-media | UP | 5/5 | 109ms | worst=163ms | samples=109,163,79,88,110
2026-10-01 21:35:03 | video-media | UP | 5/5 | 456ms | samples=827,691,124,421,217
----------------------------------------------------------------------------------------------------
2026-10-01 21:40:00 | frontend | UP | 200 | 161ms
2026-10-01 21:40:01 | appwrite | UP | 200 | 387ms
2026-10-01 21:40:02 | r2-media | UP | 5/5 | 152ms | worst=343ms | samples=343,112,111,107,89
2026-10-01 21:40:05 | video-media | UP | 5/5 | 632ms | samples=387,836,753,443,743
----------------------------------------------------------------------------------------------------
2026-10-01 21:45:00 | frontend | UP | 200 | 296ms
2026-10-01 21:45:00 | appwrite | UP | 200 | 203ms
2026-10-01 21:45:01 | r2-media | UP | 5/5 | 94ms | worst=116ms | samples=107,89,95,116,64
2026-10-01 21:45:02 | video-media | UP | 5/5 | 261ms | samples=397,129,99,291,389
----------------------------------------------------------------------------------------------------
2026-10-01 21:50:00 | frontend | UP | 200 | 36ms
2026-10-01 21:50:00 | appwrite | UP | 200 | 334ms
2026-10-01 21:50:02 | r2-media | UP | 5/5 | 186ms | worst=412ms | samples=412,93,221,97,109
2026-10-01 21:50:04 | video-media | UP | 5/5 | 380ms | samples=156,298,420,261,765
----------------------------------------------------------------------------------------------------
2026-10-01 21:55:01 | frontend | UP | 200 | 279ms
2026-10-01 21:55:01 | appwrite | UP | 200 | 221ms
2026-10-01 21:55:02 | r2-media | UP | 5/5 | 120ms | worst=211ms | samples=211,103,104,84,101
2026-10-01 21:55:04 | video-media | UP | 5/5 | 392ms | samples=793,373,135,280,382
----------------------------------------------------------------------------------------------------
====================================================================================================
2026-10-01 22:00:00 | frontend | UP | 200 | 28ms
2026-10-01 22:00:01 | appwrite | UP | 200 | 390ms
2026-10-01 22:00:02 | r2-media | UP | 5/5 | 138ms | worst=294ms | samples=109,98,86,294,105
2026-10-01 22:00:03 | video-media | UP | 5/5 | 161ms | samples=155,190,143,146,175
----------------------------------------------------------------------------------------------------
2026-10-01 22:05:00 | frontend | UP | 200 | 28ms
2026-10-01 22:05:00 | appwrite | UP | 200 | 263ms
2026-10-01 22:05:01 | r2-media | UP | 5/5 | 96ms | worst=113ms | samples=111,88,69,102,113
2026-10-01 22:05:02 | video-media | UP | 5/5 | 305ms | samples=384,279,307,402,157
----------------------------------------------------------------------------------------------------
2026-10-01 22:10:00 | frontend | UP | 200 | 306ms
2026-10-01 22:10:01 | appwrite | UP | 200 | 211ms
2026-10-01 22:10:01 | r2-media | UP | 5/5 | 139ms | worst=215ms | samples=215,114,86,111,170
2026-10-01 22:10:05 | video-media | UP | 5/5 | 608ms | samples=114,462,178,2131,159
----------------------------------------------------------------------------------------------------
2026-10-01 22:15:00 | frontend | UP | 200 | 29ms
2026-10-01 22:15:01 | appwrite | UP | 200 | 266ms
2026-10-01 22:15:02 | r2-media | UP | 5/5 | 161ms | worst=208ms | samples=208,197,100,162,139
2026-10-01 22:15:03 | video-media | UP | 5/5 | 312ms | samples=453,197,233,499,182
----------------------------------------------------------------------------------------------------
2026-10-01 22:20:00 | frontend | UP | 200 | 37ms
2026-10-01 22:20:01 | appwrite | UP | 200 | 271ms
2026-10-01 22:20:01 | r2-media | UP | 5/5 | 133ms | worst=197ms | samples=91,134,197,123,122
2026-10-01 22:20:04 | video-media | UP | 5/5 | 413ms | samples=603,226,546,485,206
----------------------------------------------------------------------------------------------------
2026-10-01 22:25:00 | frontend | UP | 200 | 275ms
2026-10-01 22:25:00 | appwrite | UP | 200 | 272ms
2026-10-01 22:25:01 | r2-media | UP | 5/5 | 102ms | worst=115ms | samples=107,98,88,103,115
2026-10-01 22:25:03 | video-media | UP | 5/5 | 403ms | samples=453,483,446,464,172
----------------------------------------------------------------------------------------------------
2026-10-01 22:30:00 | frontend | UP | 200 | 26ms
2026-10-01 22:30:01 | appwrite | UP | 200 | 265ms
2026-10-01 22:30:01 | r2-media | UP | 5/5 | 105ms | worst=146ms | samples=82,80,109,146,112
2026-10-01 22:30:20 | video-media | UP | 5/5 | 193ms | samples=564,97,87,106,113
----------------------------------------------------------------------------------------------------
2026-10-01 22:35:00 | frontend | UP | 200 | 279ms
2026-10-01 22:35:01 | appwrite | UP | 200 | 149ms
2026-10-01 22:35:01 | r2-media | UP | 5/5 | 125ms | worst=207ms | samples=99,117,207,92,113
2026-10-01 22:35:03 | video-media | UP | 5/5 | 284ms | samples=789,120,260,138,113
----------------------------------------------------------------------------------------------------
2026-10-01 22:40:00 | frontend | UP | 200 | 28ms
2026-10-01 22:40:00 | appwrite | UP | 200 | 267ms
2026-10-01 22:40:01 | r2-media | UP | 5/5 | 100ms | worst=125ms | samples=100,85,93,101,125
2026-10-01 22:40:02 | video-media | UP | 5/5 | 194ms | samples=411,103,98,115,246
----------------------------------------------------------------------------------------------------
2026-10-01 22:45:00 | frontend | UP | 200 | 127ms
2026-10-01 22:45:01 | appwrite | UP | 200 | 199ms
2026-10-01 22:45:01 | r2-media | UP | 5/5 | 145ms | worst=258ms | samples=258,89,96,184,102
2026-10-01 22:45:03 | video-media | UP | 5/5 | 289ms | samples=206,94,130,639,376
----------------------------------------------------------------------------------------------------
2026-10-01 22:50:00 | frontend | UP | 200 | 282ms
2026-10-01 22:50:00 | appwrite | UP | 200 | 194ms
2026-10-01 22:50:01 | r2-media | UP | 5/5 | 124ms | worst=242ms | samples=92,76,96,117,242
2026-10-01 22:50:02 | video-media | UP | 5/5 | 176ms | samples=138,124,270,209,141
----------------------------------------------------------------------------------------------------
2026-10-01 22:55:01 | frontend | UP | 200 | 38ms
2026-10-01 22:55:01 | appwrite | UP | 200 | 290ms
2026-10-01 22:55:02 | r2-media | UP | 5/5 | 217ms | worst=334ms | samples=334,262,163,174,156
2026-10-01 22:55:03 | video-media | UP | 5/5 | 187ms | samples=290,92,161,267,128
----------------------------------------------------------------------------------------------------
====================================================================================================
2026-10-01 23:00:01 | frontend | UP | 200 | 315ms
2026-10-01 23:00:01 | appwrite | UP | 200 | 221ms
2026-10-01 23:00:02 | r2-media | UP | 5/5 | 164ms | worst=277ms | samples=77,273,277,93,100
2026-10-01 23:00:03 | video-media | UP | 5/5 | 185ms | samples=145,326,126,213,119
----------------------------------------------------------------------------------------------------
2026-10-01 23:05:01 | frontend | UP | 200 | 29ms
2026-10-01 23:05:01 | appwrite | UP | 200 | 399ms
2026-10-01 23:05:02 | r2-media | UP | 5/5 | 147ms | worst=186ms | samples=121,155,186,94,179
2026-10-01 23:05:03 | video-media | UP | 5/5 | 224ms | samples=95,483,337,110,96
----------------------------------------------------------------------------------------------------
2026-10-01 23:10:00 | frontend | UP | 200 | 26ms
2026-10-01 23:10:00 | appwrite | UP | 200 | 284ms
2026-10-01 23:10:01 | r2-media | UP | 5/5 | 116ms | worst=132ms | samples=113,88,132,129,118
2026-10-01 23:10:02 | video-media | UP | 5/5 | 175ms | samples=163,176,127,157,253
----------------------------------------------------------------------------------------------------
2026-10-01 23:15:00 | frontend | UP | 200 | 321ms
2026-10-01 23:15:01 | appwrite | UP | 200 | 349ms
2026-10-01 23:15:01 | r2-media | UP | 5/5 | 137ms | worst=199ms | samples=199,139,117,117,115
2026-10-01 23:15:03 | video-media | UP | 5/5 | 186ms | samples=248,126,140,182,238
----------------------------------------------------------------------------------------------------
2026-10-01 23:20:00 | frontend | UP | 200 | 41ms
2026-10-01 23:20:00 | appwrite | UP | 200 | 329ms
2026-10-01 23:20:02 | r2-media | UP | 5/5 | 176ms | worst=251ms | samples=244,251,108,120,161
2026-10-01 23:20:03 | video-media | UP | 5/5 | 199ms | samples=145,368,129,112,241
----------------------------------------------------------------------------------------------------
2026-10-01 23:25:00 | frontend | UP | 200 | 42ms
2026-10-01 23:25:00 | appwrite | UP | 200 | 349ms
2026-10-01 23:25:01 | r2-media | UP | 5/5 | 173ms | worst=345ms | samples=98,146,79,201,345
2026-10-01 23:25:03 | video-media | UP | 5/5 | 177ms | samples=180,155,118,199,234
----------------------------------------------------------------------------------------------------
2026-10-01 23:30:00 | frontend | UP | 200 | 281ms
2026-10-01 23:30:00 | appwrite | UP | 200 | 68ms
2026-10-01 23:30:01 | r2-media | UP | 5/5 | 187ms | worst=353ms | samples=238,99,99,353,146
2026-10-01 23:30:03 | video-media | UP | 5/5 | 218ms | samples=148,121,405,270,146
----------------------------------------------------------------------------------------------------
2026-10-01 23:35:00 | frontend | UP | 200 | 34ms
2026-10-01 23:35:00 | appwrite | UP | 200 | 208ms
2026-10-01 23:35:01 | r2-media | UP | 5/5 | 118ms | worst=155ms | samples=139,90,155,123,86
2026-10-01 23:35:14 | video-media | UP | 5/5 | 113ms | samples=139,98,138,91,100
----------------------------------------------------------------------------------------------------
2026-10-01 23:40:00 | frontend | UP | 200 | 27ms
2026-10-01 23:40:00 | appwrite | UP | 200 | 349ms
2026-10-01 23:40:01 | r2-media | UP | 5/5 | 106ms | worst=176ms | samples=176,93,85,88,90
2026-10-01 23:40:02 | video-media | UP | 5/5 | 235ms | samples=132,235,168,201,443
----------------------------------------------------------------------------------------------------
2026-10-01 23:45:01 | frontend | UP | 200 | 368ms
2026-10-01 23:45:01 | appwrite | UP | 200 | 439ms
2026-10-01 23:45:02 | r2-media | UP | 5/5 | 133ms | worst=192ms | samples=167,115,192,96,98
2026-10-01 23:45:06 | video-media | UP | 5/5 | 805ms | samples=3351,117,113,212,234
----------------------------------------------------------------------------------------------------
2026-10-01 23:50:00 | frontend | UP | 200 | 28ms
2026-10-01 23:50:01 | appwrite | UP | 200 | 360ms
2026-10-01 23:50:01 | r2-media | UP | 5/5 | 105ms | worst=122ms | samples=108,114,122,104,77
2026-10-01 23:50:03 | video-media | UP | 5/5 | 199ms | samples=190,204,255,148,201
----------------------------------------------------------------------------------------------------
2026-10-01 23:55:00 | frontend | UP | 200 | 31ms
2026-10-01 23:55:01 | appwrite | UP | 200 | 277ms
2026-10-01 23:55:01 | r2-media | UP | 5/5 | 139ms | worst=343ms | samples=343,91,87,84,93
2026-10-01 23:55:02 | video-media | UP | 5/5 | 141ms | samples=109,222,133,137,106
----------------------------------------------------------------------------------------------------
====================================================================================================
2026-10-02 00:00:01 | frontend | UP | 200 | 289ms
2026-10-02 00:00:01 | appwrite | UP | 200 | 433ms
2026-10-02 00:00:02 | r2-media | UP | 5/5 | 170ms | worst=240ms | samples=240,139,168,135,170
2026-10-02 00:00:04 | video-media | UP | 5/5 | 374ms | samples=1145,148,253,163,162
----------------------------------------------------------------------------------------------------
2026-10-02 00:05:00 | frontend | UP | 200 | 277ms
2026-10-02 00:05:00 | appwrite | UP | 200 | 258ms
2026-10-02 00:05:01 | r2-media | UP | 5/5 | 95ms | worst=108ms | samples=88,76,101,108,105
2026-10-02 00:05:02 | video-media | UP | 5/5 | 132ms | samples=161,132,141,99,128
----------------------------------------------------------------------------------------------------
2026-10-02 00:10:01 | frontend | UP | 200 | 33ms
2026-10-02 00:10:01 | appwrite | UP | 200 | 139ms
2026-10-02 00:10:02 | r2-media | UP | 5/5 | 148ms | worst=311ms | samples=311,100,111,100,118
2026-10-02 00:10:02 | video-media | UP | 5/5 | 123ms | samples=103,140,141,119,116
----------------------------------------------------------------------------------------------------
2026-10-02 00:15:00 | frontend | UP | 200 | 136ms
2026-10-02 00:15:00 | appwrite | UP | 200 | 275ms
2026-10-02 00:15:01 | r2-media | UP | 5/5 | 176ms | worst=249ms | samples=113,249,245,181,92
2026-10-02 00:15:02 | video-media | UP | 5/5 | 163ms | samples=243,117,125,119,211
----------------------------------------------------------------------------------------------------
2026-10-02 00:20:00 | frontend | UP | 200 | 302ms
2026-10-02 00:20:00 | appwrite | UP | 200 | 223ms
2026-10-02 00:20:01 | r2-media | UP | 5/5 | 148ms | worst=196ms | samples=196,124,163,104,157
2026-10-02 00:20:02 | video-media | UP | 5/5 | 159ms | samples=216,112,146,215,110
----------------------------------------------------------------------------------------------------
2026-10-02 00:25:00 | frontend | UP | 200 | 26ms
2026-10-02 00:25:00 | appwrite | UP | 200 | 229ms
2026-10-02 00:25:01 | r2-media | UP | 5/5 | 113ms | worst=161ms | samples=161,87,138,86,96
2026-10-02 00:25:02 | video-media | UP | 5/5 | 127ms | samples=119,129,109,131,149
----------------------------------------------------------------------------------------------------
2026-10-02 00:30:00 | frontend | UP | 200 | 25ms
2026-10-02 00:30:00 | appwrite | UP | 200 | 114ms
2026-10-02 00:30:01 | r2-media | UP | 5/5 | 126ms | worst=235ms | samples=235,88,107,104,96
2026-10-02 00:30:02 | video-media | UP | 5/5 | 126ms | samples=135,124,111,88,175
----------------------------------------------------------------------------------------------------
2026-10-02 00:35:00 | frontend | UP | 200 | 277ms
2026-10-02 00:35:00 | appwrite | UP | 200 | 258ms
2026-10-02 00:35:01 | r2-media | UP | 5/5 | 109ms | worst=182ms | samples=182,83,93,89,102
2026-10-02 00:35:02 | video-media | UP | 5/5 | 127ms | samples=110,143,126,92,168
----------------------------------------------------------------------------------------------------
2026-10-02 00:40:00 | frontend | UP | 200 | 27ms
2026-10-02 00:40:00 | appwrite | UP | 200 | 219ms
2026-10-02 00:40:01 | r2-media | UP | 5/5 | 115ms | worst=185ms | samples=78,94,79,185,139
2026-10-02 00:40:24 | video-media | UP | 5/5 | 1367ms | samples=134,96,102,3256,3251
----------------------------------------------------------------------------------------------------
2026-10-02 00:45:00 | frontend | UP | 200 | 30ms
2026-10-02 00:45:00 | appwrite | UP | 200 | 123ms
2026-10-02 00:45:01 | r2-media | UP | 5/5 | 179ms | worst=320ms | samples=127,320,163,159,127
2026-10-02 00:45:02 | video-media | UP | 5/5 | 148ms | samples=219,110,148,145,122
----------------------------------------------------------------------------------------------------
2026-10-02 00:50:01 | frontend | UP | 200 | 271ms
2026-10-02 00:50:01 | appwrite | UP | 200 | 264ms
2026-10-02 00:50:02 | r2-media | UP | 5/5 | 100ms | worst=150ms | samples=150,76,72,87,118
2026-10-02 00:50:06 | video-media | UP | 5/5 | 740ms | samples=153,97,3241,92,120
----------------------------------------------------------------------------------------------------
2026-10-02 00:55:00 | frontend | UP | 200 | 28ms
2026-10-02 00:55:00 | appwrite | UP | 200 | 193ms
2026-10-02 00:55:01 | r2-media | UP | 5/5 | 77ms | worst=89ms | samples=71,75,74,79,89
2026-10-02 00:55:02 | video-media | UP | 5/5 | 108ms | samples=136,134,98,87,89
----------------------------------------------------------------------------------------------------
====================================================================================================
2026-10-02 01:00:01 | frontend | UP | 200 | 65ms
2026-10-02 01:00:01 | appwrite | UP | 200 | 263ms
2026-10-02 01:00:02 | r2-media | UP | 5/5 | 133ms | worst=237ms | samples=237,106,85,99,141
2026-10-02 01:00:03 | video-media | UP | 5/5 | 141ms | samples=200,145,119,115,127
----------------------------------------------------------------------------------------------------
2026-10-02 01:05:00 | frontend | UP | 200 | 293ms
2026-10-02 01:05:00 | appwrite | UP | 200 | 263ms
2026-10-02 01:05:01 | r2-media | UP | 5/5 | 87ms | worst=105ms | samples=80,83,86,82,105
2026-10-02 01:05:02 | video-media | UP | 5/5 | 116ms | samples=143,111,115,109,104
----------------------------------------------------------------------------------------------------
2026-10-02 01:10:00 | frontend | UP | 200 | 35ms
2026-10-02 01:10:00 | appwrite | UP | 200 | 346ms
2026-10-02 01:10:01 | r2-media | UP | 5/5 | 122ms | worst=300ms | samples=300,87,72,81,70
2026-10-02 01:10:02 | video-media | UP | 5/5 | 110ms | samples=109,132,93,110,106
----------------------------------------------------------------------------------------------------
2026-10-02 01:15:01 | frontend | UP | 200 | 348ms
2026-10-02 01:15:01 | appwrite | UP | 200 | 143ms
2026-10-02 01:15:02 | r2-media | UP | 5/5 | 139ms | worst=350ms | samples=350,119,79,83,67
2026-10-02 01:15:02 | video-media | UP | 5/5 | 135ms | samples=201,180,131,91,74
----------------------------------------------------------------------------------------------------
2026-10-02 01:20:00 | frontend | UP | 200 | 28ms
2026-10-02 01:20:00 | appwrite | UP | 200 | 143ms
2026-10-02 01:20:01 | r2-media | UP | 5/5 | 72ms | worst=83ms | samples=75,67,61,77,83
2026-10-02 01:20:02 | video-media | UP | 5/5 | 121ms | samples=154,112,109,107,124
----------------------------------------------------------------------------------------------------
2026-10-02 01:25:00 | frontend | UP | 200 | 29ms
2026-10-02 01:25:00 | appwrite | UP | 200 | 181ms
2026-10-02 01:25:01 | r2-media | UP | 5/5 | 111ms | worst=253ms | samples=253,80,69,81,72
2026-10-02 01:25:02 | video-media | UP | 5/5 | 148ms | samples=187,97,175,87,198
----------------------------------------------------------------------------------------------------
2026-10-02 01:30:00 | frontend | UP | 200 | 274ms
2026-10-02 01:30:01 | appwrite | UP | 200 | 286ms
2026-10-02 01:30:02 | r2-media | UP | 5/5 | 196ms | worst=382ms | samples=249,84,382,182,85
2026-10-02 01:30:03 | video-media | UP | 5/5 | 105ms | samples=190,82,78,93,84
----------------------------------------------------------------------------------------------------
2026-10-02 01:35:00 | frontend | UP | 200 | 35ms
2026-10-02 01:35:00 | appwrite | UP | 200 | 334ms
2026-10-02 01:35:01 | r2-media | UP | 5/5 | 98ms | worst=157ms | samples=109,65,73,157,90
2026-10-02 01:35:02 | video-media | UP | 5/5 | 96ms | samples=99,77,92,121,91
----------------------------------------------------------------------------------------------------
2026-10-02 01:40:00 | frontend | UP | 200 | 28ms
2026-10-02 01:40:01 | appwrite | UP | 200 | 322ms
2026-10-02 01:40:01 | r2-media | UP | 5/5 | 111ms | worst=227ms | samples=227,85,81,82,81
2026-10-02 01:40:02 | video-media | UP | 5/5 | 118ms | samples=130,103,146,117,96
----------------------------------------------------------------------------------------------------
2026-10-02 01:45:00 | frontend | UP | 200 | 334ms
2026-10-02 01:45:00 | appwrite | UP | 200 | 183ms
2026-10-02 01:45:01 | r2-media | UP | 5/5 | 94ms | worst=169ms | samples=68,86,74,73,169
2026-10-02 01:45:13 | video-media | UP | 5/5 | 106ms | samples=96,89,124,102,121
----------------------------------------------------------------------------------------------------
2026-10-02 01:50:00 | frontend | UP | 200 | 153ms
2026-10-02 01:50:00 | appwrite | UP | 200 | 203ms
2026-10-02 01:50:01 | r2-media | UP | 5/5 | 98ms | worst=169ms | samples=169,79,96,74,75
2026-10-02 01:50:01 | video-media | UP | 5/5 | 104ms | samples=90,80,151,104,96
----------------------------------------------------------------------------------------------------
2026-10-02 01:55:00 | frontend | UP | 200 | 27ms
2026-10-02 01:55:00 | appwrite | UP | 200 | 326ms
2026-10-02 01:55:01 | r2-media | UP | 5/5 | 98ms | worst=174ms | samples=174,84,79,86,70
2026-10-02 01:55:02 | video-media | UP | 5/5 | 110ms | samples=160,115,87,93,98
----------------------------------------------------------------------------------------------------
====================================================================================================
2026-10-02 02:00:01 | frontend | UP | 200 | 292ms
2026-10-02 02:00:01 | appwrite | UP | 200 | 306ms
2026-10-02 02:00:02 | r2-media | UP | 5/5 | 126ms | worst=201ms | samples=162,86,201,98,84
2026-10-02 02:00:03 | video-media | UP | 5/5 | 115ms | samples=194,113,95,82,94
----------------------------------------------------------------------------------------------------
2026-10-02 02:05:00 | frontend | UP | 200 | 26ms
2026-10-02 02:05:00 | appwrite | UP | 200 | 272ms
2026-10-02 02:05:01 | r2-media | UP | 5/5 | 84ms | worst=103ms | samples=88,92,103,66,74
2026-10-02 02:05:02 | video-media | UP | 5/5 | 109ms | samples=88,156,108,92,101
----------------------------------------------------------------------------------------------------
2026-10-02 02:10:00 | frontend | UP | 200 | 35ms
2026-10-02 02:10:01 | appwrite | UP | 200 | 122ms
2026-10-02 02:10:01 | r2-media | UP | 5/5 | 97ms | worst=142ms | samples=142,70,86,88,102
2026-10-02 02:10:05 | video-media | UP | 5/5 | 712ms | samples=3179,90,121,93,79
----------------------------------------------------------------------------------------------------
2026-10-02 02:15:01 | frontend | UP | 200 | 280ms
2026-10-02 02:15:01 | appwrite | UP | 200 | 190ms
2026-10-02 02:15:02 | r2-media | UP | 5/5 | 320ms | worst=1212ms | samples=159,92,1212,66,74
2026-10-02 02:15:04 | video-media | UP | 5/5 | 184ms | samples=176,92,92,123,439
----------------------------------------------------------------------------------------------------
2026-10-02 02:20:00 | frontend | UP | 200 | 155ms
2026-10-02 02:20:00 | appwrite | UP | 200 | 195ms
2026-10-02 02:20:01 | r2-media | UP | 5/5 | 85ms | worst=106ms | samples=72,59,85,106,104
2026-10-02 02:20:02 | video-media | UP | 5/5 | 98ms | samples=93,106,105,85,101
----------------------------------------------------------------------------------------------------
2026-10-02 02:25:00 | frontend | UP | 200 | 25ms
2026-10-02 02:25:01 | appwrite | UP | 200 | 294ms
2026-10-02 02:25:01 | r2-media | UP | 5/5 | 112ms | worst=246ms | samples=246,104,65,72,74
2026-10-02 02:25:02 | video-media | UP | 5/5 | 103ms | samples=108,92,117,107,91
----------------------------------------------------------------------------------------------------
2026-10-02 02:30:00 | frontend | UP | 200 | 270ms
2026-10-02 02:30:01 | appwrite | UP | 200 | 433ms
2026-10-02 02:30:01 | r2-media | UP | 5/5 | 85ms | worst=139ms | samples=71,65,139,83,68
2026-10-02 02:30:02 | video-media | UP | 5/5 | 110ms | samples=108,94,174,90,88
----------------------------------------------------------------------------------------------------
2026-10-02 02:35:00 | frontend | UP | 200 | 29ms
2026-10-02 02:35:00 | appwrite | UP | 200 | 257ms
2026-10-02 02:35:01 | r2-media | UP | 5/5 | 95ms | worst=120ms | samples=75,109,73,99,120
2026-10-02 02:35:02 | video-media | UP | 5/5 | 103ms | samples=103,111,102,85,116
----------------------------------------------------------------------------------------------------
2026-10-02 02:40:00 | frontend | UP | 200 | 27ms
2026-10-02 02:40:00 | appwrite | UP | 200 | 329ms
2026-10-02 02:40:01 | r2-media | UP | 5/5 | 90ms | worst=153ms | samples=153,66,71,90,73
2026-10-02 02:40:02 | video-media | UP | 5/5 | 113ms | samples=195,85,98,81,106
----------------------------------------------------------------------------------------------------
2026-10-02 02:45:01 | frontend | UP | 200 | 367ms
2026-10-02 02:45:01 | appwrite | UP | 200 | 257ms
2026-10-02 02:45:01 | r2-media | UP | 5/5 | 79ms | worst=141ms | samples=141,57,63,65,72
2026-10-02 02:45:02 | video-media | UP | 5/5 | 105ms | samples=167,84,94,79,102
----------------------------------------------------------------------------------------------------
2026-10-02 02:50:00 | frontend | UP | 200 | 40ms
2026-10-02 02:50:00 | appwrite | UP | 200 | 195ms
2026-10-02 02:50:01 | r2-media | UP | 5/5 | 106ms | worst=204ms | samples=204,77,91,101,59
2026-10-02 02:50:15 | video-media | UP | 5/5 | 106ms | samples=166,73,123,97,71
----------------------------------------------------------------------------------------------------
2026-10-02 02:55:00 | frontend | UP | 200 | 146ms
2026-10-02 02:55:01 | appwrite | UP | 200 | 320ms
2026-10-02 02:55:01 | r2-media | UP | 5/5 | 102ms | worst=225ms | samples=225,71,92,60,65
2026-10-02 02:55:02 | video-media | UP | 5/5 | 126ms | samples=122,266,70,94,82
----------------------------------------------------------------------------------------------------
====================================================================================================
2026-10-02 03:00:00 | frontend | UP | 200 | 436ms
2026-10-02 03:00:01 | appwrite | UP | 200 | 258ms
2026-10-02 03:00:01 | r2-media | UP | 5/5 | 118ms | worst=265ms | samples=65,65,265,136,61
2026-10-02 03:00:02 | video-media | UP | 5/5 | 119ms | samples=115,150,129,80,123
----------------------------------------------------------------------------------------------------
2026-10-02 03:05:00 | frontend | UP | 200 | 28ms
2026-10-02 03:05:00 | appwrite | UP | 200 | 254ms
2026-10-02 03:05:01 | r2-media | UP | 5/5 | 74ms | worst=93ms | samples=93,59,74,86,61
2026-10-02 03:05:01 | video-media | UP | 5/5 | 92ms | samples=100,83,90,113,75
----------------------------------------------------------------------------------------------------
2026-10-02 03:10:01 | frontend | UP | 200 | 276ms
2026-10-02 03:10:01 | appwrite | UP | 200 | 183ms
2026-10-02 03:10:01 | r2-media | UP | 5/5 | 89ms | worst=150ms | samples=150,62,81,78,75
2026-10-02 03:10:02 | video-media | UP | 5/5 | 113ms | samples=104,92,75,80,215
----------------------------------------------------------------------------------------------------
2026-10-02 03:15:00 | frontend | UP | 200 | 25ms
2026-10-02 03:15:01 | appwrite | UP | 200 | 209ms
2026-10-02 03:15:01 | r2-media | UP | 5/5 | 112ms | worst=209ms | samples=95,78,83,209,96
2026-10-02 03:15:02 | video-media | UP | 5/5 | 92ms | samples=107,90,80,89,95
----------------------------------------------------------------------------------------------------
2026-10-02 03:20:00 | frontend | UP | 200 | 31ms
2026-10-02 03:20:00 | appwrite | UP | 200 | 205ms
2026-10-02 03:20:00 | r2-media | UP | 5/5 | 86ms | worst=126ms | samples=72,74,82,78,126
2026-10-02 03:20:01 | video-media | UP | 5/5 | 79ms | samples=87,81,82,72,75
----------------------------------------------------------------------------------------------------
2026-10-02 03:25:00 | frontend | UP | 200 | 278ms
2026-10-02 03:25:00 | appwrite | UP | 200 | 182ms
2026-10-02 03:25:01 | r2-media | UP | 5/5 | 164ms | worst=403ms | samples=192,82,74,403,73
2026-10-02 03:25:02 | video-media | UP | 5/5 | 98ms | samples=106,130,93,69,93
----------------------------------------------------------------------------------------------------
2026-10-02 03:30:00 | frontend | UP | 200 | 26ms
2026-10-02 03:30:01 | appwrite | UP | 200 | 261ms
2026-10-02 03:30:01 | r2-media | UP | 5/5 | 107ms | worst=198ms | samples=198,72,68,109,88
2026-10-02 03:30:02 | video-media | UP | 5/5 | 110ms | samples=188,101,88,74,99
----------------------------------------------------------------------------------------------------
2026-10-02 03:35:01 | frontend | UP | 200 | 268ms
2026-10-02 03:35:01 | appwrite | UP | 200 | 270ms
2026-10-02 03:35:02 | r2-media | UP | 5/5 | 111ms | worst=219ms | samples=219,96,66,81,94
2026-10-02 03:35:02 | video-media | UP | 5/5 | 78ms | samples=100,84,68,83,59
----------------------------------------------------------------------------------------------------
2026-10-02 03:40:01 | frontend | UP | 200 | 33ms
2026-10-02 03:40:01 | appwrite | UP | 200 | 262ms
2026-10-02 03:40:02 | r2-media | UP | 5/5 | 104ms | worst=171ms | samples=91,67,69,125,171
2026-10-02 03:40:02 | video-media | UP | 5/5 | 82ms | samples=106,79,77,77,72
----------------------------------------------------------------------------------------------------
2026-10-02 03:45:00 | frontend | UP | 200 | 25ms
2026-10-02 03:45:00 | appwrite | UP | 200 | 253ms
2026-10-02 03:45:01 | r2-media | UP | 5/5 | 67ms | worst=78ms | samples=74,78,65,59,60
2026-10-02 03:45:02 | video-media | UP | 5/5 | 162ms | samples=118,109,85,67,435
----------------------------------------------------------------------------------------------------
2026-10-02 03:50:00 | frontend | UP | 200 | 275ms
2026-10-02 03:50:00 | appwrite | UP | 200 | 111ms
2026-10-02 03:50:01 | r2-media | UP | 5/5 | 113ms | worst=258ms | samples=258,70,87,83,68
2026-10-02 03:50:05 | video-media | UP | 5/5 | 723ms | samples=83,84,3238,92,119
----------------------------------------------------------------------------------------------------
2026-10-02 03:55:00 | frontend | UP | 200 | 25ms
2026-10-02 03:55:00 | appwrite | UP | 200 | 263ms
2026-10-02 03:55:00 | r2-media | UP | 5/5 | 66ms | worst=76ms | samples=63,73,76,59,61
2026-10-02 03:55:13 | video-media | UP | 5/5 | 85ms | samples=85,79,95,82,88
----------------------------------------------------------------------------------------------------
====================================================================================================
2026-10-02 04:00:00 | frontend | UP | 200 | 134ms
2026-10-02 04:00:00 | appwrite | UP | 200 | 139ms
2026-10-02 04:00:01 | r2-media | UP | 5/5 | 87ms | worst=186ms | samples=186,73,59,59,59
2026-10-02 04:00:01 | video-media | UP | 5/5 | 123ms | samples=94,82,123,225,95
----------------------------------------------------------------------------------------------------
2026-10-02 04:05:01 | frontend | UP | 200 | 299ms
2026-10-02 04:05:01 | appwrite | UP | 200 | 406ms
2026-10-02 04:05:02 | r2-media | UP | 5/5 | 177ms | worst=528ms | samples=135,81,65,528,80
2026-10-02 04:05:03 | video-media | UP | 5/5 | 93ms | samples=173,77,76,74,65
----------------------------------------------------------------------------------------------------
2026-10-02 04:10:00 | frontend | UP | 200 | 26ms
2026-10-02 04:10:00 | appwrite | UP | 200 | 191ms
2026-10-02 04:10:00 | r2-media | UP | 5/5 | 66ms | worst=78ms | samples=78,67,63,61,65
2026-10-02 04:10:01 | video-media | UP | 5/5 | 78ms | samples=72,69,67,85,101
----------------------------------------------------------------------------------------------------
2026-10-02 04:15:00 | frontend | UP | 200 | 30ms
2026-10-02 04:15:00 | appwrite | UP | 200 | 117ms
2026-10-02 04:15:01 | r2-media | UP | 5/5 | 79ms | worst=162ms | samples=162,57,59,54,66
2026-10-02 04:15:01 | video-media | UP | 5/5 | 95ms | samples=184,65,80,70,79
----------------------------------------------------------------------------------------------------
2026-10-02 04:20:00 | frontend | UP | 200 | 293ms
2026-10-02 04:20:01 | appwrite | UP | 200 | 268ms
2026-10-02 04:20:01 | r2-media | UP | 5/5 | 108ms | worst=280ms | samples=280,70,58,73,61
2026-10-02 04:20:02 | video-media | UP | 5/5 | 91ms | samples=104,71,138,84,60
----------------------------------------------------------------------------------------------------
2026-10-02 04:25:00 | frontend | UP | 200 | 28ms
2026-10-02 04:25:00 | appwrite | UP | 200 | 183ms
2026-10-02 04:25:00 | r2-media | UP | 5/5 | 82ms | worst=139ms | samples=71,139,65,67,70
2026-10-02 04:25:01 | video-media | UP | 5/5 | 76ms | samples=84,70,78,77,74
----------------------------------------------------------------------------------------------------
2026-10-02 04:30:01 | frontend | UP | 200 | 265ms
2026-10-02 04:30:01 | appwrite | UP | 200 | 336ms
2026-10-02 04:30:02 | r2-media | UP | 5/5 | 99ms | worst=195ms | samples=195,71,93,68,70
2026-10-02 04:30:03 | video-media | UP | 5/5 | 97ms | samples=86,95,99,123,84
----------------------------------------------------------------------------------------------------
2026-10-02 04:35:00 | frontend | UP | 200 | 44ms
2026-10-02 04:35:00 | appwrite | UP | 200 | 267ms
2026-10-02 04:35:01 | r2-media | UP | 5/5 | 71ms | worst=84ms | samples=77,61,57,84,79
2026-10-02 04:35:02 | video-media | UP | 5/5 | 102ms | samples=162,79,93,79,101
----------------------------------------------------------------------------------------------------
2026-10-02 04:40:00 | frontend | UP | 200 | 27ms
2026-10-02 04:40:01 | appwrite | UP | 200 | 195ms
2026-10-02 04:40:01 | r2-media | UP | 5/5 | 95ms | worst=192ms | samples=192,72,61,78,75
2026-10-02 04:40:02 | video-media | UP | 5/5 | 99ms | samples=169,78,104,77,71
----------------------------------------------------------------------------------------------------
2026-10-02 04:45:01 | frontend | UP | 200 | 281ms
2026-10-02 04:45:01 | appwrite | UP | 200 | 310ms
2026-10-02 04:45:02 | r2-media | UP | 5/5 | 117ms | worst=229ms | samples=229,63,147,82,65
2026-10-02 04:45:02 | video-media | UP | 5/5 | 76ms | samples=85,64,66,85,81
----------------------------------------------------------------------------------------------------
2026-10-02 04:50:00 | frontend | UP | 200 | 25ms
2026-10-02 04:50:00 | appwrite | UP | 200 | 188ms
2026-10-02 04:50:01 | r2-media | UP | 5/5 | 72ms | worst=95ms | samples=95,60,67,61,77
2026-10-02 04:50:01 | video-media | UP | 5/5 | 88ms | samples=79,89,87,86,101
----------------------------------------------------------------------------------------------------
2026-10-02 04:55:00 | frontend | UP | 200 | 25ms
2026-10-02 04:55:00 | appwrite | UP | 200 | 178ms
2026-10-02 04:55:01 | r2-media | UP | 5/5 | 127ms | worst=279ms | samples=279,66,126,69,99
2026-10-02 04:55:02 | video-media | UP | 5/5 | 87ms | samples=116,77,85,88,71
----------------------------------------------------------------------------------------------------
====================================================================================================
2026-10-02 05:00:00 | frontend | UP | 200 | 343ms
2026-10-02 05:00:01 | appwrite | UP | 200 | 430ms
2026-10-02 05:00:02 | r2-media | UP | 5/5 | 104ms | worst=160ms | samples=160,74,96,93,99
2026-10-02 05:00:12 | video-media | UP | 5/5 | 80ms | samples=86,106,66,66,77
----------------------------------------------------------------------------------------------------
2026-10-02 05:05:00 | frontend | UP | 200 | 33ms
2026-10-02 05:05:00 | appwrite | UP | 200 | 119ms
2026-10-02 05:05:01 | r2-media | UP | 5/5 | 61ms | worst=69ms | samples=67,58,58,57,69
2026-10-02 05:05:01 | video-media | UP | 5/5 | 85ms | samples=81,70,102,94,82
----------------------------------------------------------------------------------------------------
2026-10-02 05:10:00 | frontend | UP | 200 | 27ms
2026-10-02 05:10:00 | appwrite | UP | 200 | 265ms
2026-10-02 05:10:01 | r2-media | UP | 5/5 | 109ms | worst=275ms | samples=275,62,57,87,64
2026-10-02 05:10:02 | video-media | UP | 5/5 | 96ms | samples=95,109,100,86,90
----------------------------------------------------------------------------------------------------
2026-10-02 05:15:00 | frontend | UP | 200 | 287ms
2026-10-02 05:15:00 | appwrite | UP | 200 | 425ms
2026-10-02 05:15:01 | r2-media | UP | 5/5 | 126ms | worst=273ms | samples=73,154,273,70,64
2026-10-02 05:15:02 | video-media | UP | 5/5 | 86ms | samples=107,80,90,84,73
----------------------------------------------------------------------------------------------------
2026-10-02 05:20:00 | frontend | UP | 200 | 25ms
2026-10-02 05:20:01 | appwrite | UP | 200 | 251ms
2026-10-02 05:20:01 | r2-media | UP | 5/5 | 75ms | worst=117ms | samples=63,70,117,65,64
2026-10-02 05:20:02 | video-media | UP | 5/5 | 101ms | samples=86,135,99,81,104
----------------------------------------------------------------------------------------------------
2026-10-02 05:25:00 | frontend | UP | 200 | 37ms
2026-10-02 05:25:00 | appwrite | UP | 200 | 190ms
2026-10-02 05:25:01 | r2-media | UP | 5/5 | 85ms | worst=153ms | samples=153,59,62,90,65
2026-10-02 05:25:01 | video-media | UP | 5/5 | 84ms | samples=88,80,95,81,77
----------------------------------------------------------------------------------------------------
2026-10-02 05:30:00 | frontend | UP | 200 | 317ms
2026-10-02 05:30:00 | appwrite | UP | 200 | 265ms
2026-10-02 05:30:01 | r2-media | UP | 5/5 | 113ms | worst=205ms | samples=205,115,84,88,77
2026-10-02 05:30:02 | video-media | UP | 5/5 | 90ms | samples=99,73,106,91,83
----------------------------------------------------------------------------------------------------
2026-10-02 05:35:00 | frontend | UP | 200 | 30ms
2026-10-02 05:35:00 | appwrite | UP | 200 | 194ms
2026-10-02 05:35:01 | r2-media | UP | 5/5 | 81ms | worst=120ms | samples=64,82,120,68,73
2026-10-02 05:35:02 | video-media | UP | 5/5 | 100ms | samples=172,102,67,74,88
----------------------------------------------------------------------------------------------------
2026-10-02 05:40:00 | frontend | UP | 200 | 27ms
2026-10-02 05:40:00 | appwrite | UP | 200 | 181ms
2026-10-02 05:40:00 | r2-media | UP | 5/5 | 63ms | worst=74ms | samples=63,74,59,63,58
2026-10-02 05:40:01 | video-media | UP | 5/5 | 119ms | samples=78,77,89,95,258
----------------------------------------------------------------------------------------------------
2026-10-02 05:45:00 | frontend | UP | 200 | 283ms
2026-10-02 05:45:01 | appwrite | UP | 200 | 265ms
2026-10-02 05:45:01 | r2-media | UP | 5/5 | 89ms | worst=156ms | samples=156,74,70,77,72
2026-10-02 05:45:02 | video-media | UP | 5/5 | 102ms | samples=174,86,92,79,79
----------------------------------------------------------------------------------------------------
2026-10-02 05:50:00 | frontend | UP | 200 | 26ms
2026-10-02 05:50:00 | appwrite | UP | 200 | 217ms
2026-10-02 05:50:00 | r2-media | UP | 5/5 | 71ms | worst=105ms | samples=61,105,54,64,74
2026-10-02 05:50:01 | video-media | UP | 5/5 | 90ms | samples=98,88,81,93,92
----------------------------------------------------------------------------------------------------
2026-10-02 05:55:01 | frontend | UP | 200 | 266ms
2026-10-02 05:55:01 | appwrite | UP | 200 | 263ms
2026-10-02 05:55:02 | r2-media | UP | 5/5 | 106ms | worst=217ms | samples=217,74,52,120,69
2026-10-02 05:55:02 | video-media | UP | 5/5 | 91ms | samples=93,100,108,85,71
----------------------------------------------------------------------------------------------------
====================================================================================================
2026-10-02 06:00:00 | frontend | UP | 200 | 40ms
2026-10-02 06:00:00 | appwrite | UP | 200 | 267ms
2026-10-02 06:00:01 | r2-media | UP | 5/5 | 79ms | worst=94ms | samples=91,64,74,94,74
2026-10-02 06:00:05 | video-media | UP | 5/5 | 711ms | samples=3208,94,84,98,74
----------------------------------------------------------------------------------------------------
2026-10-02 06:05:01 | frontend | UP | 200 | 127ms
2026-10-02 06:05:01 | appwrite | UP | 200 | 401ms
2026-10-02 06:05:02 | r2-media | UP | 5/5 | 84ms | worst=140ms | samples=70,62,140,84,66
2026-10-02 06:05:18 | video-media | UP | 5/5 | 719ms | samples=156,3215,82,78,64
----------------------------------------------------------------------------------------------------
2026-10-02 06:10:00 | frontend | UP | 200 | 278ms
2026-10-02 06:10:01 | appwrite | UP | 200 | 327ms
2026-10-02 06:10:01 | r2-media | UP | 5/5 | 107ms | worst=222ms | samples=222,106,73,66,71
2026-10-02 06:10:02 | video-media | UP | 5/5 | 99ms | samples=175,77,81,79,85
----------------------------------------------------------------------------------------------------
2026-10-02 06:15:00 | frontend | UP | 200 | 28ms
2026-10-02 06:15:00 | appwrite | UP | 200 | 250ms
2026-10-02 06:15:00 | r2-media | UP | 5/5 | 69ms | worst=78ms | samples=78,57,78,64,68
2026-10-02 06:15:01 | video-media | UP | 5/5 | 92ms | samples=83,68,150,74,85
----------------------------------------------------------------------------------------------------
2026-10-02 06:20:00 | frontend | UP | 200 | 27ms
2026-10-02 06:20:00 | appwrite | UP | 200 | 140ms
2026-10-02 06:20:01 | r2-media | UP | 5/5 | 103ms | worst=162ms | samples=162,82,72,122,81
2026-10-02 06:20:01 | video-media | UP | 5/5 | 103ms | samples=179,90,72,78,98
----------------------------------------------------------------------------------------------------
2026-10-02 06:25:00 | frontend | UP | 200 | 291ms
2026-10-02 06:25:00 | appwrite | UP | 200 | 191ms
2026-10-02 06:25:01 | r2-media | UP | 5/5 | 87ms | worst=130ms | samples=130,89,80,68,69
2026-10-02 06:25:02 | video-media | UP | 5/5 | 113ms | samples=144,108,106,104,103
----------------------------------------------------------------------------------------------------
2026-10-02 06:30:00 | frontend | UP | 200 | 97ms
2026-10-02 06:30:00 | appwrite | UP | 200 | 187ms
2026-10-02 06:30:01 | r2-media | UP | 5/5 | 96ms | worst=201ms | samples=201,63,71,73,75
2026-10-02 06:30:02 | video-media | UP | 5/5 | 89ms | samples=81,88,103,107,66
----------------------------------------------------------------------------------------------------
2026-10-02 06:35:00 | frontend | UP | 200 | 27ms
2026-10-02 06:35:00 | appwrite | UP | 200 | 263ms
2026-10-02 06:35:00 | r2-media | UP | 5/5 | 68ms | worst=84ms | samples=66,63,84,69,60
2026-10-02 06:35:01 | video-media | UP | 5/5 | 100ms | samples=103,71,114,90,124
----------------------------------------------------------------------------------------------------
2026-10-02 06:40:00 | frontend | UP | 200 | 265ms
2026-10-02 06:40:00 | appwrite | UP | 200 | 126ms
2026-10-02 06:40:01 | r2-media | UP | 5/5 | 119ms | worst=215ms | samples=215,69,102,153,60
2026-10-02 06:40:02 | video-media | UP | 5/5 | 90ms | samples=93,94,80,107,79
----------------------------------------------------------------------------------------------------
2026-10-02 06:45:00 | frontend | UP | 200 | 26ms
2026-10-02 06:45:00 | appwrite | UP | 200 | 197ms
2026-10-02 06:45:01 | r2-media | UP | 5/5 | 109ms | worst=212ms | samples=129,72,72,63,212
2026-10-02 06:45:01 | video-media | UP | 5/5 | 95ms | samples=120,70,107,86,94
----------------------------------------------------------------------------------------------------
2026-10-02 06:50:00 | frontend | UP | 200 | 293ms
2026-10-02 06:50:01 | appwrite | UP | 200 | 339ms
2026-10-02 06:50:01 | r2-media | UP | 5/5 | 108ms | worst=261ms | samples=261,70,62,80,68
2026-10-02 06:50:02 | video-media | UP | 5/5 | 108ms | samples=209,93,82,70,89
----------------------------------------------------------------------------------------------------
2026-10-02 06:55:00 | frontend | UP | 200 | 26ms
2026-10-02 06:55:01 | appwrite | UP | 200 | 269ms
2026-10-02 06:55:01 | r2-media | UP | 5/5 | 99ms | worst=192ms | samples=54,77,109,192,67
2026-10-02 06:55:02 | video-media | UP | 5/5 | 117ms | samples=72,88,218,109,98
----------------------------------------------------------------------------------------------------
====================================================================================================
2026-10-02 07:00:00 | frontend | UP | 200 | 26ms
2026-10-02 07:00:01 | appwrite | UP | 200 | 305ms
2026-10-02 07:00:01 | r2-media | UP | 5/5 | 118ms | worst=248ms | samples=78,91,87,90,248
2026-10-02 07:00:05 | video-media | UP | 5/5 | 748ms | samples=119,161,133,3234,96
----------------------------------------------------------------------------------------------------
2026-10-02 07:05:01 | frontend | UP | 200 | 286ms
2026-10-02 07:05:01 | appwrite | UP | 200 | 262ms
2026-10-02 07:05:02 | r2-media | UP | 5/5 | 105ms | worst=203ms | samples=79,89,203,86,70
2026-10-02 07:05:03 | video-media | UP | 5/5 | 122ms | samples=85,86,220,152,69
----------------------------------------------------------------------------------------------------
2026-10-02 07:10:00 | frontend | UP | 200 | 28ms
2026-10-02 07:10:01 | appwrite | UP | 200 | 281ms
2026-10-02 07:10:02 | r2-media | UP | 5/5 | 210ms | worst=568ms | samples=568,161,149,76,98
2026-10-02 07:10:13 | video-media | UP | 5/5 | 81ms | samples=85,79,80,65,99
----------------------------------------------------------------------------------------------------
2026-10-02 07:15:00 | frontend | UP | 200 | 25ms
2026-10-02 07:15:01 | appwrite | UP | 200 | 198ms
2026-10-02 07:15:02 | r2-media | UP | 5/5 | 149ms | worst=453ms | samples=60,79,79,453,74
2026-10-02 07:15:02 | video-media | UP | 5/5 | 100ms | samples=138,116,91,80,77
----------------------------------------------------------------------------------------------------
2026-10-02 07:20:00 | frontend | UP | 200 | 274ms
2026-10-02 07:20:01 | appwrite | UP | 200 | 291ms
2026-10-02 07:20:02 | r2-media | UP | 5/5 | 138ms | worst=242ms | samples=229,76,242,70,75
2026-10-02 07:20:02 | video-media | UP | 5/5 | 109ms | samples=124,100,115,94,116
----------------------------------------------------------------------------------------------------
2026-10-02 07:25:00 | frontend | UP | 200 | 30ms
2026-10-02 07:25:00 | appwrite | UP | 200 | 256ms
2026-10-02 07:25:00 | r2-media | UP | 5/5 | 65ms | worst=70ms | samples=62,66,67,70,63
2026-10-02 07:25:01 | video-media | UP | 5/5 | 126ms | samples=110,198,91,94,138
----------------------------------------------------------------------------------------------------
2026-10-02 07:30:00 | frontend | UP | 200 | 27ms
2026-10-02 07:30:00 | appwrite | UP | 200 | 197ms
2026-10-02 07:30:01 | r2-media | UP | 5/5 | 91ms | worst=149ms | samples=149,81,66,86,74
2026-10-02 07:30:02 | video-media | UP | 5/5 | 102ms | samples=106,120,98,102,88
----------------------------------------------------------------------------------------------------
2026-10-02 07:35:01 | frontend | UP | 200 | 315ms
2026-10-02 07:35:01 | appwrite | UP | 200 | 287ms
2026-10-02 07:35:02 | r2-media | UP | 5/5 | 107ms | worst=169ms | samples=169,76,73,94,125
2026-10-02 07:35:02 | video-media | UP | 5/5 | 122ms | samples=170,95,99,138,111
----------------------------------------------------------------------------------------------------
2026-10-02 07:40:00 | frontend | UP | 200 | 27ms
2026-10-02 07:40:00 | appwrite | UP | 200 | 336ms
2026-10-02 07:40:01 | r2-media | UP | 5/5 | 72ms | worst=82ms | samples=68,73,70,68,82
2026-10-02 07:40:01 | video-media | UP | 5/5 | 105ms | samples=125,117,92,99,94
----------------------------------------------------------------------------------------------------
2026-10-02 07:45:00 | frontend | UP | 200 | 31ms
2026-10-02 07:45:00 | appwrite | UP | 200 | 257ms
2026-10-02 07:45:01 | r2-media | UP | 5/5 | 176ms | worst=396ms | samples=220,94,396,72,102
2026-10-02 07:45:02 | video-media | UP | 5/5 | 119ms | samples=176,99,114,89,118
----------------------------------------------------------------------------------------------------
2026-10-02 07:50:01 | frontend | UP | 200 | 284ms
2026-10-02 07:50:01 | appwrite | UP | 200 | 247ms
2026-10-02 07:50:02 | r2-media | UP | 5/5 | 119ms | worst=251ms | samples=251,74,61,117,94
2026-10-02 07:50:02 | video-media | UP | 5/5 | 115ms | samples=184,87,114,107,85
----------------------------------------------------------------------------------------------------
2026-10-02 07:55:00 | frontend | UP | 200 | 26ms
2026-10-02 07:55:00 | appwrite | UP | 200 | 646ms
2026-10-02 07:55:01 | r2-media | UP | 5/5 | 80ms | worst=90ms | samples=80,90,84,69,79
2026-10-02 07:55:02 | video-media | UP | 5/5 | 113ms | samples=159,121,113,85,87
----------------------------------------------------------------------------------------------------
====================================================================================================
2026-10-02 08:00:00 | frontend | UP | 200 | 27ms
2026-10-02 08:00:00 | appwrite | UP | 200 | 138ms
2026-10-02 08:00:01 | r2-media | UP | 5/5 | 116ms | worst=221ms | samples=221,91,75,94,99
2026-10-02 08:00:02 | video-media | UP | 5/5 | 114ms | samples=119,114,96,154,91
----------------------------------------------------------------------------------------------------
2026-10-02 08:05:00 | frontend | UP | 200 | 288ms
2026-10-02 08:05:01 | appwrite | UP | 200 | 188ms
2026-10-02 08:05:01 | r2-media | UP | 5/5 | 112ms | worst=239ms | samples=239,78,65,90,89
2026-10-02 08:05:02 | video-media | UP | 5/5 | 104ms | samples=99,99,136,110,80
----------------------------------------------------------------------------------------------------
2026-10-02 08:10:00 | frontend | UP | 200 | 178ms
2026-10-02 08:10:01 | appwrite | UP | 200 | 118ms
2026-10-02 08:10:01 | r2-media | UP | 5/5 | 100ms | worst=173ms | samples=72,90,173,94,72
2026-10-02 08:10:02 | video-media | UP | 5/5 | 202ms | samples=370,130,312,110,89
----------------------------------------------------------------------------------------------------
2026-10-02 08:15:00 | frontend | UP | 200 | 28ms
2026-10-02 08:15:00 | appwrite | UP | 200 | 255ms
2026-10-02 08:15:01 | r2-media | UP | 5/5 | 89ms | worst=105ms | samples=79,89,105,89,86
2026-10-02 08:15:20 | video-media | UP | 5/5 | 97ms | samples=113,104,94,91,85
----------------------------------------------------------------------------------------------------
2026-10-02 08:20:00 | frontend | UP | 200 | 275ms
2026-10-02 08:20:00 | appwrite | UP | 200 | 260ms
2026-10-02 08:20:01 | r2-media | UP | 5/5 | 91ms | worst=127ms | samples=127,83,90,81,76
2026-10-02 08:20:02 | video-media | UP | 5/5 | 180ms | samples=98,452,98,152,103
----------------------------------------------------------------------------------------------------
2026-10-02 08:25:00 | frontend | UP | 200 | 43ms
2026-10-02 08:25:00 | appwrite | UP | 200 | 186ms
2026-10-02 08:25:01 | r2-media | UP | 5/5 | 106ms | worst=162ms | samples=82,128,162,82,78
2026-10-02 08:25:01 | video-media | UP | 5/5 | 109ms | samples=141,82,117,104,104
----------------------------------------------------------------------------------------------------
2026-10-02 08:30:00 | frontend | UP | 200 | 36ms
2026-10-02 08:30:00 | appwrite | UP | 200 | 187ms
2026-10-02 08:30:01 | r2-media | UP | 5/5 | 124ms | worst=261ms | samples=126,76,74,86,261
2026-10-02 08:30:01 | video-media | UP | 5/5 | 111ms | samples=99,121,113,120,102
----------------------------------------------------------------------------------------------------
2026-10-02 08:35:01 | frontend | UP | 200 | 305ms
2026-10-02 08:35:01 | appwrite | UP | 200 | 278ms
2026-10-02 08:35:02 | r2-media | UP | 5/5 | 131ms | worst=311ms | samples=311,78,88,83,98
2026-10-02 08:35:03 | video-media | UP | 5/5 | 121ms | samples=181,144,104,91,88
----------------------------------------------------------------------------------------------------
2026-10-02 08:40:00 | frontend | UP | 200 | 30ms
2026-10-02 08:40:00 | appwrite | UP | 200 | 269ms
2026-10-02 08:40:01 | r2-media | UP | 5/5 | 125ms | worst=327ms | samples=327,68,76,79,76
2026-10-02 08:40:02 | video-media | UP | 5/5 | 126ms | samples=105,171,95,87,174
----------------------------------------------------------------------------------------------------
2026-10-02 08:45:00 | frontend | UP | 200 | 28ms
2026-10-02 08:45:00 | appwrite | UP | 200 | 328ms
2026-10-02 08:45:01 | r2-media | UP | 5/5 | 105ms | worst=174ms | samples=174,115,86,73,79
2026-10-02 08:45:02 | video-media | UP | 5/5 | 157ms | samples=280,102,113,206,85
----------------------------------------------------------------------------------------------------
2026-10-02 08:50:00 | frontend | UP | 200 | 269ms
2026-10-02 08:50:00 | appwrite | UP | 200 | 320ms
2026-10-02 08:50:01 | r2-media | UP | 5/5 | 164ms | worst=418ms | samples=79,418,161,72,93
2026-10-02 08:50:02 | video-media | UP | 5/5 | 131ms | samples=131,106,201,117,103
----------------------------------------------------------------------------------------------------
2026-10-02 08:55:00 | frontend | UP | 200 | 27ms
2026-10-02 08:55:00 | appwrite | UP | 200 | 192ms
2026-10-02 08:55:00 | r2-media | UP | 5/5 | 81ms | worst=99ms | samples=79,69,99,87,75
2026-10-02 08:55:01 | video-media | UP | 5/5 | 126ms | samples=130,108,147,123,122
----------------------------------------------------------------------------------------------------
====================================================================================================
2026-10-02 09:00:01 | frontend | UP | 200 | 277ms
2026-10-02 09:00:01 | appwrite | UP | 200 | 303ms
2026-10-02 09:00:02 | r2-media | UP | 5/5 | 197ms | worst=482ms | samples=252,482,84,96,73
2026-10-02 09:00:03 | video-media | UP | 5/5 | 147ms | samples=240,112,106,138,141
----------------------------------------------------------------------------------------------------
2026-10-02 09:05:00 | frontend | UP | 200 | 28ms
2026-10-02 09:05:00 | appwrite | UP | 200 | 258ms
2026-10-02 09:05:01 | r2-media | UP | 5/5 | 108ms | worst=159ms | samples=159,82,75,86,138
2026-10-02 09:05:02 | video-media | UP | 5/5 | 143ms | samples=157,163,117,143,136
----------------------------------------------------------------------------------------------------
2026-10-02 09:10:01 | frontend | UP | 200 | 138ms
2026-10-02 09:10:01 | appwrite | UP | 200 | 305ms
2026-10-02 09:10:02 | r2-media | UP | 5/5 | 121ms | worst=221ms | samples=221,86,116,75,110
2026-10-02 09:10:03 | video-media | UP | 5/5 | 123ms | samples=125,103,118,141,132
----------------------------------------------------------------------------------------------------
2026-10-02 09:15:00 | frontend | UP | 200 | 276ms
2026-10-02 09:15:00 | appwrite | UP | 200 | 277ms
2026-10-02 09:15:01 | r2-media | UP | 5/5 | 117ms | worst=158ms | samples=96,133,158,86,116
2026-10-02 09:15:02 | video-media | UP | 5/5 | 135ms | samples=141,143,152,138,101
----------------------------------------------------------------------------------------------------
2026-10-02 09:20:00 | frontend | UP | 200 | 27ms
2026-10-02 09:20:00 | appwrite | UP | 200 | 390ms
2026-10-02 09:20:01 | r2-media | UP | 5/5 | 123ms | worst=233ms | samples=233,95,103,108,76
2026-10-02 09:20:17 | video-media | UP | 5/5 | 94ms | samples=110,80,93,100,91
----------------------------------------------------------------------------------------------------
2026-10-02 09:25:00 | frontend | UP | 200 | 33ms
2026-10-02 09:25:00 | appwrite | UP | 200 | 258ms
2026-10-02 09:25:01 | r2-media | UP | 5/5 | 152ms | worst=223ms | samples=187,223,167,91,95
2026-10-02 09:25:02 | video-media | UP | 5/5 | 133ms | samples=147,190,102,118,108
----------------------------------------------------------------------------------------------------
2026-10-02 09:30:01 | frontend | UP | 200 | 276ms
2026-10-02 09:30:01 | appwrite | UP | 200 | 280ms
2026-10-02 09:30:02 | r2-media | UP | 5/5 | 133ms | worst=237ms | samples=237,107,95,116,113
2026-10-02 09:30:03 | video-media | UP | 5/5 | 160ms | samples=225,154,156,123,142
----------------------------------------------------------------------------------------------------
2026-10-02 09:35:00 | frontend | UP | 200 | 44ms
2026-10-02 09:35:00 | appwrite | UP | 200 | 252ms
2026-10-02 09:35:01 | r2-media | UP | 5/5 | 98ms | worst=119ms | samples=95,99,119,90,91
2026-10-02 09:35:02 | video-media | UP | 5/5 | 147ms | samples=178,148,134,177,100
----------------------------------------------------------------------------------------------------
2026-10-02 09:40:00 | frontend | UP | 200 | 90ms
2026-10-02 09:40:00 | appwrite | UP | 200 | 263ms
2026-10-02 09:40:01 | r2-media | UP | 5/5 | 132ms | worst=287ms | samples=287,91,93,112,78
2026-10-02 09:40:02 | video-media | UP | 5/5 | 139ms | samples=178,142,117,106,154
----------------------------------------------------------------------------------------------------
2026-10-02 09:45:00 | frontend | UP | 200 | 277ms
2026-10-02 09:45:01 | appwrite | UP | 200 | 203ms
2026-10-02 09:45:02 | r2-media | UP | 5/5 | 162ms | worst=461ms | samples=461,69,88,101,94
2026-10-02 09:45:03 | video-media | UP | 5/5 | 136ms | samples=174,135,160,110,102
----------------------------------------------------------------------------------------------------
2026-10-02 09:50:00 | frontend | UP | 200 | 40ms
2026-10-02 09:50:00 | appwrite | UP | 200 | 142ms
2026-10-02 09:50:01 | r2-media | UP | 5/5 | 105ms | worst=168ms | samples=108,82,83,168,86
2026-10-02 09:50:02 | video-media | UP | 5/5 | 112ms | samples=121,110,118,119,92
----------------------------------------------------------------------------------------------------
2026-10-02 09:55:00 | frontend | UP | 200 | 25ms
2026-10-02 09:55:00 | appwrite | UP | 200 | 141ms
2026-10-02 09:55:01 | r2-media | UP | 5/5 | 142ms | worst=322ms | samples=322,93,83,95,121
2026-10-02 09:55:02 | video-media | UP | 5/5 | 143ms | samples=164,102,154,148,150
----------------------------------------------------------------------------------------------------
====================================================================================================
2026-10-02 10:00:00 | frontend | UP | 200 | 385ms
2026-10-02 10:00:01 | appwrite | UP | 200 | 396ms
2026-10-02 10:00:01 | r2-media | UP | 5/5 | 123ms | worst=230ms | samples=230,86,91,108,100
2026-10-02 10:00:02 | video-media | UP | 5/5 | 151ms | samples=153,162,139,158,146
----------------------------------------------------------------------------------------------------
2026-10-02 10:05:00 | frontend | UP | 200 | 26ms
2026-10-02 10:05:00 | appwrite | UP | 200 | 200ms
2026-10-02 10:05:01 | r2-media | UP | 5/5 | 95ms | worst=109ms | samples=92,99,103,76,109
2026-10-02 10:05:02 | video-media | UP | 5/5 | 214ms | samples=147,101,458,199,165
----------------------------------------------------------------------------------------------------
2026-10-02 10:10:01 | frontend | UP | 200 | 266ms
2026-10-02 10:10:01 | appwrite | UP | 200 | 263ms
2026-10-02 10:10:02 | r2-media | UP | 5/5 | 187ms | worst=312ms | samples=312,195,221,118,89
2026-10-02 10:10:03 | video-media | UP | 5/5 | 141ms | samples=207,90,125,159,128
----------------------------------------------------------------------------------------------------
2026-10-02 10:15:00 | frontend | UP | 200 | 159ms
2026-10-02 10:15:01 | appwrite | UP | 200 | 346ms
2026-10-02 10:15:01 | r2-media | UP | 5/5 | 158ms | worst=277ms | samples=160,84,103,170,277
2026-10-02 10:15:03 | video-media | UP | 5/5 | 168ms | samples=113,100,229,171,229
----------------------------------------------------------------------------------------------------
2026-10-02 10:20:00 | frontend | UP | 200 | 45ms
2026-10-02 10:20:00 | appwrite | UP | 200 | 207ms
2026-10-02 10:20:01 | r2-media | UP | 5/5 | 87ms | worst=106ms | samples=106,70,95,93,74
2026-10-02 10:20:01 | video-media | UP | 5/5 | 117ms | samples=140,105,119,113,109
----------------------------------------------------------------------------------------------------
2026-10-02 10:25:01 | frontend | UP | 200 | 296ms
2026-10-02 10:25:01 | appwrite | UP | 200 | 267ms
2026-10-02 10:25:02 | r2-media | UP | 5/5 | 123ms | worst=212ms | samples=212,107,95,113,92
2026-10-02 10:25:18 | video-media | UP | 5/5 | 191ms | samples=143,129,454,117,112
----------------------------------------------------------------------------------------------------
2026-10-02 10:30:00 | frontend | UP | 200 | 26ms
2026-10-02 10:30:00 | appwrite | UP | 200 | 258ms
2026-10-02 10:30:01 | r2-media | UP | 5/5 | 102ms | worst=140ms | samples=140,110,89,96,75
2026-10-02 10:30:02 | video-media | UP | 5/5 | 171ms | samples=151,105,271,107,225
----------------------------------------------------------------------------------------------------
2026-10-02 10:35:01 | frontend | UP | 200 | 27ms
2026-10-02 10:35:01 | appwrite | UP | 200 | 382ms
2026-10-02 10:35:02 | r2-media | UP | 5/5 | 112ms | worst=154ms | samples=107,120,154,88,91
2026-10-02 10:35:03 | video-media | UP | 5/5 | 137ms | samples=141,156,145,153,92
----------------------------------------------------------------------------------------------------
2026-10-02 10:40:00 | frontend | UP | 200 | 292ms
2026-10-02 10:40:01 | appwrite | UP | 200 | 275ms
2026-10-02 10:40:01 | r2-media | UP | 5/5 | 132ms | worst=268ms | samples=268,90,98,84,121
2026-10-02 10:40:02 | video-media | UP | 5/5 | 125ms | samples=153,109,156,94,116
----------------------------------------------------------------------------------------------------
2026-10-02 10:45:00 | frontend | UP | 200 | 102ms
2026-10-02 10:45:01 | appwrite | UP | 200 | 286ms
2026-10-02 10:45:01 | r2-media | UP | 5/5 | 143ms | worst=365ms | samples=79,71,116,365,87
2026-10-02 10:45:02 | video-media | UP | 5/5 | 138ms | samples=187,121,131,147,108
----------------------------------------------------------------------------------------------------
2026-10-02 10:50:01 | frontend | UP | 200 | 262ms
2026-10-02 10:50:01 | appwrite | UP | 200 | 227ms
2026-10-02 10:50:02 | r2-media | UP | 5/5 | 157ms | worst=316ms | samples=194,316,98,80,98
2026-10-02 10:50:03 | video-media | UP | 5/5 | 142ms | samples=186,154,133,133,105
----------------------------------------------------------------------------------------------------
2026-10-02 10:55:00 | frontend | UP | 200 | 30ms
2026-10-02 10:55:01 | appwrite | UP | 200 | 264ms
2026-10-02 10:55:02 | r2-media | UP | 5/5 | 131ms | worst=168ms | samples=108,168,85,148,150
2026-10-02 10:55:03 | video-media | UP | 5/5 | 157ms | samples=125,123,239,120,181
----------------------------------------------------------------------------------------------------
====================================================================================================
2026-10-02 11:00:00 | frontend | UP | 200 | 35ms
2026-10-02 11:00:00 | appwrite | UP | 200 | 269ms
2026-10-02 11:00:01 | r2-media | UP | 5/5 | 196ms | worst=437ms | samples=437,130,129,139,148
2026-10-02 11:00:02 | video-media | UP | 5/5 | 203ms | samples=196,228,138,193,261
----------------------------------------------------------------------------------------------------
2026-10-02 11:05:00 | frontend | UP | 200 | 270ms
2026-10-02 11:05:01 | appwrite | UP | 200 | 198ms
2026-10-02 11:05:02 | r2-media | UP | 5/5 | 314ms | worst=759ms | samples=182,139,107,387,759
2026-10-02 11:05:03 | video-media | UP | 5/5 | 126ms | samples=125,123,132,147,105
----------------------------------------------------------------------------------------------------
2026-10-02 11:10:00 | frontend | UP | 200 | 25ms
2026-10-02 11:10:00 | appwrite | UP | 200 | 210ms
2026-10-02 11:10:01 | r2-media | UP | 5/5 | 167ms | worst=274ms | samples=192,110,86,177,274
2026-10-02 11:10:02 | video-media | UP | 5/5 | 158ms | samples=153,178,202,110,149
----------------------------------------------------------------------------------------------------
2026-10-02 11:15:00 | frontend | UP | 200 | 126ms
2026-10-02 11:15:01 | appwrite | UP | 200 | 199ms
2026-10-02 11:15:02 | r2-media | UP | 5/5 | 205ms | worst=291ms | samples=199,162,291,176,200
2026-10-02 11:15:03 | video-media | UP | 5/5 | 272ms | samples=224,149,122,156,713
----------------------------------------------------------------------------------------------------
2026-10-02 11:20:01 | frontend | UP | 200 | 273ms
2026-10-02 11:20:01 | appwrite | UP | 200 | 212ms
2026-10-02 11:20:04 | r2-media | UNSTABLE | 5/5 | 615ms | worst=1812ms | samples=248,1812,806,104,109
2026-10-02 11:20:05 | video-media | UP | 5/5 | 212ms | samples=198,164,158,265,276
----------------------------------------------------------------------------------------------------
2026-10-02 11:25:00 | frontend | UP | 200 | 29ms
2026-10-02 11:25:00 | appwrite | UP | 200 | 255ms
2026-10-02 11:25:01 | r2-media | UP | 5/5 | 122ms | worst=150ms | samples=125,150,99,142,96
2026-10-02 11:25:02 | video-media | UP | 5/5 | 143ms | samples=142,98,145,143,191
----------------------------------------------------------------------------------------------------
2026-10-02 11:30:00 | frontend | UP | 200 | 35ms
2026-10-02 11:30:00 | appwrite | UP | 200 | 143ms
2026-10-02 11:30:01 | r2-media | UP | 5/5 | 152ms | worst=211ms | samples=165,211,120,131,137
2026-10-02 11:30:20 | video-media | UP | 5/5 | 129ms | samples=124,125,152,124,124
----------------------------------------------------------------------------------------------------
2026-10-02 11:35:01 | frontend | UP | 200 | 279ms
2026-10-02 11:35:01 | appwrite | UP | 200 | 353ms
2026-10-02 11:35:02 | r2-media | UP | 5/5 | 150ms | worst=236ms | samples=236,206,102,95,113
2026-10-02 11:35:03 | video-media | UP | 5/5 | 166ms | samples=287,132,105,221,86
----------------------------------------------------------------------------------------------------
2026-10-02 11:40:00 | frontend | UP | 200 | 40ms
2026-10-02 11:40:00 | appwrite | UP | 200 | 340ms
2026-10-02 11:40:01 | r2-media | UP | 5/5 | 100ms | worst=114ms | samples=89,86,114,112,100
2026-10-02 11:40:02 | video-media | UP | 5/5 | 215ms | samples=363,112,146,286,172
----------------------------------------------------------------------------------------------------
2026-10-02 11:45:01 | frontend | UP | 200 | 79ms
2026-10-02 11:45:01 | appwrite | UP | 200 | 81ms
2026-10-02 11:45:02 | r2-media | UP | 5/5 | 150ms | worst=248ms | samples=248,98,134,146,126
2026-10-02 11:45:03 | video-media | UP | 5/5 | 202ms | samples=211,184,187,241,188
----------------------------------------------------------------------------------------------------
2026-10-02 11:50:01 | frontend | UP | 200 | 266ms
2026-10-02 11:50:01 | appwrite | UP | 200 | 144ms
2026-10-02 11:50:02 | r2-media | UP | 5/5 | 126ms | worst=179ms | samples=179,134,111,120,90
2026-10-02 11:50:03 | video-media | UP | 5/5 | 162ms | samples=151,121,115,182,243
----------------------------------------------------------------------------------------------------
2026-10-02 11:55:00 | frontend | UP | 200 | 29ms
2026-10-02 11:55:00 | appwrite | UP | 200 | 275ms
2026-10-02 11:55:01 | r2-media | UP | 5/5 | 178ms | worst=322ms | samples=322,72,141,270,87
2026-10-02 11:55:02 | video-media | UP | 5/5 | 134ms | samples=173,120,121,159,100
----------------------------------------------------------------------------------------------------
====================================================================================================
2026-10-02 12:00:00 | frontend | UP | 200 | 26ms
2026-10-02 12:00:02 | appwrite | UP | 200 | 2285ms
2026-10-02 12:00:03 | r2-media | UP | 5/5 | 160ms | worst=264ms | samples=264,94,117,132,194
2026-10-02 12:00:04 | video-media | UP | 5/5 | 155ms | samples=221,127,120,163,146
----------------------------------------------------------------------------------------------------
2026-10-02 12:05:00 | frontend | UP | 200 | 282ms
2026-10-02 12:05:01 | appwrite | UP | 200 | 279ms
2026-10-02 12:05:01 | r2-media | UP | 5/5 | 133ms | worst=164ms | samples=157,105,95,148,164
2026-10-02 12:05:02 | video-media | UP | 5/5 | 143ms | samples=123,136,142,220,96
----------------------------------------------------------------------------------------------------
2026-10-02 12:10:00 | frontend | UP | 200 | 27ms
2026-10-02 12:10:00 | appwrite | UP | 200 | 273ms
2026-10-02 12:10:01 | r2-media | UP | 5/5 | 146ms | worst=240ms | samples=240,92,114,134,153
2026-10-02 12:10:02 | video-media | UP | 5/5 | 164ms | samples=155,152,143,253,120
----------------------------------------------------------------------------------------------------
2026-10-02 12:15:01 | frontend | UP | 200 | 359ms
2026-10-02 12:15:01 | appwrite | UP | 200 | 205ms
2026-10-02 12:15:02 | r2-media | UP | 5/5 | 139ms | worst=269ms | samples=269,121,118,99,89
2026-10-02 12:15:03 | video-media | UP | 5/5 | 143ms | samples=132,114,112,177,180
----------------------------------------------------------------------------------------------------
2026-10-02 12:20:00 | frontend | UP | 200 | 26ms
2026-10-02 12:20:00 | appwrite | UP | 200 | 171ms
2026-10-02 12:20:01 | r2-media | UP | 5/5 | 159ms | worst=374ms | samples=104,374,102,117,99
2026-10-02 12:20:02 | video-media | UP | 5/5 | 126ms | samples=126,103,171,91,141
----------------------------------------------------------------------------------------------------
2026-10-02 12:25:01 | frontend | UP | 200 | 40ms
2026-10-02 12:25:01 | appwrite | UP | 200 | 209ms
2026-10-02 12:25:02 | r2-media | UP | 5/5 | 163ms | worst=306ms | samples=188,99,112,306,111
2026-10-02 12:25:03 | video-media | UP | 5/5 | 170ms | samples=150,199,108,250,144
----------------------------------------------------------------------------------------------------
2026-10-02 12:30:01 | frontend | UP | 200 | 284ms
2026-10-02 12:30:01 | appwrite | UP | 200 | 340ms
2026-10-02 12:30:02 | r2-media | UP | 5/5 | 217ms | worst=433ms | samples=253,153,134,116,433
2026-10-02 12:30:03 | video-media | UP | 5/5 | 195ms | samples=209,104,283,238,144
----------------------------------------------------------------------------------------------------
2026-10-02 12:35:00 | frontend | UP | 200 | 42ms
2026-10-02 12:35:01 | appwrite | UP | 200 | 280ms
2026-10-02 12:35:02 | r2-media | UP | 5/5 | 200ms | worst=425ms | samples=103,103,95,425,278
2026-10-02 12:35:21 | video-media | UP | 5/5 | 152ms | samples=146,150,118,233,113
----------------------------------------------------------------------------------------------------
2026-10-02 12:40:00 | frontend | UP | 200 | 30ms
2026-10-02 12:40:00 | appwrite | UP | 200 | 256ms
2026-10-02 12:40:01 | r2-media | UP | 5/5 | 110ms | worst=126ms | samples=121,109,108,89,126
2026-10-02 12:40:02 | video-media | UP | 5/5 | 162ms | samples=172,127,165,116,230
----------------------------------------------------------------------------------------------------
2026-10-02 12:45:01 | frontend | UP | 200 | 263ms
2026-10-02 12:45:01 | appwrite | UP | 200 | 317ms
2026-10-02 12:45:02 | r2-media | UP | 5/5 | 139ms | worst=268ms | samples=268,127,81,109,110
2026-10-02 12:45:03 | video-media | UP | 5/5 | 154ms | samples=187,123,132,132,199
----------------------------------------------------------------------------------------------------
2026-10-02 12:50:01 | frontend | UP | 200 | 29ms
2026-10-02 12:50:01 | appwrite | UP | 200 | 271ms
2026-10-02 12:50:02 | r2-media | UP | 5/5 | 150ms | worst=235ms | samples=133,135,235,148,100
2026-10-02 12:50:03 | video-media | UP | 5/5 | 147ms | samples=143,224,119,145,108
----------------------------------------------------------------------------------------------------
2026-10-02 12:55:00 | frontend | UP | 200 | 26ms
2026-10-02 12:55:00 | appwrite | UP | 200 | 405ms
2026-10-02 12:55:01 | r2-media | UP | 5/5 | 101ms | worst=146ms | samples=146,83,91,84,105
2026-10-02 12:55:02 | video-media | UP | 5/5 | 145ms | samples=134,161,181,133,118
----------------------------------------------------------------------------------------------------
====================================================================================================
2026-10-02 13:00:00 | frontend | UP | 200 | 258ms
2026-10-02 13:00:01 | appwrite | UP | 200 | 321ms
2026-10-02 13:00:02 | r2-media | UP | 5/5 | 154ms | worst=245ms | samples=245,129,163,147,90
2026-10-02 13:00:06 | video-media | UP | 5/5 | 817ms | samples=302,157,159,3360,110
----------------------------------------------------------------------------------------------------
2026-10-02 13:05:00 | frontend | UP | 200 | 24ms
2026-10-02 13:05:01 | appwrite | UP | 200 | 295ms
2026-10-02 13:05:02 | r2-media | UP | 5/5 | 202ms | worst=453ms | samples=132,453,120,184,123
2026-10-02 13:05:03 | video-media | UP | 5/5 | 153ms | samples=220,138,133,175,100
----------------------------------------------------------------------------------------------------
2026-10-02 13:10:00 | frontend | UP | 200 | 32ms
2026-10-02 13:10:00 | appwrite | UP | 200 | 257ms
2026-10-02 13:10:01 | r2-media | UP | 5/5 | 133ms | worst=150ms | samples=144,123,116,150,136
2026-10-02 13:10:02 | video-media | UP | 5/5 | 163ms | samples=135,261,150,141,130
----------------------------------------------------------------------------------------------------
2026-10-02 13:15:01 | frontend | UP | 200 | 267ms
2026-10-02 13:15:02 | appwrite | UP | 200 | 1077ms
2026-10-02 13:15:03 | r2-media | UP | 5/5 | 144ms | worst=252ms | samples=252,132,123,100,117
2026-10-02 13:15:04 | video-media | UP | 5/5 | 164ms | samples=210,116,202,139,156
----------------------------------------------------------------------------------------------------
2026-10-02 13:20:01 | frontend | UP | 200 | 31ms
2026-10-02 13:20:02 | appwrite | UP | 200 | 1519ms
2026-10-02 13:20:03 | r2-media | UP | 5/5 | 168ms | worst=332ms | samples=332,143,170,117,79
2026-10-02 13:20:04 | video-media | UP | 5/5 | 148ms | samples=159,142,173,139,129
----------------------------------------------------------------------------------------------------
2026-10-02 13:25:01 | frontend | UP | 200 | 31ms
2026-10-02 13:25:01 | appwrite | UP | 200 | 229ms
2026-10-02 13:25:02 | r2-media | UP | 5/5 | 122ms | worst=138ms | samples=108,137,133,97,138
2026-10-02 13:25:03 | video-media | UP | 5/5 | 135ms | samples=176,139,95,144,123
----------------------------------------------------------------------------------------------------
2026-10-02 13:30:00 | frontend | UP | 200 | 268ms
2026-10-02 13:30:01 | appwrite | UP | 200 | 357ms
2026-10-02 13:30:01 | r2-media | UP | 5/5 | 145ms | worst=232ms | samples=232,125,107,125,140
2026-10-02 13:30:03 | video-media | UP | 5/5 | 168ms | samples=273,123,157,125,162
----------------------------------------------------------------------------------------------------
2026-10-02 13:35:00 | frontend | UP | 200 | 31ms
2026-10-02 13:35:00 | appwrite | UP | 200 | 217ms
2026-10-02 13:35:01 | r2-media | UP | 5/5 | 101ms | worst=124ms | samples=103,89,90,101,124
2026-10-02 13:35:02 | video-media | UP | 5/5 | 205ms | samples=225,391,134,145,131
----------------------------------------------------------------------------------------------------
2026-10-02 13:40:01 | frontend | UP | 200 | 300ms
2026-10-02 13:40:01 | appwrite | UP | 200 | 257ms
2026-10-02 13:40:02 | r2-media | UP | 5/5 | 146ms | worst=220ms | samples=220,131,134,144,105
2026-10-02 13:40:21 | video-media | UP | 5/5 | 217ms | samples=507,147,135,170,127
----------------------------------------------------------------------------------------------------
2026-10-02 13:45:01 | frontend | UP | 200 | 39ms
2026-10-02 13:45:01 | appwrite | UP | 200 | 335ms
2026-10-02 13:45:02 | r2-media | UP | 5/5 | 127ms | worst=154ms | samples=137,110,142,154,93
2026-10-02 13:45:03 | video-media | UP | 5/5 | 173ms | samples=135,175,171,174,212
----------------------------------------------------------------------------------------------------
2026-10-02 13:50:01 | frontend | UP | 200 | 36ms
2026-10-02 13:50:01 | appwrite | UP | 200 | 224ms
2026-10-02 13:50:02 | r2-media | UP | 5/5 | 120ms | worst=169ms | samples=128,117,95,169,95
2026-10-02 13:50:06 | video-media | UP | 5/5 | 784ms | samples=3256,165,137,254,109
----------------------------------------------------------------------------------------------------
2026-10-02 13:55:01 | frontend | UP | 200 | 269ms
2026-10-02 13:55:01 | appwrite | UP | 200 | 309ms
2026-10-02 13:55:02 | r2-media | UP | 5/5 | 183ms | worst=339ms | samples=113,140,220,339,105
2026-10-02 13:55:03 | video-media | UP | 5/5 | 195ms | samples=196,110,123,113,436
----------------------------------------------------------------------------------------------------
====================================================================================================
2026-10-02 14:00:00 | frontend | UP | 200 | 25ms
2026-10-02 14:00:01 | appwrite | UP | 200 | 288ms
2026-10-02 14:00:01 | r2-media | UP | 5/5 | 142ms | worst=209ms | samples=109,209,125,146,124
2026-10-02 14:00:03 | video-media | UP | 5/5 | 254ms | samples=145,285,249,439,153
----------------------------------------------------------------------------------------------------
2026-10-02 14:05:00 | frontend | UP | 200 | 27ms
2026-10-02 14:05:01 | appwrite | UP | 200 | 300ms
2026-10-02 14:05:01 | r2-media | UP | 5/5 | 138ms | worst=177ms | samples=177,175,109,137,94
2026-10-02 14:05:03 | video-media | UP | 5/5 | 194ms | samples=138,151,97,318,269
----------------------------------------------------------------------------------------------------
2026-10-02 14:10:01 | frontend | UP | 200 | 293ms
2026-10-02 14:10:01 | appwrite | UP | 200 | 292ms
2026-10-02 14:10:02 | r2-media | UP | 5/5 | 301ms | worst=553ms | samples=239,474,97,145,553
2026-10-02 14:10:04 | video-media | UP | 5/5 | 279ms | samples=158,133,119,156,829
----------------------------------------------------------------------------------------------------
2026-10-02 14:15:01 | frontend | UP | 200 | 26ms
2026-10-02 14:15:01 | appwrite | UP | 200 | 286ms
2026-10-02 14:15:02 | r2-media | UP | 5/5 | 128ms | worst=195ms | samples=120,195,111,108,110
2026-10-02 14:15:03 | video-media | UP | 5/5 | 224ms | samples=235,135,114,181,456
----------------------------------------------------------------------------------------------------
2026-10-02 14:20:00 | frontend | UP | 200 | 27ms
2026-10-02 14:20:01 | appwrite | UP | 200 | 275ms
2026-10-02 14:20:01 | r2-media | UP | 5/5 | 107ms | worst=128ms | samples=128,90,96,109,114
2026-10-02 14:20:02 | video-media | UP | 5/5 | 182ms | samples=244,122,136,260,152
----------------------------------------------------------------------------------------------------
2026-10-02 14:25:00 | frontend | UP | 200 | 423ms
2026-10-02 14:25:00 | appwrite | UP | 200 | 163ms
2026-10-02 14:25:01 | r2-media | UP | 5/5 | 180ms | worst=309ms | samples=176,88,309,162,165
2026-10-02 14:25:02 | video-media | UP | 5/5 | 171ms | samples=184,126,129,299,120
----------------------------------------------------------------------------------------------------
2026-10-02 14:30:00 | frontend | UP | 200 | 28ms
2026-10-02 14:30:00 | appwrite | UP | 200 | 155ms
2026-10-02 14:30:01 | r2-media | UP | 5/5 | 143ms | worst=201ms | samples=110,106,181,119,201
2026-10-02 14:30:02 | video-media | UP | 5/5 | 190ms | samples=171,335,138,172,135
----------------------------------------------------------------------------------------------------
2026-10-02 14:35:01 | frontend | UP | 200 | 262ms
2026-10-02 14:35:01 | appwrite | UP | 200 | 255ms
2026-10-02 14:35:02 | r2-media | UP | 5/5 | 118ms | worst=210ms | samples=210,86,89,118,90
2026-10-02 14:35:03 | video-media | UP | 5/5 | 153ms | samples=115,131,106,300,117
----------------------------------------------------------------------------------------------------
2026-10-02 14:40:01 | frontend | UP | 200 | 23ms
2026-10-02 14:40:01 | appwrite | UP | 200 | 292ms
2026-10-02 14:40:02 | r2-media | UP | 5/5 | 168ms | worst=219ms | samples=214,219,169,115,124
2026-10-02 14:40:04 | video-media | UP | 5/5 | 310ms | samples=271,448,227,154,454
----------------------------------------------------------------------------------------------------
2026-10-02 14:45:00 | frontend | UP | 200 | 29ms
2026-10-02 14:45:01 | appwrite | UP | 200 | 222ms
2026-10-02 14:45:01 | r2-media | UP | 5/5 | 116ms | worst=167ms | samples=105,104,93,167,112
2026-10-02 14:45:18 | video-media | UP | 5/5 | 231ms | samples=268,389,269,142,89
----------------------------------------------------------------------------------------------------
2026-10-02 14:50:01 | frontend | UP | 200 | 298ms
2026-10-02 14:50:01 | appwrite | UP | 200 | 313ms
2026-10-02 14:50:02 | r2-media | UP | 5/5 | 237ms | worst=824ms | samples=824,103,81,99,79
2026-10-02 14:50:03 | video-media | UP | 5/5 | 152ms | samples=108,128,92,141,294
----------------------------------------------------------------------------------------------------
2026-10-02 14:55:00 | frontend | UP | 200 | 25ms
2026-10-02 14:55:01 | appwrite | UP | 200 | 323ms
2026-10-02 14:55:02 | r2-media | UP | 5/5 | 199ms | worst=547ms | samples=108,105,106,547,132
2026-10-02 14:55:03 | video-media | UP | 5/5 | 219ms | samples=413,91,114,188,292
----------------------------------------------------------------------------------------------------
====================================================================================================
2026-10-02 15:00:00 | frontend | UP | 200 | 29ms
2026-10-02 15:00:00 | appwrite | UP | 200 | 335ms
2026-10-02 15:00:01 | r2-media | UP | 5/5 | 126ms | worst=171ms | samples=171,126,94,160,80
2026-10-02 15:00:03 | video-media | UP | 5/5 | 226ms | samples=184,300,270,135,244
----------------------------------------------------------------------------------------------------
2026-10-02 15:05:01 | frontend | UP | 200 | 304ms
2026-10-02 15:05:01 | appwrite | UP | 200 | 241ms
2026-10-02 15:05:02 | r2-media | UP | 5/5 | 121ms | worst=167ms | samples=109,105,97,127,167
2026-10-02 15:05:03 | video-media | UP | 5/5 | 188ms | samples=162,231,139,161,247
----------------------------------------------------------------------------------------------------
2026-10-02 15:10:00 | frontend | UP | 200 | 32ms
2026-10-02 15:10:00 | appwrite | UP | 200 | 156ms
2026-10-02 15:10:03 | r2-media | UNSTABLE | 5/5 | 531ms | worst=1681ms | samples=1681,457,246,152,120
2026-10-02 15:10:04 | video-media | UP | 5/5 | 193ms | samples=137,328,279,118,104
----------------------------------------------------------------------------------------------------
2026-10-02 15:15:00 | frontend | UP | 200 | 26ms
2026-10-02 15:15:00 | appwrite | UP | 200 | 318ms
2026-10-02 15:15:01 | r2-media | UP | 5/5 | 131ms | worst=159ms | samples=159,101,128,158,112
2026-10-02 15:15:02 | video-media | UP | 5/5 | 172ms | samples=163,132,220,205,140
----------------------------------------------------------------------------------------------------
2026-10-02 15:20:00 | frontend | UP | 200 | 286ms
2026-10-02 15:20:01 | appwrite | UP | 200 | 211ms
2026-10-02 15:20:02 | r2-media | UP | 5/5 | 204ms | worst=399ms | samples=277,111,110,399,126
2026-10-02 15:20:03 | video-media | UP | 5/5 | 231ms | samples=185,128,396,250,200
----------------------------------------------------------------------------------------------------
2026-10-02 15:25:00 | frontend | UP | 200 | 143ms
2026-10-02 15:25:01 | appwrite | UP | 200 | 345ms
2026-10-02 15:25:02 | r2-media | UP | 5/5 | 146ms | worst=265ms | samples=177,265,95,102,94
2026-10-02 15:25:03 | video-media | UP | 5/5 | 168ms | samples=138,115,212,103,272
----------------------------------------------------------------------------------------------------
2026-10-02 15:30:00 | frontend | UP | 200 | 32ms
2026-10-02 15:30:00 | appwrite | UP | 200 | 144ms
2026-10-02 15:30:00 | r2-media | UP | 5/5 | 99ms | worst=126ms | samples=79,106,126,97,89
2026-10-02 15:30:01 | video-media | UP | 5/5 | 135ms | samples=143,124,141,159,109
----------------------------------------------------------------------------------------------------
2026-10-02 15:35:00 | frontend | UP | 200 | 271ms
2026-10-02 15:35:01 | appwrite | UP | 200 | 348ms
2026-10-02 15:35:01 | r2-media | UP | 5/5 | 122ms | worst=206ms | samples=206,88,100,127,91
2026-10-02 15:35:03 | video-media | UP | 5/5 | 198ms | samples=302,278,185,127,102
----------------------------------------------------------------------------------------------------
2026-10-02 15:40:00 | frontend | UP | 200 | 28ms
2026-10-02 15:40:00 | appwrite | UP | 200 | 197ms
2026-10-02 15:40:01 | r2-media | UP | 5/5 | 131ms | worst=211ms | samples=211,112,98,144,90
2026-10-02 15:40:05 | video-media | UP | 5/5 | 846ms | samples=493,3240,128,108,261
----------------------------------------------------------------------------------------------------
2026-10-02 15:45:00 | frontend | UP | 200 | 36ms
2026-10-02 15:45:00 | appwrite | UP | 200 | 259ms
2026-10-02 15:45:01 | r2-media | UP | 5/5 | 161ms | worst=274ms | samples=274,85,112,256,81
2026-10-02 15:45:02 | video-media | UP | 5/5 | 182ms | samples=221,149,135,297,111
----------------------------------------------------------------------------------------------------
2026-10-02 15:50:01 | frontend | UP | 200 | 312ms
2026-10-02 15:50:01 | appwrite | UP | 200 | 290ms
2026-10-02 15:50:02 | r2-media | UP | 5/5 | 144ms | worst=277ms | samples=277,108,121,126,90
2026-10-02 15:50:18 | video-media | UP | 5/5 | 172ms | samples=154,110,148,192,258
----------------------------------------------------------------------------------------------------
2026-10-02 15:55:00 | frontend | UP | 200 | 96ms
2026-10-02 15:55:01 | appwrite | UP | 200 | 282ms
2026-10-02 15:55:02 | r2-media | UP | 5/5 | 206ms | worst=437ms | samples=437,242,110,122,119
2026-10-02 15:55:03 | video-media | UP | 5/5 | 181ms | samples=154,119,97,449,87
----------------------------------------------------------------------------------------------------
====================================================================================================
2026-10-02 16:00:00 | frontend | UP | 200 | 29ms
2026-10-02 16:00:00 | appwrite | UP | 200 | 325ms
2026-10-02 16:00:01 | r2-media | UP | 5/5 | 142ms | worst=196ms | samples=103,126,187,196,98
2026-10-02 16:00:03 | video-media | UP | 5/5 | 242ms | samples=363,142,443,139,127
----------------------------------------------------------------------------------------------------
2026-10-02 16:05:00 | frontend | UP | 200 | 273ms
2026-10-02 16:05:01 | appwrite | UP | 200 | 441ms
2026-10-02 16:05:02 | r2-media | UP | 5/5 | 133ms | worst=242ms | samples=126,102,242,114,85
2026-10-02 16:05:03 | video-media | UP | 5/5 | 196ms | samples=336,235,135,135,142
----------------------------------------------------------------------------------------------------
2026-10-02 16:10:00 | frontend | UP | 200 | 27ms
2026-10-02 16:10:00 | appwrite | UP | 200 | 225ms
2026-10-02 16:10:01 | r2-media | UP | 5/5 | 152ms | worst=248ms | samples=248,145,119,118,130
2026-10-02 16:10:03 | video-media | UP | 5/5 | 246ms | samples=290,394,250,145,155
----------------------------------------------------------------------------------------------------
2026-10-02 16:15:00 | frontend | UP | 200 | 27ms
2026-10-02 16:15:01 | appwrite | UP | 200 | 432ms
2026-10-02 16:15:02 | r2-media | UP | 5/5 | 157ms | worst=275ms | samples=275,124,150,129,111
2026-10-02 16:15:03 | video-media | UP | 5/5 | 214ms | samples=280,469,128,97,97
----------------------------------------------------------------------------------------------------
2026-10-02 16:20:01 | frontend | UP | 200 | 280ms
2026-10-02 16:20:01 | appwrite | UP | 200 | 366ms
2026-10-02 16:20:02 | r2-media | UP | 5/5 | 151ms | worst=280ms | samples=280,128,105,142,102
2026-10-02 16:20:03 | video-media | UP | 5/5 | 237ms | samples=396,228,116,131,316
----------------------------------------------------------------------------------------------------
2026-10-02 16:25:00 | frontend | UP | 200 | 29ms
2026-10-02 16:25:00 | appwrite | UP | 200 | 396ms
2026-10-02 16:25:01 | r2-media | UP | 5/5 | 120ms | worst=164ms | samples=125,97,114,100,164
2026-10-02 16:25:02 | video-media | UP | 5/5 | 185ms | samples=375,143,112,147,152
----------------------------------------------------------------------------------------------------
2026-10-02 16:30:01 | frontend | UP | 200 | 49ms
2026-10-02 16:30:01 | appwrite | UP | 200 | 138ms
2026-10-02 16:30:02 | r2-media | UP | 5/5 | 230ms | worst=434ms | samples=297,434,115,210,95
2026-10-02 16:30:03 | video-media | UP | 5/5 | 215ms | samples=200,455,175,128,117
----------------------------------------------------------------------------------------------------
2026-10-02 16:35:01 | frontend | UP | 200 | 275ms
2026-10-02 16:35:01 | appwrite | UP | 200 | 363ms
2026-10-02 16:35:02 | r2-media | UP | 5/5 | 142ms | worst=264ms | samples=264,128,140,100,78
2026-10-02 16:35:03 | video-media | UP | 5/5 | 186ms | samples=270,118,224,182,136
----------------------------------------------------------------------------------------------------
2026-10-02 16:40:01 | frontend | UP | 200 | 27ms
2026-10-02 16:40:01 | appwrite | UP | 200 | 461ms
2026-10-02 16:40:02 | r2-media | UP | 5/5 | 139ms | worst=189ms | samples=120,186,189,120,82
2026-10-02 16:40:03 | video-media | UP | 5/5 | 196ms | samples=409,229,112,127,105
----------------------------------------------------------------------------------------------------
2026-10-02 16:45:00 | frontend | UP | 200 | 27ms
2026-10-02 16:45:00 | appwrite | UP | 200 | 391ms
2026-10-02 16:45:01 | r2-media | UP | 5/5 | 101ms | worst=112ms | samples=98,85,105,106,112
2026-10-02 16:45:02 | video-media | UP | 5/5 | 155ms | samples=274,120,151,101,132
----------------------------------------------------------------------------------------------------
2026-10-02 16:50:01 | frontend | UP | 200 | 275ms
2026-10-02 16:50:01 | appwrite | UP | 200 | 244ms
2026-10-02 16:50:02 | r2-media | UP | 5/5 | 155ms | worst=340ms | samples=340,123,100,116,100
2026-10-02 16:50:03 | video-media | UP | 5/5 | 167ms | samples=235,127,123,173,179
----------------------------------------------------------------------------------------------------
2026-10-02 16:55:00 | frontend | UP | 200 | 38ms
2026-10-02 16:55:00 | appwrite | UP | 200 | 157ms
2026-10-02 16:55:01 | r2-media | UP | 5/5 | 91ms | worst=103ms | samples=82,83,97,93,103
2026-10-02 16:55:18 | video-media | UP | 5/5 | 142ms | samples=144,242,99,100,128
----------------------------------------------------------------------------------------------------
====================================================================================================
2026-10-02 17:00:01 | frontend | UP | 200 | 163ms
2026-10-02 17:00:01 | appwrite | UP | 200 | 224ms
2026-10-02 17:00:02 | r2-media | UP | 5/5 | 153ms | worst=196ms | samples=196,137,138,160,137
2026-10-02 17:00:03 | video-media | UP | 5/5 | 246ms | samples=165,164,236,266,401
----------------------------------------------------------------------------------------------------
2026-10-02 17:05:00 | frontend | UP | 200 | 291ms
2026-10-02 17:05:01 | appwrite | UP | 200 | 193ms
2026-10-02 17:05:01 | r2-media | UP | 5/5 | 148ms | worst=334ms | samples=90,105,91,334,123
2026-10-02 17:05:03 | video-media | UP | 5/5 | 240ms | samples=129,249,157,405,263
----------------------------------------------------------------------------------------------------
2026-10-02 17:10:00 | frontend | UP | 200 | 40ms
2026-10-02 17:10:00 | appwrite | UP | 200 | 221ms
2026-10-02 17:10:01 | r2-media | UP | 5/5 | 126ms | worst=184ms | samples=111,106,184,114,119
2026-10-02 17:10:03 | video-media | UP | 5/5 | 300ms | samples=534,270,141,151,406
----------------------------------------------------------------------------------------------------
2026-10-02 17:15:00 | frontend | UP | 200 | 37ms
2026-10-02 17:15:00 | appwrite | UP | 200 | 194ms
2026-10-02 17:15:01 | r2-media | UP | 5/5 | 114ms | worst=123ms | samples=123,113,122,95,118
2026-10-02 17:15:02 | video-media | UP | 5/5 | 237ms | samples=404,115,174,243,250
----------------------------------------------------------------------------------------------------
2026-10-02 17:20:01 | frontend | UP | 200 | 287ms
2026-10-02 17:20:01 | appwrite | UP | 200 | 323ms
2026-10-02 17:20:02 | r2-media | UP | 5/5 | 155ms | worst=239ms | samples=239,104,134,179,122
2026-10-02 17:20:03 | video-media | UP | 5/5 | 142ms | samples=211,134,105,134,130
----------------------------------------------------------------------------------------------------
2026-10-02 17:25:00 | frontend | UP | 200 | 30ms
2026-10-02 17:25:00 | appwrite | UP | 200 | 338ms
2026-10-02 17:25:01 | r2-media | UP | 5/5 | 88ms | worst=104ms | samples=95,104,73,73,97
2026-10-02 17:25:02 | video-media | UP | 5/5 | 184ms | samples=251,115,141,294,122
----------------------------------------------------------------------------------------------------
2026-10-02 17:30:00 | frontend | UP | 200 | 32ms
2026-10-02 17:30:01 | appwrite | UP | 200 | 266ms
2026-10-02 17:30:02 | r2-media | UP | 5/5 | 170ms | worst=266ms | samples=266,117,178,156,136
2026-10-02 17:30:03 | video-media | UP | 5/5 | 164ms | samples=169,171,129,165,187
----------------------------------------------------------------------------------------------------
2026-10-02 17:35:00 | frontend | UP | 200 | 296ms
2026-10-02 17:35:00 | appwrite | UP | 200 | 212ms
2026-10-02 17:35:01 | r2-media | UP | 5/5 | 161ms | worst=255ms | samples=162,114,183,255,95
2026-10-02 17:35:02 | video-media | UP | 5/5 | 168ms | samples=228,160,172,132,149
----------------------------------------------------------------------------------------------------
2026-10-02 17:40:00 | frontend | UP | 200 | 26ms
2026-10-02 17:40:00 | appwrite | UP | 200 | 372ms
2026-10-02 17:40:01 | r2-media | UP | 5/5 | 98ms | worst=122ms | samples=119,91,80,122,80
2026-10-02 17:40:02 | video-media | UP | 5/5 | 198ms | samples=236,110,139,168,341
----------------------------------------------------------------------------------------------------
2026-10-02 17:45:01 | frontend | UP | 200 | 298ms
2026-10-02 17:45:01 | appwrite | UP | 200 | 397ms
2026-10-02 17:45:02 | r2-media | UP | 5/5 | 119ms | worst=207ms | samples=207,116,89,113,74
2026-10-02 17:45:03 | video-media | UP | 5/5 | 207ms | samples=580,113,102,140,103
----------------------------------------------------------------------------------------------------
2026-10-02 17:50:00 | frontend | UP | 200 | 28ms
2026-10-02 17:50:00 | appwrite | UP | 200 | 295ms
2026-10-02 17:50:01 | r2-media | UP | 5/5 | 109ms | worst=174ms | samples=74,83,112,174,104
2026-10-02 17:50:02 | video-media | UP | 5/5 | 162ms | samples=139,137,314,122,102
----------------------------------------------------------------------------------------------------
2026-10-02 17:55:00 | frontend | UP | 200 | 28ms
2026-10-02 17:55:00 | appwrite | UP | 200 | 254ms
2026-10-02 17:55:01 | r2-media | UP | 5/5 | 145ms | worst=240ms | samples=196,240,100,106,86
2026-10-02 17:55:02 | video-media | UP | 5/5 | 133ms | samples=148,130,129,137,123
----------------------------------------------------------------------------------------------------
====================================================================================================
2026-10-02 18:00:00 | frontend | UP | 200 | 272ms
2026-10-02 18:00:00 | appwrite | UP | 200 | 368ms
2026-10-02 18:00:01 | r2-media | UP | 5/5 | 160ms | worst=302ms | samples=302,136,157,116,92
2026-10-02 18:00:28 | video-media | UP | 5/5 | 160ms | samples=193,102,140,138,231
----------------------------------------------------------------------------------------------------
2026-10-02 18:05:00 | frontend | UP | 200 | 41ms
2026-10-02 18:05:00 | appwrite | UP | 200 | 208ms
2026-10-02 18:05:01 | r2-media | UP | 5/5 | 177ms | worst=299ms | samples=123,109,299,265,89
2026-10-02 18:05:02 | video-media | UP | 5/5 | 175ms | samples=302,159,119,150,149
----------------------------------------------------------------------------------------------------
2026-10-02 18:10:00 | frontend | UP | 200 | 31ms
2026-10-02 18:10:00 | appwrite | UP | 200 | 204ms
2026-10-02 18:10:01 | r2-media | UP | 5/5 | 127ms | worst=162ms | samples=134,103,101,162,135
2026-10-02 18:10:02 | video-media | UP | 5/5 | 161ms | samples=121,138,100,221,228
----------------------------------------------------------------------------------------------------
2026-10-02 18:15:00 | frontend | UP | 200 | 275ms
2026-10-02 18:15:00 | appwrite | UP | 200 | 413ms
2026-10-02 18:15:01 | r2-media | UP | 5/5 | 132ms | worst=260ms | samples=260,131,89,109,73
2026-10-02 18:15:05 | video-media | UP | 5/5 | 748ms | samples=3253,114,129,151,96
----------------------------------------------------------------------------------------------------
2026-10-02 18:20:00 | frontend | UP | 200 | 28ms
2026-10-02 18:20:01 | appwrite | UP | 200 | 340ms
2026-10-02 18:20:02 | r2-media | UP | 5/5 | 137ms | worst=221ms | samples=221,128,100,125,111
2026-10-02 18:20:03 | video-media | UP | 5/5 | 176ms | samples=235,133,185,110,221
----------------------------------------------------------------------------------------------------
2026-10-02 18:25:00 | frontend | UP | 200 | 27ms
2026-10-02 18:25:00 | appwrite | UP | 200 | 211ms
2026-10-02 18:25:01 | r2-media | UP | 5/5 | 127ms | worst=192ms | samples=192,99,98,124,125
2026-10-02 18:25:02 | video-media | UP | 5/5 | 131ms | samples=140,148,129,125,117
----------------------------------------------------------------------------------------------------
2026-10-02 18:30:00 | frontend | UP | 200 | 331ms
2026-10-02 18:30:00 | appwrite | UP | 200 | 270ms
2026-10-02 18:30:01 | r2-media | UP | 5/5 | 134ms | worst=205ms | samples=205,104,145,102,117
2026-10-02 18:30:03 | video-media | UP | 5/5 | 184ms | samples=245,146,188,214,127
----------------------------------------------------------------------------------------------------
2026-10-02 18:35:00 | frontend | UP | 200 | 24ms
2026-10-02 18:35:01 | appwrite | UP | 200 | 413ms
2026-10-02 18:35:02 | r2-media | UP | 5/5 | 126ms | worst=199ms | samples=199,147,82,91,114
2026-10-02 18:35:03 | video-media | UP | 5/5 | 185ms | samples=149,376,113,164,123
----------------------------------------------------------------------------------------------------
2026-10-02 18:40:01 | frontend | UP | 200 | 282ms
2026-10-02 18:40:01 | appwrite | UP | 200 | 224ms
2026-10-02 18:40:02 | r2-media | UP | 5/5 | 146ms | worst=185ms | samples=169,112,185,103,163
2026-10-02 18:40:03 | video-media | UP | 5/5 | 172ms | samples=190,141,141,256,132
----------------------------------------------------------------------------------------------------
2026-10-02 18:45:00 | frontend | UP | 200 | 30ms
2026-10-02 18:45:01 | appwrite | UP | 200 | 130ms
2026-10-02 18:45:01 | r2-media | UP | 5/5 | 102ms | worst=116ms | samples=80,96,104,116,116
2026-10-02 18:45:02 | video-media | UP | 5/5 | 173ms | samples=159,277,124,151,158
----------------------------------------------------------------------------------------------------
2026-10-02 18:50:01 | frontend | UP | 200 | 32ms
2026-10-02 18:50:01 | appwrite | UP | 200 | 197ms
2026-10-02 18:50:02 | r2-media | UP | 5/5 | 161ms | worst=259ms | samples=259,164,119,111,154
2026-10-02 18:50:03 | video-media | UP | 5/5 | 213ms | samples=152,288,142,330,154
----------------------------------------------------------------------------------------------------
2026-10-02 18:55:00 | frontend | UP | 200 | 268ms
2026-10-02 18:55:01 | appwrite | UP | 200 | 358ms
2026-10-02 18:55:02 | r2-media | UP | 5/5 | 186ms | worst=316ms | samples=121,316,263,126,107
2026-10-02 18:55:03 | video-media | UP | 5/5 | 160ms | samples=281,117,122,138,146
----------------------------------------------------------------------------------------------------
====================================================================================================
2026-10-02 19:00:00 | frontend | UP | 200 | 31ms
2026-10-02 19:00:00 | appwrite | UP | 200 | 197ms
2026-10-02 19:00:01 | r2-media | UP | 5/5 | 112ms | worst=121ms | samples=121,103,108,113,119
2026-10-02 19:00:02 | video-media | UP | 5/5 | 189ms | samples=189,172,148,179,258
----------------------------------------------------------------------------------------------------
2026-10-02 19:05:01 | frontend | UP | 200 | 326ms
2026-10-02 19:05:01 | appwrite | UP | 200 | 245ms
2026-10-02 19:05:02 | r2-media | UP | 5/5 | 140ms | worst=202ms | samples=137,202,122,110,133
2026-10-02 19:05:20 | video-media | UP | 5/5 | 159ms | samples=165,128,254,100,151
----------------------------------------------------------------------------------------------------
2026-10-02 19:10:00 | frontend | UP | 200 | 26ms
2026-10-02 19:10:01 | appwrite | UP | 200 | 277ms
2026-10-02 19:10:02 | r2-media | UP | 5/5 | 148ms | worst=243ms | samples=243,89,99,134,175
2026-10-02 19:10:03 | video-media | UP | 5/5 | 273ms | samples=240,129,129,770,101
----------------------------------------------------------------------------------------------------
2026-10-02 19:15:00 | frontend | UP | 200 | 25ms
2026-10-02 19:15:00 | appwrite | UP | 200 | 356ms
2026-10-02 19:15:01 | r2-media | UP | 5/5 | 117ms | worst=138ms | samples=107,117,138,117,107
2026-10-02 19:15:03 | video-media | UP | 5/5 | 488ms | samples=251,110,1257,740,83
----------------------------------------------------------------------------------------------------
2026-10-02 19:20:00 | frontend | UP | 200 | 277ms
2026-10-02 19:20:00 | appwrite | UP | 200 | 312ms
2026-10-02 19:20:01 | r2-media | UP | 5/5 | 161ms | worst=246ms | samples=240,246,100,108,114
2026-10-02 19:20:03 | video-media | UP | 5/5 | 215ms | samples=275,119,426,135,123
----------------------------------------------------------------------------------------------------
2026-10-02 19:25:00 | frontend | UP | 200 | 24ms
2026-10-02 19:25:00 | appwrite | UP | 200 | 131ms
2026-10-02 19:25:01 | r2-media | UP | 5/5 | 162ms | worst=244ms | samples=244,195,120,139,116
2026-10-02 19:25:03 | video-media | UP | 5/5 | 172ms | samples=221,134,114,254,138
----------------------------------------------------------------------------------------------------
2026-10-02 19:30:01 | frontend | UP | 200 | 360ms
2026-10-02 19:30:01 | appwrite | UP | 200 | 188ms
2026-10-02 19:30:02 | r2-media | UP | 5/5 | 194ms | worst=326ms | samples=206,326,99,210,130
2026-10-02 19:30:03 | video-media | UP | 5/5 | 167ms | samples=171,148,133,200,186
----------------------------------------------------------------------------------------------------
2026-10-02 19:35:00 | frontend | UP | 200 | 32ms
2026-10-02 19:35:00 | appwrite | UP | 200 | 308ms
2026-10-02 19:35:01 | r2-media | UP | 5/5 | 209ms | worst=472ms | samples=73,472,201,146,156
2026-10-02 19:35:03 | video-media | UP | 5/5 | 357ms | samples=654,783,128,107,115
----------------------------------------------------------------------------------------------------
2026-10-02 19:40:00 | frontend | UP | 200 | 45ms
2026-10-02 19:40:00 | appwrite | UP | 200 | 302ms
2026-10-02 19:40:01 | r2-media | UP | 5/5 | 118ms | worst=178ms | samples=107,98,178,119,89
2026-10-02 19:40:03 | video-media | UP | 5/5 | 272ms | samples=425,444,111,237,147
----------------------------------------------------------------------------------------------------
2026-10-02 19:45:00 | frontend | UP | 200 | 269ms
2026-10-02 19:45:01 | appwrite | UP | 200 | 225ms
2026-10-02 19:45:02 | r2-media | UP | 5/5 | 161ms | worst=305ms | samples=305,164,105,127,107
2026-10-02 19:45:03 | video-media | UP | 5/5 | 258ms | samples=149,403,130,281,331
----------------------------------------------------------------------------------------------------
2026-10-02 19:50:00 | frontend | UP | 200 | 32ms
2026-10-02 19:50:00 | appwrite | UP | 200 | 196ms
2026-10-02 19:50:01 | r2-media | UP | 5/5 | 132ms | worst=154ms | samples=145,109,108,146,154
2026-10-02 19:50:03 | video-media | UP | 5/5 | 325ms | samples=798,129,165,397,136
----------------------------------------------------------------------------------------------------
2026-10-02 19:55:00 | frontend | UP | 200 | 29ms
2026-10-02 19:55:00 | appwrite | UP | 200 | 200ms
2026-10-02 19:55:01 | r2-media | UP | 5/5 | 174ms | worst=312ms | samples=312,157,128,176,98
2026-10-02 19:55:02 | video-media | UP | 5/5 | 176ms | samples=228,170,122,107,255
----------------------------------------------------------------------------------------------------
====================================================================================================
2026-10-02 20:00:00 | frontend | UP | 200 | 278ms
2026-10-02 20:00:01 | appwrite | UP | 200 | 340ms
2026-10-02 20:00:02 | r2-media | UP | 5/5 | 150ms | worst=185ms | samples=185,128,155,170,114
2026-10-02 20:00:04 | video-media | UP | 5/5 | 389ms | samples=787,772,126,85,179
----------------------------------------------------------------------------------------------------
2026-10-02 20:05:00 | frontend | UP | 200 | 30ms
2026-10-02 20:05:01 | appwrite | UP | 200 | 286ms
2026-10-02 20:05:01 | r2-media | UP | 5/5 | 165ms | worst=385ms | samples=91,127,102,385,120
2026-10-02 20:05:04 | video-media | UP | 5/5 | 549ms | samples=116,1515,169,140,806
----------------------------------------------------------------------------------------------------
2026-10-02 20:10:00 | frontend | UP | 200 | 26ms
2026-10-02 20:10:00 | appwrite | UP | 200 | 392ms
2026-10-02 20:10:01 | r2-media | UP | 5/5 | 137ms | worst=189ms | samples=189,114,119,149,116
2026-10-02 20:10:17 | video-media | UP | 5/5 | 382ms | samples=134,739,800,136,105
----------------------------------------------------------------------------------------------------
2026-10-02 20:15:01 | frontend | UP | 200 | 279ms
2026-10-02 20:15:01 | appwrite | UP | 200 | 450ms
2026-10-02 20:15:02 | r2-media | UP | 5/5 | 129ms | worst=250ms | samples=250,91,129,83,96
2026-10-02 20:15:04 | video-media | UP | 5/5 | 362ms | samples=120,768,695,112,118
----------------------------------------------------------------------------------------------------
2026-10-02 20:20:01 | frontend | UP | 200 | 38ms
2026-10-02 20:20:01 | appwrite | UP | 200 | 347ms
2026-10-02 20:20:02 | r2-media | UP | 5/5 | 153ms | worst=223ms | samples=135,111,186,223,110
2026-10-02 20:20:03 | video-media | UP | 5/5 | 253ms | samples=117,92,462,490,106
----------------------------------------------------------------------------------------------------
2026-10-02 20:25:00 | frontend | UP | 200 | 28ms
2026-10-02 20:25:00 | appwrite | UP | 200 | 220ms
2026-10-02 20:25:01 | r2-media | UP | 5/5 | 95ms | worst=128ms | samples=88,67,128,110,84
2026-10-02 20:25:02 | video-media | UP | 5/5 | 251ms | samples=801,131,112,103,110
----------------------------------------------------------------------------------------------------
2026-10-02 20:30:00 | frontend | UP | 200 | 333ms
2026-10-02 20:30:00 | appwrite | UP | 200 | 419ms
2026-10-02 20:30:02 | r2-media | UP | 5/5 | 202ms | worst=382ms | samples=276,94,96,382,165
2026-10-02 20:30:05 | video-media | UP | 5/5 | 650ms | samples=754,707,100,931,759
----------------------------------------------------------------------------------------------------
2026-10-02 20:35:00 | frontend | UP | 200 | 191ms
2026-10-02 20:35:00 | appwrite | UP | 200 | 332ms
2026-10-02 20:35:01 | r2-media | UP | 5/5 | 114ms | worst=168ms | samples=101,168,103,102,98
2026-10-02 20:35:03 | video-media | UP | 5/5 | 400ms | samples=153,128,786,759,176
----------------------------------------------------------------------------------------------------
2026-10-02 20:40:00 | frontend | UP | 200 | 28ms
2026-10-02 20:40:00 | appwrite | UP | 200 | 159ms
2026-10-02 20:40:01 | r2-media | UP | 5/5 | 114ms | worst=147ms | samples=124,111,147,99,91
2026-10-02 20:40:03 | video-media | UP | 5/5 | 538ms | samples=231,730,778,851,102
----------------------------------------------------------------------------------------------------
2026-10-02 20:45:00 | frontend | UP | 200 | 303ms
2026-10-02 20:45:01 | appwrite | UP | 200 | 150ms
2026-10-02 20:45:01 | r2-media | UP | 5/5 | 138ms | worst=247ms | samples=247,130,147,100,70
2026-10-02 20:45:04 | video-media | UP | 5/5 | 465ms | samples=163,839,124,1086,117
----------------------------------------------------------------------------------------------------
2026-10-02 20:50:00 | frontend | UP | 200 | 26ms
2026-10-02 20:50:00 | appwrite | UP | 200 | 351ms
2026-10-02 20:50:01 | r2-media | UP | 5/5 | 141ms | worst=321ms | samples=87,119,92,90,321
2026-10-02 20:50:03 | video-media | UP | 5/5 | 433ms | samples=774,870,125,281,116
----------------------------------------------------------------------------------------------------
2026-10-02 20:55:00 | frontend | UP | 200 | 27ms
2026-10-02 20:55:00 | appwrite | UP | 200 | 192ms
2026-10-02 20:55:01 | r2-media | UP | 5/5 | 124ms | worst=183ms | samples=183,114,130,87,108
2026-10-02 20:55:03 | video-media | UP | 5/5 | 452ms | samples=496,151,249,482,884
----------------------------------------------------------------------------------------------------
====================================================================================================
2026-10-02 21:00:00 | frontend | UP | 200 | 294ms
2026-10-02 21:00:00 | appwrite | UP | 200 | 272ms
2026-10-02 21:00:01 | r2-media | UP | 5/5 | 133ms | worst=213ms | samples=213,148,68,147,92
2026-10-02 21:00:04 | video-media | UP | 5/5 | 519ms | samples=767,735,831,156,108
----------------------------------------------------------------------------------------------------
2026-10-02 21:05:01 | frontend | UP | 200 | 39ms
2026-10-02 21:05:01 | appwrite | UP | 200 | 367ms
2026-10-02 21:05:02 | r2-media | UP | 5/5 | 126ms | worst=197ms | samples=197,93,95,120,128
2026-10-02 21:05:07 | video-media | UP | 5/5 | 1093ms | samples=3227,890,118,398,836
----------------------------------------------------------------------------------------------------
2026-10-02 21:10:00 | frontend | UP | 200 | 36ms
2026-10-02 21:10:00 | appwrite | UP | 200 | 45ms
2026-10-02 21:10:01 | r2-media | UP | 5/5 | 91ms | worst=101ms | samples=101,95,93,90,76
2026-10-02 21:10:04 | video-media | UP | 5/5 | 552ms | samples=121,771,130,768,973
----------------------------------------------------------------------------------------------------
2026-10-02 21:15:00 | frontend | UP | 200 | 295ms
2026-10-02 21:15:00 | appwrite | UP | 200 | 213ms
2026-10-02 21:15:01 | r2-media | UP | 5/5 | 143ms | worst=289ms | samples=289,103,111,116,96
2026-10-02 21:15:25 | video-media | UP | 5/5 | 800ms | samples=1345,787,750,749,372
----------------------------------------------------------------------------------------------------
2026-10-02 21:20:00 | frontend | UP | 200 | 29ms
2026-10-02 21:20:00 | appwrite | UP | 200 | 260ms
2026-10-02 21:20:01 | r2-media | UP | 5/5 | 149ms | worst=351ms | samples=351,87,149,80,81
2026-10-02 21:20:03 | video-media | UP | 5/5 | 373ms | samples=126,463,389,388,499
----------------------------------------------------------------------------------------------------
2026-10-02 21:25:00 | frontend | UP | 200 | 28ms
2026-10-02 21:25:00 | appwrite | UP | 200 | 237ms
2026-10-02 21:25:01 | r2-media | UP | 5/5 | 183ms | worst=372ms | samples=106,83,372,246,112
2026-10-02 21:25:18 | video-media | UNSTABLE | 4/5 | 464ms | samples=147,130,781,FAIL,798
----------------------------------------------------------------------------------------------------
2026-10-02 21:30:00 | frontend | UP | 200 | 273ms
2026-10-02 21:30:00 | appwrite | UP | 200 | 268ms
2026-10-02 21:30:01 | r2-media | UP | 5/5 | 135ms | worst=252ms | samples=96,130,89,252,110
2026-10-02 21:30:04 | video-media | UP | 5/5 | 515ms | samples=863,686,142,776,110
----------------------------------------------------------------------------------------------------
2026-10-02 21:35:01 | frontend | UP | 200 | 94ms
2026-10-02 21:35:01 | appwrite | UP | 200 | 315ms
2026-10-02 21:35:02 | r2-media | UP | 5/5 | 155ms | worst=306ms | samples=306,196,88,106,80
2026-10-02 21:35:05 | video-media | UP | 5/5 | 619ms | samples=938,755,108,108,1189
----------------------------------------------------------------------------------------------------
2026-10-02 21:40:00 | frontend | UP | 200 | 27ms
2026-10-02 21:40:00 | appwrite | UP | 200 | 90ms
2026-10-02 21:40:01 | r2-media | UP | 5/5 | 88ms | worst=104ms | samples=97,80,74,104,87
2026-10-02 21:40:03 | video-media | UP | 5/5 | 483ms | samples=782,325,213,239,860
----------------------------------------------------------------------------------------------------
2026-10-02 21:45:00 | frontend | UP | 200 | 365ms
2026-10-02 21:45:01 | appwrite | UP | 200 | 327ms
2026-10-02 21:45:02 | r2-media | UP | 5/5 | 197ms | worst=448ms | samples=237,114,103,448,87
2026-10-02 21:45:04 | video-media | UP | 5/5 | 414ms | samples=819,728,105,148,274
----------------------------------------------------------------------------------------------------
2026-10-02 21:50:00 | frontend | UP | 200 | 28ms
2026-10-02 21:50:01 | appwrite | UP | 200 | 274ms
2026-10-02 21:50:02 | r2-media | UP | 5/5 | 147ms | worst=241ms | samples=205,241,98,95,96
2026-10-02 21:50:04 | video-media | UP | 5/5 | 336ms | samples=871,171,106,355,179
----------------------------------------------------------------------------------------------------
2026-10-02 21:55:01 | frontend | UP | 200 | 263ms
2026-10-02 21:55:01 | appwrite | UP | 200 | 213ms
2026-10-02 21:55:02 | r2-media | UP | 5/5 | 202ms | worst=294ms | samples=261,188,151,294,118
2026-10-02 21:55:04 | video-media | UP | 5/5 | 375ms | samples=747,118,112,786,116
----------------------------------------------------------------------------------------------------
====================================================================================================
2026-10-02 22:00:00 | frontend | UP | 200 | 25ms
2026-10-02 22:00:01 | appwrite | UP | 200 | 471ms
2026-10-02 22:00:02 | r2-media | UP | 5/5 | 169ms | worst=270ms | samples=109,115,125,270,227
2026-10-02 22:00:05 | video-media | UP | 5/5 | 479ms | samples=228,226,717,789,438
----------------------------------------------------------------------------------------------------
2026-10-02 22:05:00 | frontend | UP | 200 | 45ms
2026-10-02 22:05:01 | appwrite | UP | 200 | 297ms
2026-10-02 22:05:01 | r2-media | UP | 5/5 | 117ms | worst=135ms | samples=114,125,124,87,135
2026-10-02 22:05:04 | video-media | UP | 5/5 | 417ms | samples=290,779,744,150,124
----------------------------------------------------------------------------------------------------
2026-10-02 22:10:00 | frontend | UP | 200 | 274ms
2026-10-02 22:10:00 | appwrite | UP | 200 | 224ms
2026-10-02 22:10:01 | r2-media | UP | 5/5 | 149ms | worst=292ms | samples=292,119,96,136,104
2026-10-02 22:10:03 | video-media | UP | 5/5 | 279ms | samples=753,86,114,164,279
----------------------------------------------------------------------------------------------------
2026-10-02 22:15:00 | frontend | UP | 200 | 43ms
2026-10-02 22:15:00 | appwrite | UP | 200 | 139ms
2026-10-02 22:15:01 | r2-media | UP | 5/5 | 140ms | worst=206ms | samples=132,108,206,117,139
2026-10-02 22:15:03 | video-media | UP | 5/5 | 298ms | samples=154,704,382,146,105
----------------------------------------------------------------------------------------------------
2026-10-02 22:20:00 | frontend | UP | 200 | 27ms
2026-10-02 22:20:00 | appwrite | UP | 200 | 342ms
2026-10-02 22:20:01 | r2-media | UP | 5/5 | 159ms | worst=267ms | samples=103,96,200,130,267
2026-10-02 22:20:19 | video-media | UP | 5/5 | 206ms | samples=506,128,137,154,108
----------------------------------------------------------------------------------------------------
2026-10-02 22:25:00 | frontend | UP | 200 | 285ms
2026-10-02 22:25:00 | appwrite | UP | 200 | 420ms
2026-10-02 22:25:01 | r2-media | UP | 5/5 | 102ms | worst=120ms | samples=109,109,105,120,70
2026-10-02 22:25:03 | video-media | UP | 5/5 | 368ms | samples=140,446,629,416,209
----------------------------------------------------------------------------------------------------
2026-10-02 22:30:00 | frontend | UP | 200 | 27ms
2026-10-02 22:30:01 | appwrite | UP | 200 | 319ms
2026-10-02 22:30:02 | r2-media | UP | 5/5 | 175ms | worst=283ms | samples=283,112,126,223,133
2026-10-02 22:30:03 | video-media | UP | 5/5 | 283ms | samples=180,521,466,120,128
----------------------------------------------------------------------------------------------------
2026-10-02 22:35:01 | frontend | UP | 200 | 277ms
2026-10-02 22:35:01 | appwrite | UP | 200 | 286ms
2026-10-02 22:35:02 | r2-media | UP | 5/5 | 166ms | worst=216ms | samples=216,197,156,119,142
2026-10-02 22:35:04 | video-media | UP | 5/5 | 291ms | samples=768,152,107,119,309
----------------------------------------------------------------------------------------------------
2026-10-02 22:40:00 | frontend | UP | 200 | 133ms
2026-10-02 22:40:01 | appwrite | UP | 200 | 355ms
2026-10-02 22:40:02 | r2-media | UP | 5/5 | 176ms | worst=273ms | samples=188,107,273,203,113
2026-10-02 22:40:04 | video-media | UP | 5/5 | 479ms | samples=689,146,135,700,729
----------------------------------------------------------------------------------------------------
2026-10-02 22:45:00 | frontend | UP | 200 | 29ms
2026-10-02 22:45:00 | appwrite | UP | 200 | 471ms
2026-10-02 22:45:01 | r2-media | UP | 5/5 | 123ms | worst=151ms | samples=139,99,107,151,122
2026-10-02 22:45:02 | video-media | UP | 5/5 | 126ms | samples=142,135,110,112,135
----------------------------------------------------------------------------------------------------
2026-10-02 22:50:01 | frontend | UP | 200 | 292ms
2026-10-02 22:50:01 | appwrite | UP | 200 | 94ms
2026-10-02 22:50:02 | r2-media | UP | 5/5 | 238ms | worst=750ms | samples=750,130,108,117,87
2026-10-02 22:50:04 | video-media | UP | 5/5 | 293ms | samples=192,726,152,141,258
----------------------------------------------------------------------------------------------------
2026-10-02 22:55:00 | frontend | UP | 200 | 36ms
2026-10-02 22:55:00 | appwrite | UP | 200 | 157ms
2026-10-02 22:55:00 | r2-media | UP | 5/5 | 98ms | worst=122ms | samples=122,118,101,81,71
2026-10-02 22:55:02 | video-media | UP | 5/5 | 199ms | samples=246,118,179,275,178
----------------------------------------------------------------------------------------------------
====================================================================================================
2026-10-02 23:00:00 | frontend | UP | 200 | 26ms
2026-10-02 23:00:01 | appwrite | UP | 200 | 202ms
2026-10-02 23:00:02 | r2-media | UP | 5/5 | 157ms | worst=299ms | samples=299,101,118,160,107
2026-10-02 23:00:03 | video-media | UP | 5/5 | 307ms | samples=186,130,174,107,941
----------------------------------------------------------------------------------------------------
2026-10-02 23:05:01 | frontend | UP | 200 | 274ms
2026-10-02 23:05:01 | appwrite | UP | 200 | 310ms
2026-10-02 23:05:02 | r2-media | UP | 5/5 | 126ms | worst=197ms | samples=197,121,83,127,104
2026-10-02 23:05:04 | video-media | UP | 5/5 | 393ms | samples=319,659,584,141,265
----------------------------------------------------------------------------------------------------
2026-10-02 23:10:00 | frontend | UP | 200 | 65ms
2026-10-02 23:10:00 | appwrite | UP | 200 | 137ms
2026-10-02 23:10:01 | r2-media | UP | 5/5 | 117ms | worst=148ms | samples=148,112,107,123,99
2026-10-02 23:10:03 | video-media | UP | 5/5 | 436ms | samples=535,614,274,558,203
----------------------------------------------------------------------------------------------------
2026-10-02 23:15:00 | frontend | UP | 200 | 27ms
2026-10-02 23:15:00 | appwrite | UP | 200 | 178ms
2026-10-02 23:15:01 | r2-media | UP | 5/5 | 110ms | worst=179ms | samples=179,80,77,95,121
2026-10-02 23:15:03 | video-media | UP | 5/5 | 472ms | samples=626,176,858,174,529
----------------------------------------------------------------------------------------------------
2026-10-02 23:20:01 | frontend | UP | 200 | 272ms
2026-10-02 23:20:01 | appwrite | UP | 200 | 201ms
2026-10-02 23:20:02 | r2-media | UP | 5/5 | 158ms | worst=272ms | samples=272,95,108,109,206
2026-10-02 23:20:03 | video-media | UP | 5/5 | 279ms | samples=880,149,150,94,126
----------------------------------------------------------------------------------------------------
2026-10-02 23:25:00 | frontend | UP | 200 | 27ms
2026-10-02 23:25:01 | appwrite | UP | 200 | 405ms
2026-10-02 23:25:02 | r2-media | UP | 5/5 | 147ms | worst=236ms | samples=120,236,186,81,116
2026-10-02 23:25:19 | video-media | UP | 5/5 | 195ms | samples=455,100,105,81,237
----------------------------------------------------------------------------------------------------
2026-10-02 23:30:00 | frontend | UP | 200 | 38ms
2026-10-02 23:30:00 | appwrite | UP | 200 | 361ms
2026-10-02 23:30:01 | r2-media | UP | 5/5 | 106ms | worst=135ms | samples=100,105,90,135,103
2026-10-02 23:30:02 | video-media | UP | 5/5 | 193ms | samples=267,111,112,125,354
----------------------------------------------------------------------------------------------------
2026-10-02 23:35:01 | frontend | UP | 200 | 272ms
2026-10-02 23:35:01 | appwrite | UP | 200 | 154ms
2026-10-02 23:35:01 | r2-media | UP | 5/5 | 125ms | worst=143ms | samples=143,120,107,117,142
2026-10-02 23:35:03 | video-media | UP | 5/5 | 165ms | samples=153,144,122,309,99
----------------------------------------------------------------------------------------------------
2026-10-02 23:40:01 | frontend | UP | 200 | 159ms
2026-10-02 23:40:01 | appwrite | UP | 200 | 275ms
2026-10-02 23:40:02 | r2-media | UP | 5/5 | 210ms | worst=435ms | samples=261,99,136,123,435
2026-10-02 23:40:03 | video-media | UP | 5/5 | 169ms | samples=272,217,119,145,94
----------------------------------------------------------------------------------------------------
2026-10-02 23:45:00 | frontend | UP | 200 | 28ms
2026-10-02 23:45:00 | appwrite | UP | 200 | 231ms
2026-10-02 23:45:00 | r2-media | UP | 5/5 | 100ms | worst=135ms | samples=96,83,74,116,135
2026-10-02 23:45:01 | video-media | UP | 5/5 | 157ms | samples=110,83,156,92,345
----------------------------------------------------------------------------------------------------
2026-10-02 23:50:01 | frontend | UP | 200 | 270ms
2026-10-02 23:50:01 | appwrite | UP | 200 | 207ms
2026-10-02 23:50:02 | r2-media | UP | 5/5 | 154ms | worst=242ms | samples=186,242,116,108,119
2026-10-02 23:50:03 | video-media | UP | 5/5 | 178ms | samples=159,99,319,133,183
----------------------------------------------------------------------------------------------------
2026-10-02 23:55:00 | frontend | UP | 200 | 31ms
2026-10-02 23:55:01 | appwrite | UP | 200 | 373ms
2026-10-02 23:55:02 | r2-media | UP | 5/5 | 166ms | worst=262ms | samples=262,191,200,99,82
2026-10-02 23:55:03 | video-media | UP | 5/5 | 148ms | samples=162,147,187,117,128
----------------------------------------------------------------------------------------------------
====================================================================================================
2026-10-03 00:00:01 | frontend | UP | 200 | 274ms
2026-10-03 00:00:01 | appwrite | UP | 200 | 325ms
2026-10-03 00:00:02 | r2-media | UP | 5/5 | 172ms | worst=247ms | samples=175,247,98,240,102
2026-10-03 00:00:03 | video-media | UP | 5/5 | 196ms | samples=296,175,136,92,285
----------------------------------------------------------------------------------------------------
2026-10-03 00:05:00 | frontend | UP | 200 | 285ms
2026-10-03 00:05:01 | appwrite | UP | 200 | 298ms
2026-10-03 00:05:02 | r2-media | UP | 5/5 | 123ms | worst=168ms | samples=91,158,102,168,100
2026-10-03 00:05:02 | video-media | UP | 5/5 | 119ms | samples=138,93,117,108,141
----------------------------------------------------------------------------------------------------
2026-10-03 00:10:00 | frontend | UP | 200 | 68ms
2026-10-03 00:10:01 | appwrite | UP | 200 | 310ms
2026-10-03 00:10:01 | r2-media | UP | 5/5 | 143ms | worst=266ms | samples=266,134,98,107,114
2026-10-03 00:10:02 | video-media | UP | 5/5 | 152ms | samples=128,111,124,108,289
----------------------------------------------------------------------------------------------------
2026-10-03 00:15:00 | frontend | UP | 200 | 31ms
2026-10-03 00:15:00 | appwrite | UP | 200 | 296ms
2026-10-03 00:15:01 | r2-media | UP | 5/5 | 183ms | worst=313ms | samples=313,84,166,109,244
2026-10-03 00:15:02 | video-media | UP | 5/5 | 156ms | samples=149,97,134,98,304
----------------------------------------------------------------------------------------------------
2026-10-03 00:20:00 | frontend | UP | 200 | 276ms
2026-10-03 00:20:01 | appwrite | UP | 200 | 305ms
2026-10-03 00:20:02 | r2-media | UP | 5/5 | 188ms | worst=436ms | samples=188,436,109,105,106
2026-10-03 00:20:03 | video-media | UP | 5/5 | 164ms | samples=178,120,113,106,303
----------------------------------------------------------------------------------------------------
2026-10-03 00:25:01 | frontend | UP | 200 | 26ms
2026-10-03 00:25:01 | appwrite | UP | 200 | 246ms
2026-10-03 00:25:02 | r2-media | UP | 5/5 | 149ms | worst=235ms | samples=85,235,195,147,87
2026-10-03 00:25:03 | video-media | UP | 5/5 | 150ms | samples=137,105,172,112,227
----------------------------------------------------------------------------------------------------
2026-10-03 00:30:00 | frontend | UP | 200 | 28ms
2026-10-03 00:30:00 | appwrite | UP | 200 | 146ms
2026-10-03 00:30:01 | r2-media | UP | 5/5 | 138ms | worst=268ms | samples=268,109,86,81,149
2026-10-03 00:30:22 | video-media | UP | 5/5 | 1333ms | samples=3230,99,69,86,3184
----------------------------------------------------------------------------------------------------
2026-10-03 00:35:01 | frontend | UP | 200 | 274ms
2026-10-03 00:35:01 | appwrite | UP | 200 | 389ms
2026-10-03 00:35:02 | r2-media | UP | 5/5 | 105ms | worst=150ms | samples=91,107,150,86,92
2026-10-03 00:35:03 | video-media | UP | 5/5 | 129ms | samples=107,100,90,89,261
----------------------------------------------------------------------------------------------------
2026-10-03 00:40:00 | frontend | UP | 200 | 27ms
2026-10-03 00:40:01 | appwrite | UP | 200 | 293ms
2026-10-03 00:40:01 | r2-media | UP | 5/5 | 114ms | worst=124ms | samples=119,117,103,110,124
2026-10-03 00:40:02 | video-media | UP | 5/5 | 127ms | samples=206,123,118,86,102
----------------------------------------------------------------------------------------------------
2026-10-03 00:45:00 | frontend | UP | 200 | 140ms
2026-10-03 00:45:01 | appwrite | UP | 200 | 353ms
2026-10-03 00:45:01 | r2-media | UP | 5/5 | 111ms | worst=186ms | samples=186,102,85,98,84
2026-10-03 00:45:02 | video-media | UP | 5/5 | 153ms | samples=235,168,143,100,119
----------------------------------------------------------------------------------------------------
2026-10-03 00:50:00 | frontend | UP | 200 | 272ms
2026-10-03 00:50:00 | appwrite | UP | 200 | 121ms
2026-10-03 00:50:01 | r2-media | UP | 5/5 | 119ms | worst=235ms | samples=85,82,88,106,235
2026-10-03 00:50:02 | video-media | UP | 5/5 | 193ms | samples=157,98,382,231,98
----------------------------------------------------------------------------------------------------
2026-10-03 00:55:01 | frontend | UP | 200 | 31ms
2026-10-03 00:55:01 | appwrite | UP | 200 | 339ms
2026-10-03 00:55:02 | r2-media | UP | 5/5 | 142ms | worst=327ms | samples=148,327,87,76,73
2026-10-03 00:55:03 | video-media | UP | 5/5 | 131ms | samples=167,178,121,86,104
----------------------------------------------------------------------------------------------------
====================================================================================================
2026-10-03 01:00:00 | frontend | UP | 200 | 24ms
2026-10-03 01:00:00 | appwrite | UP | 200 | 240ms
2026-10-03 01:00:01 | r2-media | UP | 5/5 | 92ms | worst=114ms | samples=82,114,86,97,82
2026-10-03 01:00:02 | video-media | UP | 5/5 | 128ms | samples=123,167,108,125,117
----------------------------------------------------------------------------------------------------
2026-10-03 01:05:01 | frontend | UP | 200 | 272ms
2026-10-03 01:05:01 | appwrite | UP | 200 | 214ms
2026-10-03 01:05:01 | r2-media | UP | 5/5 | 91ms | worst=116ms | samples=75,116,91,83,94
2026-10-03 01:05:03 | video-media | UP | 5/5 | 187ms | samples=128,113,111,107,480
----------------------------------------------------------------------------------------------------
2026-10-03 01:10:00 | frontend | UP | 200 | 83ms
2026-10-03 01:10:01 | appwrite | UP | 200 | 359ms
2026-10-03 01:10:02 | r2-media | UP | 5/5 | 104ms | worst=186ms | samples=186,93,74,91,80
2026-10-03 01:10:02 | video-media | UP | 5/5 | 119ms | samples=121,93,115,106,162
----------------------------------------------------------------------------------------------------
2026-10-03 01:15:00 | frontend | UP | 200 | 26ms
2026-10-03 01:15:01 | appwrite | UP | 200 | 283ms
2026-10-03 01:15:01 | r2-media | UP | 5/5 | 118ms | worst=237ms | samples=99,82,92,81,237
2026-10-03 01:15:02 | video-media | UP | 5/5 | 109ms | samples=139,113,108,87,100
----------------------------------------------------------------------------------------------------
2026-10-03 01:20:01 | frontend | UP | 200 | 288ms
2026-10-03 01:20:01 | appwrite | UP | 200 | 260ms
2026-10-03 01:20:02 | r2-media | UP | 5/5 | 213ms | worst=627ms | samples=93,174,627,95,80
2026-10-03 01:20:03 | video-media | UP | 5/5 | 121ms | samples=191,133,92,71,122
----------------------------------------------------------------------------------------------------
2026-10-03 01:25:00 | frontend | UP | 200 | 27ms
2026-10-03 01:25:01 | appwrite | UP | 200 | 285ms
2026-10-03 01:25:01 | r2-media | UP | 5/5 | 82ms | worst=109ms | samples=75,68,75,84,109
2026-10-03 01:25:02 | video-media | UP | 5/5 | 102ms | samples=117,89,109,98,97
----------------------------------------------------------------------------------------------------
2026-10-03 01:30:00 | frontend | UP | 200 | 42ms
2026-10-03 01:30:00 | appwrite | UP | 200 | 215ms
2026-10-03 01:30:01 | r2-media | UP | 5/5 | 108ms | worst=225ms | samples=225,95,85,62,74
2026-10-03 01:30:02 | video-media | UP | 5/5 | 110ms | samples=134,101,105,100,111
----------------------------------------------------------------------------------------------------
2026-10-03 01:35:00 | frontend | UP | 200 | 266ms
2026-10-03 01:35:00 | appwrite | UP | 200 | 322ms
2026-10-03 01:35:01 | r2-media | UP | 5/5 | 101ms | worst=172ms | samples=172,144,60,72,58
2026-10-03 01:35:16 | video-media | UP | 5/5 | 712ms | samples=145,3195,72,90,60
----------------------------------------------------------------------------------------------------
2026-10-03 01:40:01 | frontend | UP | 200 | 26ms
2026-10-03 01:40:01 | appwrite | UP | 200 | 456ms
2026-10-03 01:40:02 | r2-media | UP | 5/5 | 98ms | worst=165ms | samples=165,87,86,74,78
2026-10-03 01:40:03 | video-media | UP | 5/5 | 115ms | samples=121,114,100,118,123
----------------------------------------------------------------------------------------------------
2026-10-03 01:45:01 | frontend | UP | 200 | 281ms
2026-10-03 01:45:01 | appwrite | UP | 200 | 318ms
2026-10-03 01:45:02 | r2-media | UP | 5/5 | 99ms | worst=156ms | samples=85,84,64,156,106
2026-10-03 01:45:02 | video-media | UP | 5/5 | 93ms | samples=102,96,92,75,102
----------------------------------------------------------------------------------------------------
2026-10-03 01:50:00 | frontend | UP | 200 | 30ms
2026-10-03 01:50:01 | appwrite | UP | 200 | 138ms
2026-10-03 01:50:01 | r2-media | UP | 5/5 | 78ms | worst=98ms | samples=98,65,90,62,77
2026-10-03 01:50:02 | video-media | UP | 5/5 | 92ms | samples=90,98,121,89,64
----------------------------------------------------------------------------------------------------
2026-10-03 01:55:00 | frontend | UP | 200 | 29ms
2026-10-03 01:55:01 | appwrite | UP | 200 | 331ms
2026-10-03 01:55:01 | r2-media | UP | 5/5 | 100ms | worst=149ms | samples=149,98,65,63,125
2026-10-03 01:55:02 | video-media | UP | 5/5 | 107ms | samples=159,98,106,82,90
----------------------------------------------------------------------------------------------------
====================================================================================================
2026-10-03 02:00:01 | frontend | UP | 200 | 282ms
2026-10-03 02:00:01 | appwrite | UP | 200 | 232ms
2026-10-03 02:00:02 | r2-media | UP | 5/5 | 110ms | worst=200ms | samples=200,94,88,95,76
2026-10-03 02:00:02 | video-media | UP | 5/5 | 100ms | samples=105,91,107,98,100
----------------------------------------------------------------------------------------------------
2026-10-03 02:05:00 | frontend | UP | 200 | 27ms
2026-10-03 02:05:00 | appwrite | UP | 200 | 204ms
2026-10-03 02:05:01 | r2-media | UP | 5/5 | 83ms | worst=108ms | samples=83,65,96,67,108
2026-10-03 02:05:02 | video-media | UP | 5/5 | 94ms | samples=115,80,82,97,97
----------------------------------------------------------------------------------------------------
2026-10-03 02:10:01 | frontend | UP | 200 | 312ms
2026-10-03 02:10:01 | appwrite | UP | 200 | 268ms
2026-10-03 02:10:02 | r2-media | UP | 5/5 | 178ms | worst=433ms | samples=246,433,66,89,60
2026-10-03 02:10:03 | video-media | UP | 5/5 | 159ms | samples=95,79,87,441,93
----------------------------------------------------------------------------------------------------
2026-10-03 02:15:00 | frontend | UP | 200 | 26ms
2026-10-03 02:15:00 | appwrite | UP | 200 | 201ms
2026-10-03 02:15:01 | r2-media | UP | 5/5 | 83ms | worst=98ms | samples=98,88,78,66,87
2026-10-03 02:15:01 | video-media | UP | 5/5 | 102ms | samples=130,108,88,129,58
----------------------------------------------------------------------------------------------------
2026-10-03 02:20:00 | frontend | UP | 200 | 39ms
2026-10-03 02:20:00 | appwrite | UP | 200 | 205ms
2026-10-03 02:20:01 | r2-media | UP | 5/5 | 149ms | worst=311ms | samples=311,68,65,211,92
2026-10-03 02:20:02 | video-media | UP | 5/5 | 93ms | samples=107,85,88,110,79
----------------------------------------------------------------------------------------------------
2026-10-03 02:25:00 | frontend | UP | 200 | 266ms
2026-10-03 02:25:00 | appwrite | UP | 200 | 274ms
2026-10-03 02:25:01 | r2-media | UP | 5/5 | 114ms | worst=196ms | samples=196,138,83,71,85
2026-10-03 02:25:02 | video-media | UP | 5/5 | 102ms | samples=102,102,134,78,95
----------------------------------------------------------------------------------------------------
2026-10-03 02:30:00 | frontend | UP | 200 | 30ms
2026-10-03 02:30:00 | appwrite | UP | 200 | 121ms
2026-10-03 02:30:01 | r2-media | UP | 5/5 | 181ms | worst=442ms | samples=77,442,242,72,74
2026-10-03 02:30:03 | video-media | UP | 5/5 | 188ms | samples=268,434,72,98,71
----------------------------------------------------------------------------------------------------
2026-10-03 02:35:00 | frontend | UP | 200 | 292ms
2026-10-03 02:35:01 | appwrite | UP | 200 | 368ms
2026-10-03 02:35:02 | r2-media | UP | 5/5 | 139ms | worst=390ms | samples=390,74,67,76,89
2026-10-03 02:35:02 | video-media | UP | 5/5 | 112ms | samples=181,72,114,101,94
----------------------------------------------------------------------------------------------------
2026-10-03 02:40:00 | frontend | UP | 200 | 26ms
2026-10-03 02:40:00 | appwrite | UP | 200 | 283ms
2026-10-03 02:40:01 | r2-media | UP | 5/5 | 94ms | worst=197ms | samples=80,197,62,80,54
2026-10-03 02:40:12 | video-media | UP | 5/5 | 94ms | samples=117,101,76,80,98
----------------------------------------------------------------------------------------------------
2026-10-03 02:45:00 | frontend | UP | 200 | 28ms
2026-10-03 02:45:00 | appwrite | UP | 200 | 287ms
2026-10-03 02:45:01 | r2-media | UP | 5/5 | 106ms | worst=271ms | samples=271,67,62,64,70
2026-10-03 02:45:04 | video-media | UP | 5/5 | 723ms | samples=76,157,3209,98,79
----------------------------------------------------------------------------------------------------
2026-10-03 02:50:00 | frontend | UP | 200 | 384ms
2026-10-03 02:50:01 | appwrite | UP | 200 | 439ms
2026-10-03 02:50:01 | r2-media | UP | 5/5 | 98ms | worst=157ms | samples=157,107,94,81,54
2026-10-03 02:50:02 | video-media | UP | 5/5 | 88ms | samples=80,100,77,95,88
----------------------------------------------------------------------------------------------------
2026-10-03 02:55:01 | frontend | UP | 200 | 27ms
2026-10-03 02:55:01 | appwrite | UP | 200 | 290ms
2026-10-03 02:55:02 | r2-media | UP | 5/5 | 142ms | worst=222ms | samples=57,218,222,151,64
2026-10-03 02:55:02 | video-media | UP | 5/5 | 99ms | samples=159,72,74,105,88
----------------------------------------------------------------------------------------------------
====================================================================================================
2026-10-03 03:00:00 | frontend | UP | 200 | 27ms
2026-10-03 03:00:00 | appwrite | UP | 200 | 279ms
2026-10-03 03:00:01 | r2-media | UP | 5/5 | 68ms | worst=81ms | samples=70,63,81,62,67
2026-10-03 03:00:01 | video-media | UP | 5/5 | 98ms | samples=91,87,120,96,98
----------------------------------------------------------------------------------------------------
2026-10-03 03:05:01 | frontend | UP | 200 | 282ms
2026-10-03 03:05:01 | appwrite | UP | 200 | 276ms
2026-10-03 03:05:02 | r2-media | UP | 5/5 | 76ms | worst=93ms | samples=74,62,72,93,83
2026-10-03 03:05:05 | video-media | UP | 5/5 | 716ms | samples=3210,117,108,77,70
----------------------------------------------------------------------------------------------------
2026-10-03 03:10:00 | frontend | UP | 200 | 26ms
2026-10-03 03:10:00 | appwrite | UP | 200 | 195ms
2026-10-03 03:10:01 | r2-media | UP | 5/5 | 99ms | worst=239ms | samples=239,79,64,61,55
2026-10-03 03:10:01 | video-media | UP | 5/5 | 115ms | samples=85,140,172,99,82
----------------------------------------------------------------------------------------------------
2026-10-03 03:15:00 | frontend | UP | 200 | 29ms
2026-10-03 03:15:01 | appwrite | UP | 200 | 472ms
2026-10-03 03:15:01 | r2-media | UP | 5/5 | 105ms | worst=225ms | samples=225,75,77,82,67
2026-10-03 03:15:02 | video-media | UP | 5/5 | 109ms | samples=159,88,101,109,89
----------------------------------------------------------------------------------------------------
2026-10-03 03:20:01 | frontend | UP | 200 | 267ms
2026-10-03 03:20:01 | appwrite | UP | 200 | 263ms
2026-10-03 03:20:02 | r2-media | UP | 5/5 | 105ms | worst=155ms | samples=155,65,113,92,104
2026-10-03 03:20:02 | video-media | UP | 5/5 | 93ms | samples=156,82,79,76,74
----------------------------------------------------------------------------------------------------
2026-10-03 03:25:01 | frontend | UP | 200 | 25ms
2026-10-03 03:25:01 | appwrite | UP | 200 | 344ms
2026-10-03 03:25:02 | r2-media | UP | 5/5 | 85ms | worst=153ms | samples=81,61,153,76,57
2026-10-03 03:25:02 | video-media | UP | 5/5 | 110ms | samples=119,87,153,128,67
----------------------------------------------------------------------------------------------------
2026-10-03 03:30:00 | frontend | UP | 200 | 28ms
2026-10-03 03:30:00 | appwrite | UP | 200 | 149ms
2026-10-03 03:30:00 | r2-media | UP | 5/5 | 64ms | worst=70ms | samples=67,59,59,70,67
2026-10-03 03:30:01 | video-media | UP | 5/5 | 115ms | samples=84,86,78,94,234
----------------------------------------------------------------------------------------------------
2026-10-03 03:35:01 | frontend | UP | 200 | 272ms
2026-10-03 03:35:01 | appwrite | UP | 200 | 426ms
2026-10-03 03:35:05 | r2-media | UNSTABLE | 5/5 | 708ms | worst=3168ms | samples=65,67,3168,170,72
2026-10-03 03:35:05 | video-media | UP | 5/5 | 76ms | samples=72,91,67,80,72
----------------------------------------------------------------------------------------------------
2026-10-03 03:40:00 | frontend | UP | 200 | 27ms
2026-10-03 03:40:01 | appwrite | UP | 200 | 251ms
2026-10-03 03:40:01 | r2-media | UP | 5/5 | 72ms | worst=84ms | samples=60,84,84,74,62
2026-10-03 03:40:02 | video-media | UP | 5/5 | 88ms | samples=129,86,83,75,70
----------------------------------------------------------------------------------------------------
2026-10-03 03:45:00 | frontend | UP | 200 | 25ms
2026-10-03 03:45:00 | appwrite | UP | 200 | 211ms
2026-10-03 03:45:01 | r2-media | UP | 5/5 | 106ms | worst=260ms | samples=260,69,73,75,57
2026-10-03 03:45:11 | video-media | UP | 5/5 | 88ms | samples=90,69,93,93,95
----------------------------------------------------------------------------------------------------
2026-10-03 03:50:00 | frontend | UP | 200 | 264ms
2026-10-03 03:50:00 | appwrite | UP | 200 | 112ms
2026-10-03 03:50:01 | r2-media | UP | 5/5 | 91ms | worst=145ms | samples=61,69,145,108,72
2026-10-03 03:50:02 | video-media | UP | 5/5 | 100ms | samples=96,77,102,101,126
----------------------------------------------------------------------------------------------------
2026-10-03 03:55:01 | frontend | UP | 200 | 30ms
2026-10-03 03:55:01 | appwrite | UP | 200 | 279ms
2026-10-03 03:55:02 | r2-media | UP | 5/5 | 118ms | worst=238ms | samples=238,112,81,74,88
2026-10-03 03:55:02 | video-media | UP | 5/5 | 82ms | samples=89,82,88,85,66
----------------------------------------------------------------------------------------------------
====================================================================================================
2026-10-03 04:00:00 | frontend | UP | 200 | 40ms
2026-10-03 04:00:00 | appwrite | UP | 200 | 267ms
2026-10-03 04:00:01 | r2-media | UP | 5/5 | 86ms | worst=109ms | samples=88,76,81,77,109
2026-10-03 04:00:01 | video-media | UP | 5/5 | 89ms | samples=89,111,82,98,65
----------------------------------------------------------------------------------------------------
2026-10-03 04:05:00 | frontend | UP | 200 | 267ms
2026-10-03 04:05:01 | appwrite | UP | 200 | 331ms
2026-10-03 04:05:01 | r2-media | UP | 5/5 | 70ms | worst=97ms | samples=61,76,67,97,53
2026-10-03 04:05:02 | video-media | UP | 5/5 | 84ms | samples=104,72,86,76,86
----------------------------------------------------------------------------------------------------
2026-10-03 04:10:01 | frontend | UP | 200 | 28ms
2026-10-03 04:10:01 | appwrite | UP | 200 | 182ms
2026-10-03 04:10:02 | r2-media | UP | 5/5 | 188ms | worst=556ms | samples=556,86,94,138,70
2026-10-03 04:10:02 | video-media | UP | 5/5 | 84ms | samples=71,102,101,79,69
----------------------------------------------------------------------------------------------------
2026-10-03 04:15:01 | frontend | UP | 200 | 326ms
2026-10-03 04:15:01 | appwrite | UP | 200 | 339ms
2026-10-03 04:15:02 | r2-media | UP | 5/5 | 100ms | worst=225ms | samples=225,59,76,69,72
2026-10-03 04:15:03 | video-media | UP | 5/5 | 89ms | samples=93,86,80,84,103
----------------------------------------------------------------------------------------------------
2026-10-03 04:20:00 | frontend | UP | 200 | 25ms
2026-10-03 04:20:00 | appwrite | UP | 200 | 193ms
2026-10-03 04:20:01 | r2-media | UP | 5/5 | 83ms | worst=118ms | samples=78,68,118,82,69
2026-10-03 04:20:01 | video-media | UP | 5/5 | 82ms | samples=94,63,89,90,78
----------------------------------------------------------------------------------------------------
2026-10-03 04:25:01 | frontend | UP | 200 | 30ms
2026-10-03 04:25:01 | appwrite | UP | 200 | 186ms
2026-10-03 04:25:01 | r2-media | UP | 5/5 | 107ms | worst=181ms | samples=181,121,73,92,72
2026-10-03 04:25:02 | video-media | UP | 5/5 | 163ms | samples=106,94,441,94,81
----------------------------------------------------------------------------------------------------
2026-10-03 04:30:01 | frontend | UP | 200 | 259ms
2026-10-03 04:30:01 | appwrite | UP | 200 | 212ms
2026-10-03 04:30:01 | r2-media | UP | 5/5 | 111ms | worst=276ms | samples=61,72,276,85,61
2026-10-03 04:30:02 | video-media | UP | 5/5 | 87ms | samples=99,108,80,81,70
----------------------------------------------------------------------------------------------------
2026-10-03 04:35:00 | frontend | UP | 200 | 31ms
2026-10-03 04:35:00 | appwrite | UP | 200 | 260ms
2026-10-03 04:35:01 | r2-media | UP | 5/5 | 60ms | worst=70ms | samples=61,60,51,70,60
2026-10-03 04:35:01 | video-media | UP | 5/5 | 93ms | samples=73,76,67,107,144
----------------------------------------------------------------------------------------------------
2026-10-03 04:40:00 | frontend | UP | 200 | 26ms
2026-10-03 04:40:00 | appwrite | UP | 200 | 254ms
2026-10-03 04:40:01 | r2-media | UP | 5/5 | 99ms | worst=178ms | samples=178,72,121,64,63
2026-10-03 04:40:01 | video-media | UP | 5/5 | 86ms | samples=98,96,85,74,79
----------------------------------------------------------------------------------------------------
2026-10-03 04:45:00 | frontend | UP | 200 | 278ms
2026-10-03 04:45:01 | appwrite | UP | 200 | 203ms
2026-10-03 04:45:01 | r2-media | UP | 5/5 | 88ms | worst=144ms | samples=144,81,55,82,78
2026-10-03 04:45:05 | video-media | UP | 5/5 | 722ms | samples=139,92,86,95,3199
----------------------------------------------------------------------------------------------------
2026-10-03 04:50:01 | frontend | UP | 200 | 27ms
2026-10-03 04:50:01 | appwrite | UP | 200 | 342ms
2026-10-03 04:50:01 | r2-media | UP | 5/5 | 97ms | worst=213ms | samples=213,59,79,73,65
2026-10-03 04:50:15 | video-media | UP | 5/5 | 717ms | samples=80,97,109,75,3224
----------------------------------------------------------------------------------------------------
2026-10-03 04:55:00 | frontend | UP | 200 | 25ms
2026-10-03 04:55:00 | appwrite | UP | 200 | 260ms
2026-10-03 04:55:00 | r2-media | UP | 5/5 | 62ms | worst=71ms | samples=71,57,65,65,55
2026-10-03 04:55:01 | video-media | UP | 5/5 | 80ms | samples=78,84,74,76,92
----------------------------------------------------------------------------------------------------
====================================================================================================
2026-10-03 05:00:00 | frontend | UP | 200 | 416ms
2026-10-03 05:00:01 | appwrite | UP | 200 | 326ms
2026-10-03 05:00:01 | r2-media | UP | 5/5 | 84ms | worst=130ms | samples=130,61,93,71,69
2026-10-03 05:00:02 | video-media | UP | 5/5 | 90ms | samples=91,84,75,122,80
----------------------------------------------------------------------------------------------------
2026-10-03 05:05:00 | frontend | UP | 200 | 27ms
2026-10-03 05:05:01 | appwrite | UP | 200 | 188ms
2026-10-03 05:05:01 | r2-media | UP | 5/5 | 128ms | worst=311ms | samples=311,75,123,69,62
2026-10-03 05:05:02 | video-media | UP | 5/5 | 101ms | samples=171,72,91,76,95
----------------------------------------------------------------------------------------------------
2026-10-03 05:10:00 | frontend | UP | 200 | 30ms
2026-10-03 05:10:00 | appwrite | UP | 200 | 354ms
2026-10-03 05:10:01 | r2-media | UP | 5/5 | 64ms | worst=88ms | samples=65,52,88,63,55
2026-10-03 05:10:01 | video-media | UP | 5/5 | 74ms | samples=83,78,71,75,67
----------------------------------------------------------------------------------------------------
2026-10-03 05:15:01 | frontend | UP | 200 | 269ms
2026-10-03 05:15:01 | appwrite | UP | 200 | 285ms
2026-10-03 05:15:05 | r2-media | UNSTABLE | 5/5 | 824ms | worst=3196ms | samples=729,73,59,66,3196
2026-10-03 05:15:06 | video-media | UP | 5/5 | 81ms | samples=82,79,81,75,91
----------------------------------------------------------------------------------------------------
2026-10-03 05:20:00 | frontend | UP | 200 | 30ms
2026-10-03 05:20:00 | appwrite | UP | 200 | 273ms
2026-10-03 05:20:01 | r2-media | UP | 5/5 | 61ms | worst=74ms | samples=65,52,48,67,74
2026-10-03 05:20:01 | video-media | UP | 5/5 | 78ms | samples=97,83,65,71,74
----------------------------------------------------------------------------------------------------
2026-10-03 05:25:01 | frontend | UP | 200 | 31ms
2026-10-03 05:25:01 | appwrite | UP | 200 | 261ms
2026-10-03 05:25:02 | r2-media | UP | 5/5 | 161ms | worst=439ms | samples=164,76,74,439,55
2026-10-03 05:25:02 | video-media | UP | 5/5 | 77ms | samples=115,71,69,62,70
----------------------------------------------------------------------------------------------------
2026-10-03 05:30:00 | frontend | UP | 200 | 262ms
2026-10-03 05:30:01 | appwrite | UP | 200 | 232ms
2026-10-03 05:30:01 | r2-media | UP | 5/5 | 104ms | worst=195ms | samples=112,61,74,80,195
2026-10-03 05:30:02 | video-media | UP | 5/5 | 100ms | samples=105,92,89,146,72
----------------------------------------------------------------------------------------------------
2026-10-03 05:35:00 | frontend | UP | 200 | 38ms
2026-10-03 05:35:01 | appwrite | UP | 200 | 191ms
2026-10-03 05:35:01 | r2-media | UP | 5/5 | 78ms | worst=94ms | samples=94,92,69,65,74
2026-10-03 05:35:02 | video-media | UP | 5/5 | 104ms | samples=84,92,202,80,63
----------------------------------------------------------------------------------------------------
2026-10-03 05:40:00 | frontend | UP | 200 | 29ms
2026-10-03 05:40:00 | appwrite | UP | 200 | 284ms
2026-10-03 05:40:01 | r2-media | UP | 5/5 | 115ms | worst=213ms | samples=213,75,99,62,126
2026-10-03 05:40:02 | video-media | UP | 5/5 | 108ms | samples=190,85,108,72,87
----------------------------------------------------------------------------------------------------
2026-10-03 05:45:00 | frontend | UP | 200 | 273ms
2026-10-03 05:45:01 | appwrite | UP | 200 | 138ms
2026-10-03 05:45:01 | r2-media | UP | 5/5 | 79ms | worst=121ms | samples=62,121,81,73,58
2026-10-03 05:45:02 | video-media | UP | 5/5 | 91ms | samples=80,95,85,112,85
----------------------------------------------------------------------------------------------------
2026-10-03 05:50:00 | frontend | UP | 200 | 26ms
2026-10-03 05:50:00 | appwrite | UP | 200 | 208ms
2026-10-03 05:50:01 | r2-media | UP | 5/5 | 97ms | worst=203ms | samples=203,62,76,64,80
2026-10-03 05:50:02 | video-media | UP | 5/5 | 95ms | samples=96,101,92,85,104
----------------------------------------------------------------------------------------------------
2026-10-03 05:55:00 | frontend | UP | 200 | 32ms
2026-10-03 05:55:00 | appwrite | UP | 200 | 195ms
2026-10-03 05:55:01 | r2-media | UP | 5/5 | 118ms | worst=224ms | samples=135,78,77,79,224
2026-10-03 05:55:11 | video-media | UP | 5/5 | 78ms | samples=95,70,92,69,68
----------------------------------------------------------------------------------------------------
====================================================================================================
2026-10-03 06:00:01 | frontend | UP | 200 | 347ms
2026-10-03 06:00:01 | appwrite | UP | 200 | 474ms
2026-10-03 06:00:02 | r2-media | UP | 5/5 | 89ms | worst=161ms | samples=161,74,86,56,71
2026-10-03 06:00:03 | video-media | UP | 5/5 | 89ms | samples=93,115,89,83,66
----------------------------------------------------------------------------------------------------
2026-10-03 06:05:01 | frontend | UP | 200 | 26ms
2026-10-03 06:05:01 | appwrite | UP | 200 | 283ms
2026-10-03 06:05:01 | r2-media | UP | 5/5 | 65ms | worst=76ms | samples=76,59,59,70,61
2026-10-03 06:05:02 | video-media | UP | 5/5 | 90ms | samples=76,77,113,71,115
----------------------------------------------------------------------------------------------------
2026-10-03 06:10:00 | frontend | UP | 200 | 32ms
2026-10-03 06:10:00 | appwrite | UP | 200 | 303ms
2026-10-03 06:10:01 | r2-media | UP | 5/5 | 88ms | worst=179ms | samples=179,62,57,78,64
2026-10-03 06:10:01 | video-media | UP | 5/5 | 84ms | samples=85,76,68,92,102
----------------------------------------------------------------------------------------------------
2026-10-03 06:15:00 | frontend | UP | 200 | 299ms
2026-10-03 06:15:00 | appwrite | UP | 200 | 197ms
2026-10-03 06:15:01 | r2-media | UP | 5/5 | 105ms | worst=177ms | samples=84,177,55,131,78
2026-10-03 06:15:02 | video-media | UP | 5/5 | 124ms | samples=135,87,101,79,218
----------------------------------------------------------------------------------------------------
2026-10-03 06:20:00 | frontend | UP | 200 | 25ms
2026-10-03 06:20:00 | appwrite | UP | 200 | 265ms
2026-10-03 06:20:01 | r2-media | UP | 5/5 | 117ms | worst=281ms | samples=57,58,281,130,62
2026-10-03 06:20:02 | video-media | UP | 5/5 | 83ms | samples=100,78,83,84,74
----------------------------------------------------------------------------------------------------
2026-10-03 06:25:01 | frontend | UP | 200 | 396ms
2026-10-03 06:25:01 | appwrite | UP | 200 | 370ms
2026-10-03 06:25:02 | r2-media | UP | 5/5 | 84ms | worst=167ms | samples=167,66,68,57,66
2026-10-03 06:25:02 | video-media | UP | 5/5 | 110ms | samples=227,92,70,94,71
----------------------------------------------------------------------------------------------------
2026-10-03 06:30:00 | frontend | UP | 200 | 26ms
2026-10-03 06:30:00 | appwrite | UP | 200 | 206ms
2026-10-03 06:30:01 | r2-media | UP | 5/5 | 70ms | worst=79ms | samples=59,65,77,79,74
2026-10-03 06:30:02 | video-media | UP | 5/5 | 92ms | samples=93,95,92,97,87
----------------------------------------------------------------------------------------------------
2026-10-03 06:35:00 | frontend | UP | 200 | 27ms
2026-10-03 06:35:00 | appwrite | UP | 200 | 253ms
2026-10-03 06:35:01 | r2-media | UP | 5/5 | 68ms | worst=87ms | samples=66,63,57,68,87
2026-10-03 06:35:01 | video-media | UP | 5/5 | 84ms | samples=91,77,91,76,88
----------------------------------------------------------------------------------------------------
2026-10-03 06:40:00 | frontend | UP | 200 | 269ms
2026-10-03 06:40:00 | appwrite | UP | 200 | 185ms
2026-10-03 06:40:01 | r2-media | UP | 5/5 | 112ms | worst=167ms | samples=167,143,108,59,84
2026-10-03 06:40:02 | video-media | UP | 5/5 | 89ms | samples=120,79,76,84,86
----------------------------------------------------------------------------------------------------
2026-10-03 06:45:00 | frontend | UP | 200 | 27ms
2026-10-03 06:45:00 | appwrite | UP | 200 | 320ms
2026-10-03 06:45:01 | r2-media | UP | 5/5 | 124ms | worst=348ms | samples=66,62,348,74,74
2026-10-03 06:45:02 | video-media | UP | 5/5 | 88ms | samples=105,92,87,89,68
----------------------------------------------------------------------------------------------------
2026-10-03 06:50:01 | frontend | UP | 200 | 272ms
2026-10-03 06:50:01 | appwrite | UP | 200 | 198ms
2026-10-03 06:50:01 | r2-media | UP | 5/5 | 93ms | worst=129ms | samples=129,65,85,120,70
2026-10-03 06:50:02 | video-media | UP | 5/5 | 93ms | samples=109,94,73,119,74
----------------------------------------------------------------------------------------------------
2026-10-03 06:55:00 | frontend | UP | 200 | 26ms
2026-10-03 06:55:01 | appwrite | UP | 200 | 372ms
2026-10-03 06:55:01 | r2-media | UP | 5/5 | 114ms | worst=221ms | samples=91,221,121,60,77
2026-10-03 06:55:02 | video-media | UP | 5/5 | 88ms | samples=86,99,88,79,88
----------------------------------------------------------------------------------------------------
====================================================================================================
2026-10-03 07:00:00 | frontend | UP | 200 | 36ms
2026-10-03 07:00:00 | appwrite | UP | 200 | 321ms
2026-10-03 07:00:01 | r2-media | UP | 5/5 | 73ms | worst=91ms | samples=63,64,60,89,91
2026-10-03 07:00:13 | video-media | UP | 5/5 | 99ms | samples=133,116,81,86,80
----------------------------------------------------------------------------------------------------
2026-10-03 07:05:00 | frontend | UP | 200 | 347ms
2026-10-03 07:05:01 | appwrite | UP | 200 | 260ms
2026-10-03 07:05:01 | r2-media | UP | 5/5 | 92ms | worst=135ms | samples=74,94,135,83,75
2026-10-03 07:05:02 | video-media | UP | 5/5 | 171ms | samples=93,73,452,141,99
----------------------------------------------------------------------------------------------------
2026-10-03 07:10:00 | frontend | UP | 200 | 25ms
2026-10-03 07:10:00 | appwrite | UP | 200 | 206ms
2026-10-03 07:10:01 | r2-media | UP | 5/5 | 92ms | worst=187ms | samples=187,60,70,58,88
2026-10-03 07:10:02 | video-media | UP | 5/5 | 85ms | samples=66,78,113,71,98
----------------------------------------------------------------------------------------------------
2026-10-03 07:15:00 | frontend | UP | 200 | 26ms
2026-10-03 07:15:00 | appwrite | UP | 200 | 172ms
2026-10-03 07:15:00 | r2-media | UP | 5/5 | 67ms | worst=80ms | samples=74,80,57,69,57
2026-10-03 07:15:01 | video-media | UP | 5/5 | 117ms | samples=171,98,96,108,116
----------------------------------------------------------------------------------------------------
2026-10-03 07:20:00 | frontend | UP | 200 | 272ms
2026-10-03 07:20:00 | appwrite | UP | 200 | 336ms
2026-10-03 07:20:01 | r2-media | UP | 5/5 | 95ms | worst=164ms | samples=164,93,71,59,90
2026-10-03 07:20:02 | video-media | UP | 5/5 | 96ms | samples=119,74,81,83,123
----------------------------------------------------------------------------------------------------
2026-10-03 07:25:00 | frontend | UP | 200 | 27ms
2026-10-03 07:25:00 | appwrite | UP | 200 | 197ms
2026-10-03 07:25:01 | r2-media | UP | 5/5 | 75ms | worst=89ms | samples=89,56,85,74,72
2026-10-03 07:25:01 | video-media | UP | 5/5 | 86ms | samples=84,102,93,84,69
----------------------------------------------------------------------------------------------------
2026-10-03 07:30:00 | frontend | UP | 200 | 26ms
2026-10-03 07:30:00 | appwrite | UP | 200 | 320ms
2026-10-03 07:30:00 | r2-media | UP | 5/5 | 64ms | worst=67ms | samples=67,66,64,56,67
2026-10-03 07:30:01 | video-media | UP | 5/5 | 111ms | samples=86,105,94,166,105
----------------------------------------------------------------------------------------------------
2026-10-03 07:35:00 | frontend | UP | 200 | 279ms
2026-10-03 07:35:01 | appwrite | UP | 200 | 263ms
2026-10-03 07:35:01 | r2-media | UP | 5/5 | 88ms | worst=119ms | samples=76,90,119,78,77
2026-10-03 07:35:02 | video-media | UP | 5/5 | 88ms | samples=94,84,97,93,72
----------------------------------------------------------------------------------------------------
2026-10-03 07:40:00 | frontend | UP | 200 | 32ms
2026-10-03 07:40:01 | appwrite | UP | 200 | 272ms
2026-10-03 07:40:02 | r2-media | UP | 5/5 | 196ms | worst=439ms | samples=250,85,439,119,88
2026-10-03 07:40:03 | video-media | UP | 5/5 | 130ms | samples=186,203,92,80,92
----------------------------------------------------------------------------------------------------
2026-10-03 07:45:01 | frontend | UP | 200 | 271ms
2026-10-03 07:45:01 | appwrite | UP | 200 | 236ms
2026-10-03 07:45:05 | r2-media | UNSTABLE | 5/5 | 738ms | worst=3416ms | samples=3416,62,73,71,72
2026-10-03 07:45:05 | video-media | UP | 5/5 | 85ms | samples=98,89,79,77,82
----------------------------------------------------------------------------------------------------
2026-10-03 07:50:00 | frontend | UP | 200 | 26ms
2026-10-03 07:50:01 | appwrite | UP | 200 | 209ms
2026-10-03 07:50:01 | r2-media | UP | 5/5 | 71ms | worst=86ms | samples=59,86,64,76,72
2026-10-03 07:50:02 | video-media | UP | 5/5 | 133ms | samples=172,201,97,104,93
----------------------------------------------------------------------------------------------------
2026-10-03 07:55:01 | frontend | UP | 200 | 26ms
2026-10-03 07:55:01 | appwrite | UP | 200 | 264ms
2026-10-03 07:55:02 | r2-media | UP | 5/5 | 111ms | worst=238ms | samples=238,65,117,62,77
2026-10-03 07:55:02 | video-media | UP | 5/5 | 112ms | samples=242,91,75,83,72
----------------------------------------------------------------------------------------------------
====================================================================================================
2026-10-03 08:00:01 | frontend | UP | 200 | 281ms
2026-10-03 08:00:01 | appwrite | UP | 200 | 376ms
2026-10-03 08:00:02 | r2-media | UP | 5/5 | 117ms | worst=235ms | samples=235,86,118,79,68
2026-10-03 08:00:06 | video-media | UP | 5/5 | 734ms | samples=192,94,81,3218,87
----------------------------------------------------------------------------------------------------
2026-10-03 08:05:00 | frontend | UP | 200 | 78ms
2026-10-03 08:05:00 | appwrite | UP | 200 | 217ms
2026-10-03 08:05:01 | r2-media | UP | 5/5 | 87ms | worst=123ms | samples=80,81,123,89,64
2026-10-03 08:05:15 | video-media | UP | 5/5 | 717ms | samples=114,74,75,110,3214
----------------------------------------------------------------------------------------------------
2026-10-03 08:10:00 | frontend | UP | 200 | 28ms
2026-10-03 08:10:00 | appwrite | UP | 200 | 331ms
2026-10-03 08:10:01 | r2-media | UP | 5/5 | 105ms | worst=208ms | samples=208,81,76,82,79
2026-10-03 08:10:02 | video-media | UP | 5/5 | 89ms | samples=92,88,102,75,92
----------------------------------------------------------------------------------------------------
2026-10-03 08:15:01 | frontend | UP | 200 | 265ms
2026-10-03 08:15:01 | appwrite | UP | 200 | 201ms
2026-10-03 08:15:02 | r2-media | UP | 5/5 | 116ms | worst=245ms | samples=245,101,73,70,92
2026-10-03 08:15:02 | video-media | UP | 5/5 | 125ms | samples=206,116,88,85,130
----------------------------------------------------------------------------------------------------
2026-10-03 08:20:00 | frontend | UP | 200 | 27ms
2026-10-03 08:20:00 | appwrite | UP | 200 | 272ms
2026-10-03 08:20:01 | r2-media | UP | 5/5 | 159ms | worst=442ms | samples=442,91,84,112,70
2026-10-03 08:20:02 | video-media | UP | 5/5 | 96ms | samples=86,90,84,126,98
----------------------------------------------------------------------------------------------------
2026-10-03 08:25:00 | frontend | UP | 200 | 31ms
2026-10-03 08:25:00 | appwrite | UP | 200 | 282ms
2026-10-03 08:25:01 | r2-media | UP | 5/5 | 106ms | worst=265ms | samples=265,69,62,75,62
2026-10-03 08:25:02 | video-media | UP | 5/5 | 183ms | samples=195,117,79,436,91
----------------------------------------------------------------------------------------------------
2026-10-03 08:30:00 | frontend | UP | 200 | 279ms
2026-10-03 08:30:01 | appwrite | UP | 200 | 335ms
2026-10-03 08:30:02 | r2-media | UP | 5/5 | 115ms | worst=204ms | samples=204,108,81,91,91
2026-10-03 08:30:02 | video-media | UP | 5/5 | 108ms | samples=177,83,83,69,128
----------------------------------------------------------------------------------------------------
2026-10-03 08:35:00 | frontend | UP | 200 | 29ms
2026-10-03 08:35:00 | appwrite | UP | 200 | 342ms
2026-10-03 08:35:01 | r2-media | UP | 5/5 | 71ms | worst=80ms | samples=64,76,67,69,80
2026-10-03 08:35:02 | video-media | UP | 5/5 | 126ms | samples=88,78,83,294,89
----------------------------------------------------------------------------------------------------
2026-10-03 08:40:00 | frontend | UP | 200 | 28ms
2026-10-03 08:40:00 | appwrite | UP | 200 | 263ms
2026-10-03 08:40:01 | r2-media | UP | 5/5 | 85ms | worst=122ms | samples=122,75,62,71,99
2026-10-03 08:40:01 | video-media | UP | 5/5 | 107ms | samples=116,86,73,123,137
----------------------------------------------------------------------------------------------------
2026-10-03 08:45:00 | frontend | UP | 200 | 281ms
2026-10-03 08:45:00 | appwrite | UP | 200 | 261ms
2026-10-03 08:45:01 | r2-media | UP | 5/5 | 105ms | worst=232ms | samples=83,232,69,73,69
2026-10-03 08:45:02 | video-media | UP | 5/5 | 90ms | samples=98,80,106,80,90
----------------------------------------------------------------------------------------------------
2026-10-03 08:50:00 | frontend | UP | 200 | 27ms
2026-10-03 08:50:01 | appwrite | UP | 200 | 279ms
2026-10-03 08:50:01 | r2-media | UP | 5/5 | 104ms | worst=192ms | samples=192,93,97,73,67
2026-10-03 08:50:02 | video-media | UP | 5/5 | 90ms | samples=114,89,79,89,81
----------------------------------------------------------------------------------------------------
2026-10-03 08:55:00 | frontend | UP | 200 | 269ms
2026-10-03 08:55:01 | appwrite | UP | 200 | 372ms
2026-10-03 08:55:02 | r2-media | UP | 5/5 | 233ms | worst=571ms | samples=244,83,176,94,571
2026-10-03 08:55:03 | video-media | UP | 5/5 | 113ms | samples=92,104,101,99,173
----------------------------------------------------------------------------------------------------
====================================================================================================
2026-10-03 09:00:00 | frontend | UP | 200 | 28ms
2026-10-03 09:00:01 | appwrite | UP | 200 | 408ms
2026-10-03 09:00:01 | r2-media | UP | 5/5 | 129ms | worst=211ms | samples=116,65,148,211,107
2026-10-03 09:00:02 | video-media | UP | 5/5 | 117ms | samples=93,95,88,118,195
----------------------------------------------------------------------------------------------------
2026-10-03 09:05:01 | frontend | UP | 200 | 392ms
2026-10-03 09:05:01 | appwrite | UP | 200 | 380ms
2026-10-03 09:05:02 | r2-media | UP | 5/5 | 137ms | worst=291ms | samples=291,100,136,95,65
2026-10-03 09:05:03 | video-media | UP | 5/5 | 105ms | samples=214,83,97,69,66
----------------------------------------------------------------------------------------------------
2026-10-03 09:10:00 | frontend | UP | 200 | 26ms
2026-10-03 09:10:00 | appwrite | UP | 200 | 395ms
2026-10-03 09:10:01 | r2-media | UP | 5/5 | 122ms | worst=289ms | samples=89,289,77,63,95
2026-10-03 09:10:12 | video-media | UP | 5/5 | 87ms | samples=90,94,68,123,62
----------------------------------------------------------------------------------------------------
2026-10-03 09:15:00 | frontend | UP | 200 | 28ms
2026-10-03 09:15:00 | appwrite | UP | 200 | 190ms
2026-10-03 09:15:01 | r2-media | UP | 5/5 | 172ms | worst=314ms | samples=283,314,90,100,76
2026-10-03 09:15:02 | video-media | UP | 5/5 | 130ms | samples=194,115,137,89,119
----------------------------------------------------------------------------------------------------
2026-10-03 09:20:00 | frontend | UP | 200 | 267ms
2026-10-03 09:20:00 | appwrite | UP | 200 | 279ms
2026-10-03 09:20:01 | r2-media | UP | 5/5 | 131ms | worst=226ms | samples=226,176,89,81,85
2026-10-03 09:20:02 | video-media | UP | 5/5 | 100ms | samples=108,85,98,103,106
----------------------------------------------------------------------------------------------------
2026-10-03 09:25:00 | frontend | UP | 200 | 30ms
2026-10-03 09:25:01 | appwrite | UP | 200 | 278ms
2026-10-03 09:25:02 | r2-media | UP | 5/5 | 171ms | worst=445ms | samples=168,88,445,74,82
2026-10-03 09:25:02 | video-media | UP | 5/5 | 122ms | samples=191,133,93,106,88
----------------------------------------------------------------------------------------------------
2026-10-03 09:30:01 | frontend | UP | 200 | 350ms
2026-10-03 09:30:01 | appwrite | UP | 200 | 206ms
2026-10-03 09:30:02 | r2-media | UP | 5/5 | 134ms | worst=347ms | samples=347,76,81,84,82
2026-10-03 09:30:02 | video-media | UP | 5/5 | 103ms | samples=128,111,80,93,104
----------------------------------------------------------------------------------------------------
2026-10-03 09:35:00 | frontend | UP | 200 | 26ms
2026-10-03 09:35:00 | appwrite | UP | 200 | 313ms
2026-10-03 09:35:01 | r2-media | UP | 5/5 | 126ms | worst=187ms | samples=91,98,93,164,187
2026-10-03 09:35:02 | video-media | UP | 5/5 | 166ms | samples=88,83,125,80,458
----------------------------------------------------------------------------------------------------
2026-10-03 09:40:00 | frontend | UP | 200 | 29ms
2026-10-03 09:40:01 | appwrite | UP | 200 | 304ms
2026-10-03 09:40:01 | r2-media | UP | 5/5 | 105ms | worst=219ms | samples=65,65,72,106,219
2026-10-03 09:40:02 | video-media | UP | 5/5 | 139ms | samples=168,140,107,119,163
----------------------------------------------------------------------------------------------------
2026-10-03 09:45:00 | frontend | UP | 200 | 288ms
2026-10-03 09:45:01 | appwrite | UP | 200 | 346ms
2026-10-03 09:45:01 | r2-media | UP | 5/5 | 84ms | worst=133ms | samples=70,133,63,77,80
2026-10-03 09:45:02 | video-media | UP | 5/5 | 121ms | samples=136,136,110,124,101
----------------------------------------------------------------------------------------------------
2026-10-03 09:50:00 | frontend | UP | 200 | 25ms
2026-10-03 09:50:00 | appwrite | UP | 200 | 143ms
2026-10-03 09:50:01 | r2-media | UP | 5/5 | 97ms | worst=171ms | samples=171,65,74,95,80
2026-10-03 09:50:02 | video-media | UP | 5/5 | 109ms | samples=89,110,119,127,104
----------------------------------------------------------------------------------------------------
2026-10-03 09:55:00 | frontend | UP | 200 | 29ms
2026-10-03 09:55:00 | appwrite | UP | 200 | 292ms
2026-10-03 09:55:01 | r2-media | UP | 5/5 | 128ms | worst=228ms | samples=65,79,228,186,82
2026-10-03 09:55:02 | video-media | UP | 5/5 | 122ms | samples=108,86,104,101,211
----------------------------------------------------------------------------------------------------
====================================================================================================
2026-10-03 10:00:00 | frontend | UP | 200 | 272ms
2026-10-03 10:00:00 | appwrite | UP | 200 | 297ms
2026-10-03 10:00:01 | r2-media | UP | 5/5 | 119ms | worst=257ms | samples=99,96,72,75,257
2026-10-03 10:00:02 | video-media | UP | 5/5 | 165ms | samples=235,125,83,205,181
----------------------------------------------------------------------------------------------------
2026-10-03 10:05:00 | frontend | UP | 200 | 30ms
2026-10-03 10:05:00 | appwrite | UP | 200 | 274ms
2026-10-03 10:05:01 | r2-media | UP | 5/5 | 74ms | worst=87ms | samples=73,65,87,84,64
2026-10-03 10:05:01 | video-media | UP | 5/5 | 108ms | samples=145,85,97,117,97
----------------------------------------------------------------------------------------------------
2026-10-03 10:10:00 | frontend | UP | 200 | 268ms
2026-10-03 10:10:01 | appwrite | UP | 200 | 126ms
2026-10-03 10:10:02 | r2-media | UP | 5/5 | 230ms | worst=333ms | samples=255,301,106,333,157
2026-10-03 10:10:03 | video-media | UP | 5/5 | 104ms | samples=90,66,136,105,127
----------------------------------------------------------------------------------------------------
2026-10-03 10:15:00 | frontend | UP | 200 | 33ms
2026-10-03 10:15:01 | appwrite | UP | 200 | 328ms
2026-10-03 10:15:01 | r2-media | UP | 5/5 | 100ms | worst=132ms | samples=69,132,101,104,98
2026-10-03 10:15:19 | video-media | UP | 5/5 | 102ms | samples=176,84,84,86,82
----------------------------------------------------------------------------------------------------
2026-10-03 10:20:01 | frontend | UP | 200 | 275ms
2026-10-03 10:20:01 | appwrite | UP | 200 | 140ms
2026-10-03 10:20:02 | r2-media | UP | 5/5 | 111ms | worst=186ms | samples=186,74,94,97,104
2026-10-03 10:20:02 | video-media | UP | 5/5 | 109ms | samples=105,116,101,125,98
----------------------------------------------------------------------------------------------------
2026-10-03 10:25:00 | frontend | UP | 200 | 29ms
2026-10-03 10:25:01 | appwrite | UP | 200 | 178ms
2026-10-03 10:25:01 | r2-media | UP | 5/5 | 108ms | worst=180ms | samples=102,68,79,112,180
2026-10-03 10:25:02 | video-media | UP | 5/5 | 99ms | samples=94,110,78,89,126
----------------------------------------------------------------------------------------------------
2026-10-03 10:30:00 | frontend | UP | 200 | 36ms
2026-10-03 10:30:00 | appwrite | UP | 200 | 332ms
2026-10-03 10:30:01 | r2-media | UP | 5/5 | 87ms | worst=128ms | samples=128,64,71,84,88
2026-10-03 10:30:02 | video-media | UP | 5/5 | 144ms | samples=133,107,207,179,97
----------------------------------------------------------------------------------------------------
2026-10-03 10:35:00 | frontend | UP | 200 | 344ms
2026-10-03 10:35:01 | appwrite | UP | 200 | 378ms
2026-10-03 10:35:01 | r2-media | UP | 5/5 | 84ms | worst=90ms | samples=89,90,73,82,86
2026-10-03 10:35:02 | video-media | UP | 5/5 | 193ms | samples=133,86,117,532,101
----------------------------------------------------------------------------------------------------
2026-10-03 10:40:00 | frontend | UP | 200 | 33ms
2026-10-03 10:40:00 | appwrite | UP | 200 | 352ms
2026-10-03 10:40:01 | r2-media | UP | 5/5 | 139ms | worst=288ms | samples=288,99,99,132,78
2026-10-03 10:40:02 | video-media | UP | 5/5 | 120ms | samples=117,123,113,125,125
----------------------------------------------------------------------------------------------------
2026-10-03 10:45:00 | frontend | UP | 200 | 272ms
2026-10-03 10:45:01 | appwrite | UP | 200 | 299ms
2026-10-03 10:45:02 | r2-media | UP | 5/5 | 161ms | worst=428ms | samples=428,86,127,87,78
2026-10-03 10:45:02 | video-media | UP | 5/5 | 123ms | samples=196,133,108,109,71
----------------------------------------------------------------------------------------------------
2026-10-03 10:50:01 | frontend | UP | 200 | 41ms
2026-10-03 10:50:01 | appwrite | UP | 200 | 333ms
2026-10-03 10:50:02 | r2-media | UP | 5/5 | 150ms | worst=293ms | samples=293,213,80,94,72
2026-10-03 10:50:03 | video-media | UP | 5/5 | 145ms | samples=264,79,144,147,92
----------------------------------------------------------------------------------------------------
2026-10-03 10:55:01 | frontend | UP | 200 | 273ms
2026-10-03 10:55:01 | appwrite | UP | 200 | 222ms
2026-10-03 10:55:02 | r2-media | UP | 5/5 | 115ms | worst=171ms | samples=171,140,111,66,88
2026-10-03 10:55:03 | video-media | UP | 5/5 | 115ms | samples=125,139,100,127,88
----------------------------------------------------------------------------------------------------
====================================================================================================
2026-10-03 11:00:00 | frontend | UP | 200 | 32ms
2026-10-03 11:00:00 | appwrite | UP | 200 | 312ms
2026-10-03 11:00:01 | r2-media | UP | 5/5 | 118ms | worst=190ms | samples=78,93,103,190,128
2026-10-03 11:00:02 | video-media | UP | 5/5 | 159ms | samples=145,124,235,108,186
----------------------------------------------------------------------------------------------------
2026-10-03 11:05:00 | frontend | UP | 200 | 25ms
2026-10-03 11:05:00 | appwrite | UP | 200 | 211ms
2026-10-03 11:05:01 | r2-media | UP | 5/5 | 108ms | worst=124ms | samples=124,115,105,90,107
2026-10-03 11:05:02 | video-media | UP | 5/5 | 209ms | samples=90,499,169,105,183
----------------------------------------------------------------------------------------------------
2026-10-03 11:10:01 | frontend | UP | 200 | 284ms
2026-10-03 11:10:01 | appwrite | UP | 200 | 212ms
2026-10-03 11:10:02 | r2-media | UP | 5/5 | 132ms | worst=292ms | samples=292,102,77,120,72
2026-10-03 11:10:02 | video-media | UP | 5/5 | 123ms | samples=100,109,108,198,100
----------------------------------------------------------------------------------------------------
2026-10-03 11:15:00 | frontend | UP | 200 | 27ms
2026-10-03 11:15:00 | appwrite | UP | 200 | 268ms
2026-10-03 11:15:01 | r2-media | UP | 5/5 | 191ms | worst=621ms | samples=76,88,87,85,621
2026-10-03 11:15:02 | video-media | UP | 5/5 | 119ms | samples=117,103,118,141,119
----------------------------------------------------------------------------------------------------
2026-10-03 11:20:00 | frontend | UP | 200 | 26ms
2026-10-03 11:20:01 | appwrite | UP | 200 | 209ms
2026-10-03 11:20:01 | r2-media | UP | 5/5 | 136ms | worst=289ms | samples=289,113,78,103,99
2026-10-03 11:20:16 | video-media | UP | 5/5 | 181ms | samples=182,449,89,84,101
----------------------------------------------------------------------------------------------------
2026-10-03 11:25:01 | frontend | UP | 200 | 265ms
2026-10-03 11:25:01 | appwrite | UP | 200 | 144ms
2026-10-03 11:25:02 | r2-media | UP | 5/5 | 136ms | worst=289ms | samples=289,85,74,127,106
2026-10-03 11:25:02 | video-media | UP | 5/5 | 104ms | samples=88,101,117,99,118
----------------------------------------------------------------------------------------------------
2026-10-03 11:30:00 | frontend | UP | 200 | 31ms
2026-10-03 11:30:01 | appwrite | UP | 200 | 276ms
2026-10-03 11:30:01 | r2-media | UP | 5/5 | 127ms | worst=264ms | samples=95,75,90,111,264
2026-10-03 11:30:02 | video-media | UP | 5/5 | 123ms | samples=154,173,86,104,102
----------------------------------------------------------------------------------------------------
2026-10-03 11:35:00 | frontend | UP | 200 | 109ms
2026-10-03 11:35:01 | appwrite | UP | 200 | 405ms
2026-10-03 11:35:02 | r2-media | UP | 5/5 | 156ms | worst=285ms | samples=75,285,246,92,83
2026-10-03 11:35:03 | video-media | UP | 5/5 | 105ms | samples=126,95,105,107,96
----------------------------------------------------------------------------------------------------
2026-10-03 11:40:00 | frontend | UP | 200 | 284ms
2026-10-03 11:40:01 | appwrite | UP | 200 | 276ms
2026-10-03 11:40:01 | r2-media | UP | 5/5 | 93ms | worst=111ms | samples=87,101,74,93,111
2026-10-03 11:40:02 | video-media | UP | 5/5 | 135ms | samples=146,121,128,170,114
----------------------------------------------------------------------------------------------------
2026-10-03 11:45:00 | frontend | UP | 200 | 27ms
2026-10-03 11:45:00 | appwrite | UP | 200 | 259ms
2026-10-03 11:45:01 | r2-media | UP | 5/5 | 130ms | worst=208ms | samples=177,83,95,87,208
2026-10-03 11:45:02 | video-media | UP | 5/5 | 119ms | samples=105,111,101,129,149
----------------------------------------------------------------------------------------------------
2026-10-03 11:50:00 | frontend | UP | 200 | 43ms
2026-10-03 11:50:00 | appwrite | UP | 200 | 381ms
2026-10-03 11:50:01 | r2-media | UP | 5/5 | 108ms | worst=162ms | samples=162,125,79,86,90
2026-10-03 11:50:05 | video-media | UP | 5/5 | 840ms | samples=121,3221,672,89,99
----------------------------------------------------------------------------------------------------
2026-10-03 11:55:00 | frontend | UP | 200 | 267ms
2026-10-03 11:55:01 | appwrite | UP | 200 | 270ms
2026-10-03 11:55:01 | r2-media | UP | 5/5 | 98ms | worst=132ms | samples=132,101,78,90,90
2026-10-03 11:55:02 | video-media | UP | 5/5 | 134ms | samples=226,114,110,105,119
----------------------------------------------------------------------------------------------------
====================================================================================================
2026-10-03 12:00:00 | frontend | UP | 200 | 27ms
2026-10-03 12:00:03 | appwrite | UP | 200 | 2515ms
2026-10-03 12:00:03 | r2-media | UP | 5/5 | 132ms | worst=306ms | samples=306,82,93,109,71
2026-10-03 12:00:04 | video-media | UP | 5/5 | 161ms | samples=139,177,136,260,96
----------------------------------------------------------------------------------------------------
2026-10-03 12:05:00 | frontend | UP | 200 | 40ms
2026-10-03 12:05:00 | appwrite | UP | 200 | 214ms
2026-10-03 12:05:01 | r2-media | UP | 5/5 | 132ms | worst=276ms | samples=160,276,70,76,81
2026-10-03 12:05:02 | video-media | UP | 5/5 | 142ms | samples=100,103,234,110,164
----------------------------------------------------------------------------------------------------
2026-10-03 12:10:00 | frontend | UP | 200 | 272ms
2026-10-03 12:10:00 | appwrite | UP | 200 | 121ms
2026-10-03 12:10:01 | r2-media | UP | 5/5 | 129ms | worst=270ms | samples=270,87,120,92,78
2026-10-03 12:10:02 | video-media | UP | 5/5 | 126ms | samples=174,126,109,111,111
----------------------------------------------------------------------------------------------------
2026-10-03 12:15:00 | frontend | UP | 200 | 39ms
2026-10-03 12:15:01 | appwrite | UP | 200 | 405ms
2026-10-03 12:15:01 | r2-media | UP | 5/5 | 129ms | worst=210ms | samples=138,105,76,120,210
2026-10-03 12:15:02 | video-media | UP | 5/5 | 132ms | samples=217,101,102,133,108
----------------------------------------------------------------------------------------------------
2026-10-03 12:20:01 | frontend | UP | 200 | 273ms
2026-10-03 12:20:01 | appwrite | UP | 200 | 380ms
2026-10-03 12:20:02 | r2-media | UP | 5/5 | 132ms | worst=260ms | samples=260,107,100,118,75
2026-10-03 12:20:03 | video-media | UP | 5/5 | 190ms | samples=243,197,220,151,139
----------------------------------------------------------------------------------------------------
2026-10-03 12:25:00 | frontend | UP | 200 | 32ms
2026-10-03 12:25:01 | appwrite | UP | 200 | 282ms
2026-10-03 12:25:01 | r2-media | UP | 5/5 | 117ms | worst=130ms | samples=112,130,119,112,112
2026-10-03 12:25:21 | video-media | UP | 5/5 | 153ms | samples=145,317,105,98,102
----------------------------------------------------------------------------------------------------
2026-10-03 12:30:00 | frontend | UP | 200 | 31ms
2026-10-03 12:30:00 | appwrite | UP | 200 | 268ms
2026-10-03 12:30:01 | r2-media | UP | 5/5 | 172ms | worst=321ms | samples=321,165,108,154,113
2026-10-03 12:30:02 | video-media | UP | 5/5 | 152ms | samples=173,124,128,212,123
----------------------------------------------------------------------------------------------------
2026-10-03 12:35:01 | frontend | UP | 200 | 379ms
2026-10-03 12:35:01 | appwrite | UP | 200 | 387ms
2026-10-03 12:35:02 | r2-media | UP | 5/5 | 124ms | worst=198ms | samples=198,97,102,76,151
2026-10-03 12:35:03 | video-media | UP | 5/5 | 181ms | samples=187,142,125,246,209
----------------------------------------------------------------------------------------------------
2026-10-03 12:40:00 | frontend | UP | 200 | 26ms
2026-10-03 12:40:00 | appwrite | UP | 200 | 268ms
2026-10-03 12:40:01 | r2-media | UP | 5/5 | 92ms | worst=131ms | samples=71,131,73,84,104
2026-10-03 12:40:02 | video-media | UP | 5/5 | 127ms | samples=156,106,100,122,151
----------------------------------------------------------------------------------------------------
2026-10-03 12:45:00 | frontend | UP | 200 | 26ms
2026-10-03 12:45:01 | appwrite | UP | 200 | 241ms
2026-10-03 12:45:02 | r2-media | UP | 5/5 | 188ms | worst=327ms | samples=316,119,93,327,89
2026-10-03 12:45:03 | video-media | UP | 5/5 | 146ms | samples=167,120,140,162,141
----------------------------------------------------------------------------------------------------
2026-10-03 12:50:01 | frontend | UP | 200 | 280ms
2026-10-03 12:50:01 | appwrite | UP | 200 | 290ms
2026-10-03 12:50:03 | r2-media | UP | 5/5 | 321ms | worst=895ms | samples=895,117,230,300,67
2026-10-03 12:50:04 | video-media | UP | 5/5 | 127ms | samples=193,96,127,111,111
----------------------------------------------------------------------------------------------------
2026-10-03 12:55:00 | frontend | UP | 200 | 28ms
2026-10-03 12:55:00 | appwrite | UP | 200 | 330ms
2026-10-03 12:55:01 | r2-media | UP | 5/5 | 91ms | worst=98ms | samples=98,94,79,97,91
2026-10-03 12:55:02 | video-media | UP | 5/5 | 134ms | samples=141,120,124,146,141
----------------------------------------------------------------------------------------------------
====================================================================================================
2026-10-03 13:00:00 | frontend | UP | 200 | 25ms
2026-10-03 13:00:01 | appwrite | UP | 200 | 416ms
2026-10-03 13:00:01 | r2-media | UP | 5/5 | 144ms | worst=221ms | samples=221,117,212,98,76
2026-10-03 13:00:02 | video-media | UP | 5/5 | 148ms | samples=191,115,186,136,115
----------------------------------------------------------------------------------------------------
2026-10-03 13:05:01 | frontend | UP | 200 | 295ms
2026-10-03 13:05:01 | appwrite | UP | 200 | 205ms
2026-10-03 13:05:02 | r2-media | UP | 5/5 | 160ms | worst=275ms | samples=275,125,124,192,88
2026-10-03 13:05:03 | video-media | UP | 5/5 | 152ms | samples=222,143,120,124,151
----------------------------------------------------------------------------------------------------
2026-10-03 13:10:01 | frontend | UP | 200 | 163ms
2026-10-03 13:10:01 | appwrite | UP | 200 | 367ms
2026-10-03 13:10:02 | r2-media | UP | 5/5 | 169ms | worst=419ms | samples=119,112,419,112,85
2026-10-03 13:10:03 | video-media | UP | 5/5 | 164ms | samples=155,195,110,123,238
----------------------------------------------------------------------------------------------------
2026-10-03 13:15:00 | frontend | UP | 200 | 27ms
2026-10-03 13:15:00 | appwrite | UP | 200 | 289ms
2026-10-03 13:15:01 | r2-media | UP | 5/5 | 130ms | worst=191ms | samples=105,113,134,108,191
2026-10-03 13:15:02 | video-media | UP | 5/5 | 145ms | samples=143,181,131,141,129
----------------------------------------------------------------------------------------------------
2026-10-03 13:20:00 | frontend | UP | 200 | 267ms
2026-10-03 13:20:01 | appwrite | UP | 200 | 1195ms
2026-10-03 13:20:02 | r2-media | UP | 5/5 | 129ms | worst=166ms | samples=166,120,133,157,72
2026-10-03 13:20:03 | video-media | UP | 5/5 | 132ms | samples=189,133,99,123,117
----------------------------------------------------------------------------------------------------
2026-10-03 13:25:00 | frontend | UP | 200 | 27ms
2026-10-03 13:25:02 | appwrite | UP | 200 | 1415ms
2026-10-03 13:25:03 | r2-media | UP | 5/5 | 150ms | worst=260ms | samples=260,107,152,128,103
2026-10-03 13:25:04 | video-media | UP | 5/5 | 153ms | samples=225,132,187,129,94
----------------------------------------------------------------------------------------------------
2026-10-03 13:30:01 | frontend | UP | 200 | 277ms
2026-10-03 13:30:01 | appwrite | UP | 200 | 307ms
2026-10-03 13:30:02 | r2-media | UP | 5/5 | 133ms | worst=178ms | samples=118,109,97,178,166
2026-10-03 13:30:20 | video-media | UP | 5/5 | 145ms | samples=112,229,161,136,89
----------------------------------------------------------------------------------------------------
2026-10-03 13:35:01 | frontend | UP | 200 | 26ms
2026-10-03 13:35:01 | appwrite | UP | 200 | 270ms
2026-10-03 13:35:02 | r2-media | UP | 5/5 | 121ms | worst=209ms | samples=103,106,103,84,209
2026-10-03 13:35:02 | video-media | UP | 5/5 | 128ms | samples=118,128,123,115,156
----------------------------------------------------------------------------------------------------
2026-10-03 13:40:00 | frontend | UP | 200 | 102ms
2026-10-03 13:40:00 | appwrite | UP | 200 | 294ms
2026-10-03 13:40:03 | r2-media | UNSTABLE | 5/5 | 490ms | worst=1810ms | samples=284,1810,106,142,112
2026-10-03 13:40:04 | video-media | UP | 5/5 | 128ms | samples=208,106,112,112,105
----------------------------------------------------------------------------------------------------
2026-10-03 13:45:01 | frontend | UP | 200 | 267ms
2026-10-03 13:45:01 | appwrite | UP | 200 | 287ms
2026-10-03 13:45:02 | r2-media | UP | 5/5 | 128ms | worst=240ms | samples=240,103,73,133,92
2026-10-03 13:45:03 | video-media | UP | 5/5 | 161ms | samples=152,180,175,174,127
----------------------------------------------------------------------------------------------------
2026-10-03 13:50:00 | frontend | UP | 200 | 27ms
2026-10-03 13:50:00 | appwrite | UP | 200 | 197ms
2026-10-03 13:50:00 | r2-media | UP | 5/5 | 93ms | worst=98ms | samples=93,98,96,89,90
2026-10-03 13:50:02 | video-media | UP | 5/5 | 211ms | samples=535,120,132,146,126
----------------------------------------------------------------------------------------------------
2026-10-03 13:55:00 | frontend | UP | 200 | 27ms
2026-10-03 13:55:00 | appwrite | UP | 200 | 350ms
2026-10-03 13:55:01 | r2-media | UP | 5/5 | 125ms | worst=244ms | samples=244,103,62,132,88
2026-10-03 13:55:02 | video-media | UP | 5/5 | 129ms | samples=163,119,140,129,95
----------------------------------------------------------------------------------------------------
====================================================================================================
2026-10-03 14:00:01 | frontend | UP | 200 | 276ms
2026-10-03 14:00:01 | appwrite | UP | 200 | 361ms
2026-10-03 14:00:02 | r2-media | UP | 5/5 | 151ms | worst=213ms | samples=213,138,136,138,134
2026-10-03 14:00:03 | video-media | UP | 5/5 | 179ms | samples=247,148,163,179,162
----------------------------------------------------------------------------------------------------
2026-10-03 14:05:01 | frontend | UP | 200 | 28ms
2026-10-03 14:05:01 | appwrite | UP | 200 | 329ms
2026-10-03 14:05:02 | r2-media | UP | 5/5 | 161ms | worst=317ms | samples=139,317,92,126,132
2026-10-03 14:05:03 | video-media | UP | 5/5 | 160ms | samples=229,185,108,156,122
----------------------------------------------------------------------------------------------------
2026-10-03 14:10:00 | frontend | UP | 200 | 32ms
2026-10-03 14:10:00 | appwrite | UP | 200 | 297ms
2026-10-03 14:10:01 | r2-media | UP | 5/5 | 108ms | worst=122ms | samples=110,113,122,99,97
2026-10-03 14:10:02 | video-media | UP | 5/5 | 122ms | samples=119,127,128,136,102
----------------------------------------------------------------------------------------------------
2026-10-03 14:15:00 | frontend | UP | 200 | 406ms
2026-10-03 14:15:00 | appwrite | UP | 200 | 283ms
2026-10-03 14:15:01 | r2-media | UP | 5/5 | 205ms | worst=439ms | samples=189,439,77,140,183
2026-10-03 14:15:02 | video-media | UP | 5/5 | 162ms | samples=233,125,149,173,133
----------------------------------------------------------------------------------------------------
2026-10-03 14:20:00 | frontend | UP | 200 | 25ms
2026-10-03 14:20:01 | appwrite | UP | 200 | 286ms
2026-10-03 14:20:01 | r2-media | UP | 5/5 | 138ms | worst=273ms | samples=273,89,111,111,107
2026-10-03 14:20:02 | video-media | UP | 5/5 | 175ms | samples=122,268,102,241,146
----------------------------------------------------------------------------------------------------
2026-10-03 14:25:00 | frontend | UP | 200 | 27ms
2026-10-03 14:25:00 | appwrite | UP | 200 | 197ms
2026-10-03 14:25:01 | r2-media | UP | 5/5 | 112ms | worst=170ms | samples=170,123,81,112,78
2026-10-03 14:25:02 | video-media | UP | 5/5 | 126ms | samples=122,106,125,154,124
----------------------------------------------------------------------------------------------------
2026-10-03 14:30:00 | frontend | UP | 200 | 287ms
2026-10-03 14:30:00 | appwrite | UP | 200 | 204ms
2026-10-03 14:30:01 | r2-media | UP | 5/5 | 140ms | worst=263ms | samples=263,108,127,110,96
2026-10-03 14:30:02 | video-media | UP | 5/5 | 135ms | samples=147,136,104,138,150
----------------------------------------------------------------------------------------------------
2026-10-03 14:35:00 | frontend | UP | 200 | 29ms
2026-10-03 14:35:00 | appwrite | UP | 200 | 271ms
2026-10-03 14:35:01 | r2-media | UP | 5/5 | 124ms | worst=170ms | samples=110,154,170,89,100
2026-10-03 14:35:17 | video-media | UP | 5/5 | 142ms | samples=204,99,184,126,98
----------------------------------------------------------------------------------------------------
2026-10-03 14:40:00 | frontend | UP | 200 | 28ms
2026-10-03 14:40:00 | appwrite | UP | 200 | 342ms
2026-10-03 14:40:01 | r2-media | UP | 5/5 | 116ms | worst=159ms | samples=102,121,84,118,159
2026-10-03 14:40:02 | video-media | UP | 5/5 | 127ms | samples=125,118,111,158,127
----------------------------------------------------------------------------------------------------
2026-10-03 14:45:01 | frontend | UP | 200 | 350ms
2026-10-03 14:45:01 | appwrite | UP | 200 | 232ms
2026-10-03 14:45:02 | r2-media | UP | 5/5 | 137ms | worst=342ms | samples=342,73,93,87,91
2026-10-03 14:45:03 | video-media | UP | 5/5 | 127ms | samples=179,132,119,105,100
----------------------------------------------------------------------------------------------------
2026-10-03 14:50:01 | frontend | UP | 200 | 26ms
2026-10-03 14:50:01 | appwrite | UP | 200 | 274ms
2026-10-03 14:50:02 | r2-media | UP | 5/5 | 134ms | worst=191ms | samples=121,108,148,191,102
2026-10-03 14:50:03 | video-media | UP | 5/5 | 164ms | samples=272,204,112,125,110
----------------------------------------------------------------------------------------------------
2026-10-03 14:55:00 | frontend | UP | 200 | 28ms
2026-10-03 14:55:00 | appwrite | UP | 200 | 231ms
2026-10-03 14:55:01 | r2-media | UP | 5/5 | 100ms | worst=143ms | samples=85,96,94,83,143
2026-10-03 14:55:01 | video-media | UP | 5/5 | 122ms | samples=119,112,118,146,115
----------------------------------------------------------------------------------------------------
====================================================================================================
2026-10-03 15:00:01 | frontend | UP | 200 | 267ms
2026-10-03 15:00:01 | appwrite | UP | 200 | 355ms
2026-10-03 15:00:02 | r2-media | UP | 5/5 | 158ms | worst=260ms | samples=260,120,111,134,166
2026-10-03 15:00:03 | video-media | UP | 5/5 | 144ms | samples=212,94,158,128,131
----------------------------------------------------------------------------------------------------
2026-10-03 15:05:00 | frontend | UP | 200 | 33ms
2026-10-03 15:05:00 | appwrite | UP | 200 | 222ms
2026-10-03 15:05:02 | r2-media | UP | 5/5 | 260ms | worst=509ms | samples=110,427,84,173,509
2026-10-03 15:05:03 | video-media | UP | 5/5 | 138ms | samples=128,109,187,157,110
----------------------------------------------------------------------------------------------------
2026-10-03 15:10:00 | frontend | UP | 200 | 27ms
2026-10-03 15:10:00 | appwrite | UP | 200 | 229ms
2026-10-03 15:10:01 | r2-media | UP | 5/5 | 116ms | worst=157ms | samples=117,110,91,109,157
2026-10-03 15:10:02 | video-media | UP | 5/5 | 151ms | samples=160,132,161,152,150
----------------------------------------------------------------------------------------------------
2026-10-03 15:15:00 | frontend | UP | 200 | 277ms
2026-10-03 15:15:00 | appwrite | UP | 200 | 350ms
2026-10-03 15:15:01 | r2-media | UP | 5/5 | 134ms | worst=263ms | samples=263,97,98,97,115
2026-10-03 15:15:02 | video-media | UP | 5/5 | 239ms | samples=189,145,512,200,149
----------------------------------------------------------------------------------------------------
2026-10-03 15:20:01 | frontend | UP | 200 | 93ms
2026-10-03 15:20:01 | appwrite | UP | 200 | 207ms
2026-10-03 15:20:02 | r2-media | UP | 5/5 | 107ms | worst=160ms | samples=118,93,76,160,92
2026-10-03 15:20:02 | video-media | UP | 5/5 | 127ms | samples=164,112,111,84,164
----------------------------------------------------------------------------------------------------
2026-10-03 15:25:00 | frontend | UP | 200 | 28ms
2026-10-03 15:25:00 | appwrite | UP | 200 | 255ms
2026-10-03 15:25:01 | r2-media | UP | 5/5 | 223ms | worst=453ms | samples=453,138,96,348,83
2026-10-03 15:25:02 | video-media | UP | 5/5 | 150ms | samples=132,195,115,108,201
----------------------------------------------------------------------------------------------------
2026-10-03 15:30:00 | frontend | UP | 200 | 272ms
2026-10-03 15:30:00 | appwrite | UP | 200 | 189ms
2026-10-03 15:30:01 | r2-media | UP | 5/5 | 155ms | worst=406ms | samples=105,94,406,97,76
2026-10-03 15:30:02 | video-media | UP | 5/5 | 125ms | samples=100,120,132,148,127
----------------------------------------------------------------------------------------------------
2026-10-03 15:35:00 | frontend | UP | 200 | 25ms
2026-10-03 15:35:00 | appwrite | UP | 200 | 214ms
2026-10-03 15:35:01 | r2-media | UP | 5/5 | 93ms | worst=106ms | samples=99,106,84,73,103
2026-10-03 15:35:01 | video-media | UP | 5/5 | 111ms | samples=127,105,109,108,107
----------------------------------------------------------------------------------------------------
2026-10-03 15:40:00 | frontend | UP | 200 | 265ms
2026-10-03 15:40:01 | appwrite | UP | 200 | 267ms
2026-10-03 15:40:02 | r2-media | UP | 5/5 | 259ms | worst=496ms | samples=496,125,136,449,93
2026-10-03 15:40:27 | video-media | UP | 5/5 | 140ms | samples=184,171,106,147,95
----------------------------------------------------------------------------------------------------
2026-10-03 15:45:00 | frontend | UP | 200 | 26ms
2026-10-03 15:45:00 | appwrite | UP | 200 | 233ms
2026-10-03 15:45:01 | r2-media | UP | 5/5 | 100ms | worst=154ms | samples=77,61,154,128,83
2026-10-03 15:45:02 | video-media | UP | 5/5 | 128ms | samples=208,108,103,110,113
----------------------------------------------------------------------------------------------------
2026-10-03 15:50:00 | frontend | UP | 200 | 28ms
2026-10-03 15:50:00 | appwrite | UP | 200 | 249ms
2026-10-03 15:50:01 | r2-media | UP | 5/5 | 127ms | worst=183ms | samples=183,90,86,155,124
2026-10-03 15:50:02 | video-media | UP | 5/5 | 117ms | samples=117,147,108,121,94
----------------------------------------------------------------------------------------------------
2026-10-03 15:55:01 | frontend | UP | 200 | 270ms
2026-10-03 15:55:01 | appwrite | UP | 200 | 227ms
2026-10-03 15:55:02 | r2-media | UP | 5/5 | 209ms | worst=446ms | samples=296,119,446,96,88
2026-10-03 15:55:03 | video-media | UP | 5/5 | 123ms | samples=171,89,108,103,145
----------------------------------------------------------------------------------------------------
====================================================================================================
2026-10-03 16:00:00 | frontend | UP | 200 | 26ms
2026-10-03 16:00:01 | appwrite | UP | 200 | 164ms
2026-10-03 16:00:01 | r2-media | UP | 5/5 | 153ms | worst=248ms | samples=88,99,140,190,248
2026-10-03 16:00:02 | video-media | UP | 5/5 | 131ms | samples=135,119,116,112,176
----------------------------------------------------------------------------------------------------
2026-10-03 16:05:00 | frontend | UP | 200 | 37ms
2026-10-03 16:05:00 | appwrite | UP | 200 | 275ms
2026-10-03 16:05:01 | r2-media | UP | 5/5 | 105ms | worst=129ms | samples=129,102,77,92,125
2026-10-03 16:05:02 | video-media | UP | 5/5 | 119ms | samples=122,110,109,122,136
----------------------------------------------------------------------------------------------------
2026-10-03 16:10:00 | frontend | UP | 200 | 283ms
2026-10-03 16:10:01 | appwrite | UP | 200 | 274ms
2026-10-03 16:10:02 | r2-media | UP | 5/5 | 142ms | worst=284ms | samples=284,81,152,103,91
2026-10-03 16:10:02 | video-media | UP | 5/5 | 135ms | samples=134,115,133,173,121
----------------------------------------------------------------------------------------------------
2026-10-03 16:15:00 | frontend | UP | 200 | 24ms
2026-10-03 16:15:00 | appwrite | UP | 200 | 338ms
2026-10-03 16:15:01 | r2-media | UP | 5/5 | 100ms | worst=148ms | samples=93,91,57,148,115
2026-10-03 16:15:02 | video-media | UP | 5/5 | 172ms | samples=286,143,132,138,165
----------------------------------------------------------------------------------------------------
2026-10-03 16:20:00 | frontend | UP | 200 | 31ms
2026-10-03 16:20:00 | appwrite | UP | 200 | 264ms
2026-10-03 16:20:01 | r2-media | UP | 5/5 | 142ms | worst=268ms | samples=268,114,87,103,141
2026-10-03 16:20:02 | video-media | UP | 5/5 | 119ms | samples=201,116,107,94,77
----------------------------------------------------------------------------------------------------
2026-10-03 16:25:00 | frontend | UP | 200 | 356ms
2026-10-03 16:25:01 | appwrite | UP | 200 | 329ms
2026-10-03 16:25:01 | r2-media | UP | 5/5 | 122ms | worst=158ms | samples=106,158,125,100,125
2026-10-03 16:25:02 | video-media | UP | 5/5 | 127ms | samples=108,90,205,135,98
----------------------------------------------------------------------------------------------------
2026-10-03 16:30:00 | frontend | UP | 200 | 25ms
2026-10-03 16:30:00 | appwrite | UP | 200 | 288ms
2026-10-03 16:30:01 | r2-media | UP | 5/5 | 119ms | worst=160ms | samples=106,160,82,91,156
2026-10-03 16:30:02 | video-media | UP | 5/5 | 128ms | samples=130,157,101,118,137
----------------------------------------------------------------------------------------------------
2026-10-03 16:35:01 | frontend | UP | 200 | 270ms
2026-10-03 16:35:01 | appwrite | UP | 200 | 382ms
2026-10-03 16:35:02 | r2-media | UP | 5/5 | 134ms | worst=254ms | samples=96,143,254,97,81
2026-10-03 16:35:03 | video-media | UP | 5/5 | 150ms | samples=156,104,167,140,184
----------------------------------------------------------------------------------------------------
2026-10-03 16:40:00 | frontend | UP | 200 | 30ms
2026-10-03 16:40:01 | appwrite | UP | 200 | 287ms
2026-10-03 16:40:02 | r2-media | UP | 5/5 | 129ms | worst=266ms | samples=266,96,92,98,96
2026-10-03 16:40:02 | video-media | UP | 5/5 | 151ms | samples=242,124,112,166,111
----------------------------------------------------------------------------------------------------
2026-10-03 16:45:00 | frontend | UP | 200 | 26ms
2026-10-03 16:45:01 | appwrite | UP | 200 | 281ms
2026-10-03 16:45:01 | r2-media | UP | 5/5 | 129ms | worst=155ms | samples=99,155,113,155,124
2026-10-03 16:45:16 | video-media | UP | 5/5 | 140ms | samples=286,81,115,109,113
----------------------------------------------------------------------------------------------------
2026-10-03 16:50:01 | frontend | UP | 200 | 286ms
2026-10-03 16:50:01 | appwrite | UP | 200 | 227ms
2026-10-03 16:50:02 | r2-media | UP | 5/5 | 135ms | worst=254ms | samples=254,152,96,95,80
2026-10-03 16:50:02 | video-media | UP | 5/5 | 125ms | samples=124,111,139,138,113
----------------------------------------------------------------------------------------------------
2026-10-03 16:55:00 | frontend | UP | 200 | 25ms
2026-10-03 16:55:01 | appwrite | UP | 200 | 256ms
2026-10-03 16:55:02 | r2-media | UP | 5/5 | 169ms | worst=333ms | samples=99,100,94,222,333
2026-10-03 16:55:03 | video-media | UP | 5/5 | 124ms | samples=129,103,123,125,141
----------------------------------------------------------------------------------------------------
====================================================================================================
2026-10-03 17:00:00 | frontend | UP | 200 | 26ms
2026-10-03 17:00:00 | appwrite | UP | 200 | 359ms
2026-10-03 17:00:01 | r2-media | UP | 5/5 | 116ms | worst=195ms | samples=89,195,87,98,115
2026-10-03 17:00:02 | video-media | UP | 5/5 | 157ms | samples=102,191,159,206,128
----------------------------------------------------------------------------------------------------
2026-10-03 17:05:01 | frontend | UP | 200 | 289ms
2026-10-03 17:05:01 | appwrite | UP | 200 | 217ms
2026-10-03 17:05:01 | r2-media | UP | 5/5 | 99ms | worst=128ms | samples=124,80,88,128,79
2026-10-03 17:05:02 | video-media | UP | 5/5 | 129ms | samples=153,112,122,103,156
----------------------------------------------------------------------------------------------------
2026-10-03 17:10:00 | frontend | UP | 200 | 32ms
2026-10-03 17:10:00 | appwrite | UP | 200 | 198ms
2026-10-03 17:10:01 | r2-media | UP | 5/5 | 132ms | worst=200ms | samples=200,92,126,134,110
2026-10-03 17:10:02 | video-media | UP | 5/5 | 121ms | samples=120,136,124,124,105
----------------------------------------------------------------------------------------------------
2026-10-03 17:15:00 | frontend | UP | 200 | 27ms
2026-10-03 17:15:00 | appwrite | UP | 200 | 475ms
2026-10-03 17:15:01 | r2-media | UP | 5/5 | 163ms | worst=270ms | samples=93,96,232,270,126
2026-10-03 17:15:02 | video-media | UP | 5/5 | 149ms | samples=244,105,138,143,116
----------------------------------------------------------------------------------------------------
2026-10-03 17:20:01 | frontend | UP | 200 | 282ms
2026-10-03 17:20:01 | appwrite | UP | 200 | 269ms
2026-10-03 17:20:02 | r2-media | UP | 5/5 | 123ms | worst=187ms | samples=187,108,93,125,102
2026-10-03 17:20:03 | video-media | UP | 5/5 | 123ms | samples=130,126,112,122,126
----------------------------------------------------------------------------------------------------
2026-10-03 17:25:00 | frontend | UP | 200 | 32ms
2026-10-03 17:25:01 | appwrite | UP | 200 | 314ms
2026-10-03 17:25:02 | r2-media | UP | 5/5 | 122ms | worst=172ms | samples=101,146,172,98,97
2026-10-03 17:25:02 | video-media | UP | 5/5 | 112ms | samples=144,90,118,119,90
----------------------------------------------------------------------------------------------------
2026-10-03 17:30:00 | frontend | UP | 200 | 31ms
2026-10-03 17:30:00 | appwrite | UP | 200 | 197ms
2026-10-03 17:30:01 | r2-media | UP | 5/5 | 88ms | worst=107ms | samples=75,95,85,78,107
2026-10-03 17:30:02 | video-media | UP | 5/5 | 126ms | samples=143,94,90,134,170
----------------------------------------------------------------------------------------------------
2026-10-03 17:35:00 | frontend | UP | 200 | 276ms
2026-10-03 17:35:01 | appwrite | UP | 200 | 407ms
2026-10-03 17:35:02 | r2-media | UP | 5/5 | 223ms | worst=782ms | samples=782,73,84,104,73
2026-10-03 17:35:03 | video-media | UP | 5/5 | 127ms | samples=134,81,139,169,114
----------------------------------------------------------------------------------------------------
2026-10-03 17:40:00 | frontend | UP | 200 | 40ms
2026-10-03 17:40:00 | appwrite | UP | 200 | 274ms
2026-10-03 17:40:01 | r2-media | UP | 5/5 | 89ms | worst=128ms | samples=128,80,89,75,75
2026-10-03 17:40:02 | video-media | UP | 5/5 | 143ms | samples=208,149,116,130,115
----------------------------------------------------------------------------------------------------
2026-10-03 17:45:01 | frontend | UP | 200 | 283ms
2026-10-03 17:45:01 | appwrite | UP | 200 | 319ms
2026-10-03 17:45:02 | r2-media | UP | 5/5 | 136ms | worst=241ms | samples=241,102,135,101,104
2026-10-03 17:45:03 | video-media | UP | 5/5 | 133ms | samples=170,116,120,103,157
----------------------------------------------------------------------------------------------------
2026-10-03 17:50:00 | frontend | UP | 200 | 27ms
2026-10-03 17:50:00 | appwrite | UP | 200 | 212ms
2026-10-03 17:50:01 | r2-media | UP | 5/5 | 90ms | worst=127ms | samples=127,78,94,86,67
2026-10-03 17:50:20 | video-media | UP | 5/5 | 106ms | samples=188,94,89,89,73
----------------------------------------------------------------------------------------------------
2026-10-03 17:55:00 | frontend | UP | 200 | 94ms
2026-10-03 17:55:01 | appwrite | UP | 200 | 269ms
2026-10-03 17:55:02 | r2-media | UP | 5/5 | 131ms | worst=252ms | samples=252,88,111,121,83
2026-10-03 17:55:02 | video-media | UP | 5/5 | 106ms | samples=113,115,95,103,106
----------------------------------------------------------------------------------------------------
====================================================================================================
2026-10-03 18:00:00 | frontend | UP | 200 | 270ms
2026-10-03 18:00:01 | appwrite | UP | 200 | 320ms
2026-10-03 18:00:02 | r2-media | UP | 5/5 | 136ms | worst=296ms | samples=70,78,93,296,147
2026-10-03 18:00:03 | video-media | UP | 5/5 | 146ms | samples=168,116,144,108,197
----------------------------------------------------------------------------------------------------
2026-10-03 18:05:01 | frontend | UP | 200 | 29ms
2026-10-03 18:05:01 | appwrite | UP | 200 | 347ms
2026-10-03 18:05:02 | r2-media | UP | 5/5 | 159ms | worst=211ms | samples=211,211,209,79,87
2026-10-03 18:05:03 | video-media | UP | 5/5 | 118ms | samples=171,115,97,90,117
----------------------------------------------------------------------------------------------------
2026-10-03 18:10:00 | frontend | UP | 200 | 26ms
2026-10-03 18:10:00 | appwrite | UP | 200 | 172ms
2026-10-03 18:10:01 | r2-media | UP | 5/5 | 184ms | worst=529ms | samples=97,76,529,105,113
2026-10-03 18:10:02 | video-media | UP | 5/5 | 121ms | samples=130,103,146,112,117
----------------------------------------------------------------------------------------------------
2026-10-03 18:15:01 | frontend | UP | 200 | 272ms
2026-10-03 18:15:01 | appwrite | UP | 200 | 270ms
2026-10-03 18:15:02 | r2-media | UP | 5/5 | 119ms | worst=187ms | samples=187,116,104,87,104
2026-10-03 18:15:03 | video-media | UP | 5/5 | 125ms | samples=158,95,108,113,155
----------------------------------------------------------------------------------------------------
2026-10-03 18:20:01 | frontend | UP | 200 | 42ms
2026-10-03 18:20:01 | appwrite | UP | 200 | 327ms
2026-10-03 18:20:02 | r2-media | UP | 5/5 | 91ms | worst=110ms | samples=98,110,102,68,78
2026-10-03 18:20:03 | video-media | UP | 5/5 | 169ms | samples=113,156,193,246,140
----------------------------------------------------------------------------------------------------
2026-10-03 18:25:00 | frontend | UP | 200 | 41ms
2026-10-03 18:25:01 | appwrite | UP | 200 | 381ms
2026-10-03 18:25:02 | r2-media | UP | 5/5 | 117ms | worst=165ms | samples=112,92,165,113,106
2026-10-03 18:25:03 | video-media | UP | 5/5 | 144ms | samples=132,122,187,168,111
----------------------------------------------------------------------------------------------------
2026-10-03 18:30:00 | frontend | UP | 200 | 275ms
2026-10-03 18:30:01 | appwrite | UP | 200 | 356ms
2026-10-03 18:30:02 | r2-media | UP | 5/5 | 148ms | worst=264ms | samples=113,122,141,264,102
2026-10-03 18:30:03 | video-media | UP | 5/5 | 190ms | samples=131,349,220,126,128
----------------------------------------------------------------------------------------------------
2026-10-03 18:35:00 | frontend | UP | 200 | 28ms
2026-10-03 18:35:01 | appwrite | UP | 200 | 400ms
2026-10-03 18:35:01 | r2-media | UP | 5/5 | 90ms | worst=103ms | samples=87,103,83,81,97
2026-10-03 18:35:02 | video-media | UP | 5/5 | 120ms | samples=125,141,123,104,110
----------------------------------------------------------------------------------------------------
2026-10-03 18:40:00 | frontend | UP | 200 | 35ms
2026-10-03 18:40:00 | appwrite | UP | 200 | 284ms
2026-10-03 18:40:01 | r2-media | UP | 5/5 | 128ms | worst=226ms | samples=226,127,85,119,83
2026-10-03 18:40:02 | video-media | UP | 5/5 | 169ms | samples=310,115,165,129,129
----------------------------------------------------------------------------------------------------
2026-10-03 18:45:00 | frontend | UP | 200 | 265ms
2026-10-03 18:45:00 | appwrite | UP | 200 | 190ms
2026-10-03 18:45:01 | r2-media | UP | 5/5 | 146ms | worst=312ms | samples=312,100,110,115,95
2026-10-03 18:45:02 | video-media | UP | 5/5 | 126ms | samples=189,144,103,112,85
----------------------------------------------------------------------------------------------------
2026-10-03 18:50:00 | frontend | UP | 200 | 26ms
2026-10-03 18:50:00 | appwrite | UP | 200 | 221ms
2026-10-03 18:50:01 | r2-media | UP | 5/5 | 139ms | worst=237ms | samples=106,174,237,94,87
2026-10-03 18:50:02 | video-media | UP | 5/5 | 140ms | samples=136,141,155,124,146
----------------------------------------------------------------------------------------------------
2026-10-03 18:55:00 | frontend | UP | 200 | 42ms
2026-10-03 18:55:00 | appwrite | UP | 200 | 282ms
2026-10-03 18:55:01 | r2-media | UP | 5/5 | 113ms | worst=181ms | samples=102,80,85,181,120
2026-10-03 18:55:17 | video-media | UP | 5/5 | 117ms | samples=113,75,112,148,140
----------------------------------------------------------------------------------------------------
====================================================================================================
2026-10-03 19:00:00 | frontend | UP | 200 | 277ms
2026-10-03 19:00:01 | appwrite | UP | 200 | 199ms
2026-10-03 19:00:02 | r2-media | UP | 5/5 | 192ms | worst=417ms | samples=94,417,268,98,87
2026-10-03 19:00:03 | video-media | UP | 5/5 | 149ms | samples=131,203,123,146,143
----------------------------------------------------------------------------------------------------
2026-10-03 19:05:00 | frontend | UP | 200 | 26ms
2026-10-03 19:05:00 | appwrite | UP | 200 | 305ms
2026-10-03 19:05:01 | r2-media | UP | 5/5 | 116ms | worst=167ms | samples=93,115,167,118,89
2026-10-03 19:05:02 | video-media | UP | 5/5 | 151ms | samples=118,136,202,166,135
----------------------------------------------------------------------------------------------------
2026-10-03 19:10:00 | frontend | UP | 200 | 28ms
2026-10-03 19:10:00 | appwrite | UP | 200 | 323ms
2026-10-03 19:10:01 | r2-media | UP | 5/5 | 142ms | worst=205ms | samples=205,101,142,118,145
2026-10-03 19:10:02 | video-media | UP | 5/5 | 140ms | samples=172,146,147,101,134
----------------------------------------------------------------------------------------------------
2026-10-03 19:15:00 | frontend | UP | 200 | 279ms
2026-10-03 19:15:00 | appwrite | UP | 200 | 319ms
2026-10-03 19:15:01 | r2-media | UP | 5/5 | 154ms | worst=291ms | samples=291,91,96,228,67
2026-10-03 19:15:02 | video-media | UP | 5/5 | 132ms | samples=144,109,143,116,152
----------------------------------------------------------------------------------------------------
2026-10-03 19:20:00 | frontend | UP | 200 | 43ms
2026-10-03 19:20:01 | appwrite | UP | 200 | 339ms
2026-10-03 19:20:02 | r2-media | UP | 5/5 | 189ms | worst=447ms | samples=187,112,447,130,70
2026-10-03 19:20:03 | video-media | UP | 5/5 | 125ms | samples=153,127,114,115,120
----------------------------------------------------------------------------------------------------
2026-10-03 19:25:00 | frontend | UP | 200 | 27ms
2026-10-03 19:25:00 | appwrite | UP | 200 | 252ms
2026-10-03 19:25:01 | r2-media | UP | 5/5 | 112ms | worst=199ms | samples=87,199,89,82,103
2026-10-03 19:25:02 | video-media | UP | 5/5 | 125ms | samples=156,116,101,136,116
----------------------------------------------------------------------------------------------------
2026-10-03 19:30:00 | frontend | UP | 200 | 265ms
2026-10-03 19:30:01 | appwrite | UP | 200 | 267ms
2026-10-03 19:30:01 | r2-media | UP | 5/5 | 110ms | worst=195ms | samples=195,98,84,93,82
2026-10-03 19:30:03 | video-media | UP | 5/5 | 176ms | samples=307,121,127,138,191
----------------------------------------------------------------------------------------------------
2026-10-03 19:35:00 | frontend | UP | 200 | 26ms
2026-10-03 19:35:01 | appwrite | UP | 200 | 383ms
2026-10-03 19:35:02 | r2-media | UP | 5/5 | 153ms | worst=211ms | samples=107,196,161,211,93
2026-10-03 19:35:02 | video-media | UP | 5/5 | 123ms | samples=154,113,118,101,133
----------------------------------------------------------------------------------------------------
2026-10-03 19:40:00 | frontend | UP | 200 | 32ms
2026-10-03 19:40:00 | appwrite | UP | 200 | 283ms
2026-10-03 19:40:01 | r2-media | UP | 5/5 | 99ms | worst=118ms | samples=100,85,118,100,92
2026-10-03 19:40:02 | video-media | UP | 5/5 | 145ms | samples=117,174,138,144,154
----------------------------------------------------------------------------------------------------
2026-10-03 19:45:00 | frontend | UP | 200 | 264ms
2026-10-03 19:45:01 | appwrite | UP | 200 | 226ms
2026-10-03 19:45:02 | r2-media | UP | 5/5 | 159ms | worst=345ms | samples=345,109,98,162,85
2026-10-03 19:45:02 | video-media | UP | 5/5 | 145ms | samples=138,126,161,155,146
----------------------------------------------------------------------------------------------------
2026-10-03 19:50:01 | frontend | UP | 200 | 28ms
2026-10-03 19:50:01 | appwrite | UP | 200 | 596ms
2026-10-03 19:50:02 | r2-media | UP | 5/5 | 149ms | worst=252ms | samples=252,96,224,104,73
2026-10-03 19:50:03 | video-media | UP | 5/5 | 167ms | samples=220,150,134,142,193
----------------------------------------------------------------------------------------------------
2026-10-03 19:55:00 | frontend | UP | 200 | 25ms
2026-10-03 19:55:01 | appwrite | UP | 200 | 457ms
2026-10-03 19:55:01 | r2-media | UP | 5/5 | 139ms | worst=184ms | samples=184,110,130,124,149
2026-10-03 19:55:02 | video-media | UP | 5/5 | 134ms | samples=136,136,123,163,115
----------------------------------------------------------------------------------------------------
====================================================================================================
2026-10-03 20:00:00 | frontend | UP | 200 | 258ms
2026-10-03 20:00:01 | appwrite | UP | 200 | 230ms
2026-10-03 20:00:01 | r2-media | UP | 5/5 | 153ms | worst=326ms | samples=326,96,106,87,150
2026-10-03 20:00:25 | video-media | UP | 5/5 | 178ms | samples=175,131,107,322,158
----------------------------------------------------------------------------------------------------
2026-10-03 20:05:00 | frontend | UP | 200 | 123ms
2026-10-03 20:05:01 | appwrite | UP | 200 | 281ms
2026-10-03 20:05:01 | r2-media | UP | 5/5 | 143ms | worst=211ms | samples=119,211,105,189,94
2026-10-03 20:05:02 | video-media | UP | 5/5 | 130ms | samples=137,113,125,143,132
----------------------------------------------------------------------------------------------------
2026-10-03 20:10:00 | frontend | UP | 200 | 34ms
2026-10-03 20:10:00 | appwrite | UP | 200 | 267ms
2026-10-03 20:10:02 | r2-media | UP | 5/5 | 231ms | worst=483ms | samples=98,483,257,144,173
2026-10-03 20:10:03 | video-media | UP | 5/5 | 157ms | samples=138,200,132,137,182
----------------------------------------------------------------------------------------------------
2026-10-03 20:15:01 | frontend | UP | 200 | 266ms
2026-10-03 20:15:01 | appwrite | UP | 200 | 327ms
2026-10-03 20:15:02 | r2-media | UP | 5/5 | 149ms | worst=218ms | samples=136,96,190,218,105
2026-10-03 20:15:03 | video-media | UP | 5/5 | 171ms | samples=173,131,127,224,201
----------------------------------------------------------------------------------------------------
2026-10-03 20:20:00 | frontend | UP | 200 | 27ms
2026-10-03 20:20:00 | appwrite | UP | 200 | 300ms
2026-10-03 20:20:01 | r2-media | UP | 5/5 | 105ms | worst=120ms | samples=101,120,94,95,119
2026-10-03 20:20:02 | video-media | UP | 5/5 | 212ms | samples=170,155,148,164,427
----------------------------------------------------------------------------------------------------
2026-10-03 20:25:00 | frontend | UP | 200 | 25ms
2026-10-03 20:25:00 | appwrite | UP | 200 | 231ms
2026-10-03 20:25:01 | r2-media | UP | 5/5 | 144ms | worst=204ms | samples=204,123,98,152,144
2026-10-03 20:25:02 | video-media | UP | 5/5 | 180ms | samples=172,124,147,175,284
----------------------------------------------------------------------------------------------------
2026-10-03 20:30:00 | frontend | UP | 200 | 265ms
2026-10-03 20:30:01 | appwrite | UP | 200 | 310ms
2026-10-03 20:30:02 | r2-media | UP | 5/5 | 153ms | worst=236ms | samples=236,115,130,135,152
2026-10-03 20:30:03 | video-media | UP | 5/5 | 144ms | samples=132,155,189,138,108
----------------------------------------------------------------------------------------------------
2026-10-03 20:35:00 | frontend | UP | 200 | 27ms
2026-10-03 20:35:00 | appwrite | UP | 200 | 386ms
2026-10-03 20:35:01 | r2-media | UP | 5/5 | 107ms | worst=142ms | samples=116,142,108,79,92
2026-10-03 20:35:02 | video-media | UP | 5/5 | 200ms | samples=174,175,203,162,286
----------------------------------------------------------------------------------------------------
2026-10-03 20:40:00 | frontend | UP | 200 | 26ms
2026-10-03 20:40:00 | appwrite | UP | 200 | 207ms
2026-10-03 20:40:01 | r2-media | UP | 5/5 | 148ms | worst=259ms | samples=259,138,118,125,103
2026-10-03 20:40:02 | video-media | UP | 5/5 | 147ms | samples=183,154,161,111,129
----------------------------------------------------------------------------------------------------
2026-10-03 20:45:00 | frontend | UP | 200 | 283ms
2026-10-03 20:45:01 | appwrite | UP | 200 | 343ms
2026-10-03 20:45:01 | r2-media | UP | 5/5 | 140ms | worst=221ms | samples=221,132,135,98,116
2026-10-03 20:45:02 | video-media | UP | 5/5 | 157ms | samples=229,142,132,124,158
----------------------------------------------------------------------------------------------------
2026-10-03 20:50:00 | frontend | UP | 200 | 28ms
2026-10-03 20:50:00 | appwrite | UP | 200 | 210ms
2026-10-03 20:50:01 | r2-media | UP | 5/5 | 133ms | worst=250ms | samples=107,114,93,250,105
2026-10-03 20:50:02 | video-media | UP | 5/5 | 172ms | samples=148,158,177,253,126
----------------------------------------------------------------------------------------------------
2026-10-03 20:55:00 | frontend | UP | 200 | 38ms
2026-10-03 20:55:00 | appwrite | UP | 200 | 278ms
2026-10-03 20:55:01 | r2-media | UP | 5/5 | 123ms | worst=144ms | samples=109,123,119,144,124
2026-10-03 20:55:02 | video-media | UP | 5/5 | 133ms | samples=154,127,145,122,118
----------------------------------------------------------------------------------------------------
====================================================================================================
2026-10-03 21:00:00 | frontend | UP | 200 | 266ms
2026-10-03 21:00:01 | appwrite | UP | 200 | 453ms
2026-10-03 21:00:02 | r2-media | UP | 5/5 | 171ms | worst=329ms | samples=329,154,125,125,122
2026-10-03 21:00:03 | video-media | UP | 5/5 | 169ms | samples=179,209,146,140,174
----------------------------------------------------------------------------------------------------
2026-10-03 21:05:00 | frontend | UP | 200 | 28ms
2026-10-03 21:05:00 | appwrite | UP | 200 | 313ms
2026-10-03 21:05:01 | r2-media | UP | 5/5 | 123ms | worst=173ms | samples=102,173,124,109,109
2026-10-03 21:05:15 | video-media | UP | 5/5 | 147ms | samples=219,117,117,138,144
----------------------------------------------------------------------------------------------------
2026-10-03 21:10:01 | frontend | UP | 200 | 272ms
2026-10-03 21:10:01 | appwrite | UP | 200 | 213ms
2026-10-03 21:10:02 | r2-media | UP | 5/5 | 139ms | worst=218ms | samples=218,148,120,109,102
2026-10-03 21:10:03 | video-media | UP | 5/5 | 146ms | samples=160,156,157,127,134
----------------------------------------------------------------------------------------------------
2026-10-03 21:15:00 | frontend | UP | 200 | 41ms
2026-10-03 21:15:00 | appwrite | UP | 200 | 223ms
2026-10-03 21:15:01 | r2-media | UP | 5/5 | 110ms | worst=156ms | samples=79,93,102,121,156
2026-10-03 21:15:02 | video-media | UP | 5/5 | 170ms | samples=227,154,137,150,184
----------------------------------------------------------------------------------------------------
2026-10-03 21:20:00 | frontend | UP | 200 | 26ms
2026-10-03 21:20:01 | appwrite | UP | 200 | 305ms
2026-10-03 21:20:02 | r2-media | UP | 5/5 | 186ms | worst=294ms | samples=268,294,151,123,94
2026-10-03 21:20:03 | video-media | UP | 5/5 | 164ms | samples=312,115,129,132,133
----------------------------------------------------------------------------------------------------
2026-10-03 21:25:00 | frontend | UP | 200 | 271ms
2026-10-03 21:25:00 | appwrite | UP | 200 | 256ms
2026-10-03 21:25:01 | r2-media | UP | 5/5 | 106ms | worst=124ms | samples=92,97,123,124,94
2026-10-03 21:25:02 | video-media | UP | 5/5 | 190ms | samples=191,182,147,131,302
----------------------------------------------------------------------------------------------------
2026-10-03 21:30:01 | frontend | UP | 200 | 224ms
2026-10-03 21:30:01 | appwrite | UP | 200 | 503ms
2026-10-03 21:30:02 | r2-media | UP | 5/5 | 145ms | worst=212ms | samples=212,132,127,165,90
2026-10-03 21:30:06 | video-media | UP | 5/5 | 763ms | samples=170,117,112,155,3262
----------------------------------------------------------------------------------------------------
2026-10-03 21:35:00 | frontend | UP | 200 | 268ms
2026-10-03 21:35:01 | appwrite | UP | 200 | 401ms
2026-10-03 21:35:01 | r2-media | UP | 5/5 | 122ms | worst=158ms | samples=131,158,88,143,92
2026-10-03 21:35:03 | video-media | UP | 5/5 | 192ms | samples=239,111,280,209,122
----------------------------------------------------------------------------------------------------
2026-10-03 21:40:00 | frontend | UP | 200 | 28ms
2026-10-03 21:40:00 | appwrite | UP | 200 | 340ms
2026-10-03 21:40:01 | r2-media | UP | 5/5 | 167ms | worst=337ms | samples=337,113,94,219,72
2026-10-03 21:40:02 | video-media | UP | 5/5 | 198ms | samples=157,132,274,214,217
----------------------------------------------------------------------------------------------------
2026-10-03 21:45:01 | frontend | UP | 200 | 285ms
2026-10-03 21:45:01 | appwrite | UP | 200 | 214ms
2026-10-03 21:45:02 | r2-media | UP | 5/5 | 142ms | worst=259ms | samples=259,126,107,101,119
2026-10-03 21:45:03 | video-media | UP | 5/5 | 185ms | samples=184,148,132,114,347
----------------------------------------------------------------------------------------------------
2026-10-03 21:50:00 | frontend | UP | 200 | 29ms
2026-10-03 21:50:00 | appwrite | UP | 200 | 286ms
2026-10-03 21:50:01 | r2-media | UP | 5/5 | 105ms | worst=137ms | samples=103,137,99,88,102
2026-10-03 21:50:02 | video-media | UP | 5/5 | 226ms | samples=252,284,283,118,196
----------------------------------------------------------------------------------------------------
2026-10-03 21:55:01 | frontend | UP | 200 | 28ms
2026-10-03 21:55:01 | appwrite | UP | 200 | 329ms
2026-10-03 21:55:02 | r2-media | UP | 5/5 | 128ms | worst=181ms | samples=181,139,106,90,127
2026-10-03 21:55:03 | video-media | UP | 5/5 | 156ms | samples=145,116,116,258,149
----------------------------------------------------------------------------------------------------
====================================================================================================
2026-10-03 22:00:00 | frontend | UP | 200 | 428ms
2026-10-03 22:00:00 | appwrite | UP | 200 | 211ms
2026-10-03 22:00:01 | r2-media | UP | 5/5 | 132ms | worst=152ms | samples=152,114,143,116,138
2026-10-03 22:00:02 | video-media | UP | 5/5 | 193ms | samples=121,132,180,433,103
----------------------------------------------------------------------------------------------------
2026-10-03 22:05:00 | frontend | UP | 200 | 30ms
2026-10-03 22:05:01 | appwrite | UP | 200 | 287ms
2026-10-03 22:05:01 | r2-media | UP | 5/5 | 127ms | worst=250ms | samples=250,111,70,87,119
2026-10-03 22:05:02 | video-media | UP | 5/5 | 134ms | samples=130,137,145,134,128
----------------------------------------------------------------------------------------------------
2026-10-03 22:10:00 | frontend | UP | 200 | 291ms
2026-10-03 22:10:01 | appwrite | UP | 200 | 221ms
2026-10-03 22:10:02 | r2-media | UP | 5/5 | 154ms | worst=310ms | samples=310,94,105,127,136
2026-10-03 22:10:23 | video-media | UP | 5/5 | 189ms | samples=250,233,111,249,105
----------------------------------------------------------------------------------------------------
2026-10-03 22:15:00 | frontend | UP | 200 | 29ms
2026-10-03 22:15:01 | appwrite | UP | 200 | 272ms
2026-10-03 22:15:01 | r2-media | UP | 5/5 | 150ms | worst=257ms | samples=144,110,257,123,119
2026-10-03 22:15:03 | video-media | UP | 5/5 | 204ms | samples=252,237,116,122,293
----------------------------------------------------------------------------------------------------
2026-10-03 22:20:00 | frontend | UP | 200 | 36ms
2026-10-03 22:20:00 | appwrite | UP | 200 | 272ms
2026-10-03 22:20:01 | r2-media | UP | 5/5 | 97ms | worst=119ms | samples=99,92,95,84,119
2026-10-03 22:20:02 | video-media | UP | 5/5 | 176ms | samples=121,295,140,120,205
----------------------------------------------------------------------------------------------------
2026-10-03 22:25:00 | frontend | UP | 200 | 264ms
2026-10-03 22:25:00 | appwrite | UP | 200 | 253ms
2026-10-03 22:25:01 | r2-media | UP | 5/5 | 141ms | worst=235ms | samples=235,113,120,142,95
2026-10-03 22:25:05 | video-media | UP | 5/5 | 763ms | samples=161,3227,133,136,159
----------------------------------------------------------------------------------------------------
2026-10-03 22:30:00 | frontend | UP | 200 | 28ms
2026-10-03 22:30:00 | appwrite | UP | 200 | 221ms
2026-10-03 22:30:01 | r2-media | UP | 5/5 | 159ms | worst=297ms | samples=238,297,73,123,67
2026-10-03 22:30:03 | video-media | UP | 5/5 | 251ms | samples=129,473,241,233,182
----------------------------------------------------------------------------------------------------
2026-10-03 22:35:00 | frontend | UP | 200 | 385ms
2026-10-03 22:35:01 | appwrite | UP | 200 | 377ms
2026-10-03 22:35:01 | r2-media | UP | 5/5 | 116ms | worst=177ms | samples=177,107,103,91,103
2026-10-03 22:35:02 | video-media | UP | 5/5 | 160ms | samples=129,144,129,137,262
----------------------------------------------------------------------------------------------------
2026-10-03 22:40:00 | frontend | UP | 200 | 26ms
2026-10-03 22:40:01 | appwrite | UP | 200 | 309ms
2026-10-03 22:40:02 | r2-media | UP | 5/5 | 201ms | worst=486ms | samples=172,486,112,135,102
2026-10-03 22:40:03 | video-media | UP | 5/5 | 174ms | samples=351,159,114,143,103
----------------------------------------------------------------------------------------------------
2026-10-03 22:45:01 | frontend | UP | 200 | 268ms
2026-10-03 22:45:01 | appwrite | UP | 200 | 205ms
2026-10-03 22:45:02 | r2-media | UP | 5/5 | 121ms | worst=183ms | samples=131,183,101,98,94
2026-10-03 22:45:03 | video-media | UP | 5/5 | 163ms | samples=229,131,193,118,144
----------------------------------------------------------------------------------------------------
2026-10-03 22:50:00 | frontend | UP | 200 | 35ms
2026-10-03 22:50:00 | appwrite | UP | 200 | 291ms
2026-10-03 22:50:01 | r2-media | UP | 5/5 | 116ms | worst=153ms | samples=93,148,76,153,113
2026-10-03 22:50:02 | video-media | UP | 5/5 | 139ms | samples=117,129,206,134,113
----------------------------------------------------------------------------------------------------
2026-10-03 22:55:00 | frontend | UP | 200 | 26ms
2026-10-03 22:55:01 | appwrite | UP | 200 | 340ms
2026-10-03 22:55:01 | r2-media | UP | 5/5 | 128ms | worst=254ms | samples=254,99,90,92,107
2026-10-03 22:55:02 | video-media | UP | 5/5 | 174ms | samples=280,124,135,148,185
----------------------------------------------------------------------------------------------------
====================================================================================================
2026-10-03 23:00:00 | frontend | UP | 200 | 271ms
2026-10-03 23:00:00 | appwrite | UP | 200 | 204ms
2026-10-03 23:00:01 | r2-media | UP | 5/5 | 144ms | worst=233ms | samples=142,125,94,130,233
2026-10-03 23:00:02 | video-media | UP | 5/5 | 196ms | samples=176,167,172,210,257
----------------------------------------------------------------------------------------------------
2026-10-03 23:05:00 | frontend | UP | 200 | 27ms
2026-10-03 23:05:01 | appwrite | UP | 200 | 365ms
2026-10-03 23:05:01 | r2-media | UP | 5/5 | 130ms | worst=197ms | samples=104,88,197,106,158
2026-10-03 23:05:03 | video-media | UP | 5/5 | 256ms | samples=184,673,179,119,127
----------------------------------------------------------------------------------------------------
2026-10-03 23:10:01 | frontend | UP | 200 | 338ms
2026-10-03 23:10:01 | appwrite | UP | 200 | 459ms
2026-10-03 23:10:02 | r2-media | UP | 5/5 | 138ms | worst=240ms | samples=240,121,113,98,122
2026-10-03 23:10:03 | video-media | UP | 5/5 | 158ms | samples=246,147,129,106,164
----------------------------------------------------------------------------------------------------
2026-10-03 23:15:00 | frontend | UP | 200 | 25ms
2026-10-03 23:15:00 | appwrite | UP | 200 | 196ms
2026-10-03 23:15:01 | r2-media | UP | 5/5 | 116ms | worst=172ms | samples=172,98,107,94,113
2026-10-03 23:15:17 | video-media | UP | 5/5 | 132ms | samples=199,106,131,93,132
----------------------------------------------------------------------------------------------------
2026-10-03 23:20:00 | frontend | UP | 200 | 28ms
2026-10-03 23:20:01 | appwrite | UP | 200 | 236ms
2026-10-03 23:20:02 | r2-media | UP | 5/5 | 147ms | worst=207ms | samples=207,101,139,188,102
2026-10-03 23:20:06 | video-media | UP | 5/5 | 750ms | samples=166,3234,107,121,126
----------------------------------------------------------------------------------------------------
2026-10-03 23:25:01 | frontend | UP | 200 | 267ms
2026-10-03 23:25:01 | appwrite | UP | 200 | 331ms
2026-10-03 23:25:02 | r2-media | UP | 5/5 | 164ms | worst=289ms | samples=289,85,275,92,83
2026-10-03 23:25:03 | video-media | UP | 5/5 | 214ms | samples=199,115,106,123,529
----------------------------------------------------------------------------------------------------
2026-10-03 23:30:00 | frontend | UP | 200 | 28ms
2026-10-03 23:30:01 | appwrite | UP | 200 | 280ms
2026-10-03 23:30:01 | r2-media | UP | 5/5 | 159ms | worst=286ms | samples=157,97,135,123,286
2026-10-03 23:30:02 | video-media | UP | 5/5 | 156ms | samples=165,134,134,212,137
----------------------------------------------------------------------------------------------------
2026-10-03 23:35:00 | frontend | UP | 200 | 43ms
2026-10-03 23:35:00 | appwrite | UP | 200 | 282ms
2026-10-03 23:35:01 | r2-media | UP | 5/5 | 105ms | worst=135ms | samples=104,86,103,98,135
2026-10-03 23:35:03 | video-media | UP | 5/5 | 424ms | samples=186,205,877,187,667
----------------------------------------------------------------------------------------------------
2026-10-03 23:40:00 | frontend | UP | 200 | 317ms
2026-10-03 23:40:00 | appwrite | UP | 200 | 201ms
2026-10-03 23:40:01 | r2-media | UP | 5/5 | 108ms | worst=188ms | samples=188,78,86,91,97
2026-10-03 23:40:02 | video-media | UP | 5/5 | 158ms | samples=177,144,236,102,132
----------------------------------------------------------------------------------------------------
2026-10-03 23:45:00 | frontend | UP | 200 | 27ms
2026-10-03 23:45:00 | appwrite | UP | 200 | 325ms
2026-10-03 23:45:01 | r2-media | UP | 5/5 | 125ms | worst=246ms | samples=92,126,81,82,246
2026-10-03 23:45:02 | video-media | UP | 5/5 | 137ms | samples=197,132,134,124,100
----------------------------------------------------------------------------------------------------
2026-10-03 23:50:00 | frontend | UP | 200 | 25ms
2026-10-03 23:50:00 | appwrite | UP | 200 | 482ms
2026-10-03 23:50:01 | r2-media | UP | 5/5 | 155ms | worst=265ms | samples=158,72,171,265,110
2026-10-03 23:50:02 | video-media | UP | 5/5 | 126ms | samples=158,117,171,99,87
----------------------------------------------------------------------------------------------------
2026-10-03 23:55:01 | frontend | UP | 200 | 296ms
2026-10-03 23:55:01 | appwrite | UP | 200 | 206ms
2026-10-03 23:55:02 | r2-media | UP | 5/5 | 154ms | worst=306ms | samples=306,108,105,182,73
2026-10-03 23:55:03 | video-media | UP | 5/5 | 119ms | samples=126,101,120,111,139
----------------------------------------------------------------------------------------------------
====================================================================================================
2026-10-04 00:00:00 | frontend | UP | 200 | 271ms
2026-10-04 00:00:01 | appwrite | UP | 200 | 326ms
2026-10-04 00:00:02 | r2-media | UP | 5/5 | 157ms | worst=227ms | samples=196,137,104,227,125
2026-10-04 00:00:03 | video-media | UP | 5/5 | 154ms | samples=162,183,138,148,143
----------------------------------------------------------------------------------------------------
2026-10-04 00:05:01 | frontend | UP | 200 | 266ms
2026-10-04 00:05:01 | appwrite | UP | 200 | 345ms
2026-10-04 00:05:02 | r2-media | UP | 5/5 | 134ms | worst=188ms | samples=178,93,188,102,112
2026-10-04 00:05:03 | video-media | UP | 5/5 | 153ms | samples=126,254,109,154,122
----------------------------------------------------------------------------------------------------
2026-10-04 00:10:01 | frontend | UP | 200 | 29ms
2026-10-04 00:10:01 | appwrite | UP | 200 | 405ms
2026-10-04 00:10:02 | r2-media | UP | 5/5 | 142ms | worst=233ms | samples=136,114,116,114,233
2026-10-04 00:10:03 | video-media | UP | 5/5 | 150ms | samples=171,134,133,155,158
----------------------------------------------------------------------------------------------------
2026-10-04 00:15:00 | frontend | UP | 200 | 39ms
2026-10-04 00:15:00 | appwrite | UP | 200 | 263ms
2026-10-04 00:15:01 | r2-media | UP | 5/5 | 103ms | worst=129ms | samples=129,81,79,124,104
2026-10-04 00:15:02 | video-media | UP | 5/5 | 135ms | samples=112,157,155,136,115
----------------------------------------------------------------------------------------------------
2026-10-04 00:20:00 | frontend | UP | 200 | 263ms
2026-10-04 00:20:01 | appwrite | UP | 200 | 285ms
2026-10-04 00:20:01 | r2-media | UP | 5/5 | 136ms | worst=260ms | samples=260,114,96,122,88
2026-10-04 00:20:20 | video-media | UP | 5/5 | 117ms | samples=146,113,101,115,114
----------------------------------------------------------------------------------------------------
2026-10-04 00:25:00 | frontend | UP | 200 | 30ms
2026-10-04 00:25:01 | appwrite | UP | 200 | 423ms
2026-10-04 00:25:02 | r2-media | UP | 5/5 | 185ms | worst=334ms | samples=334,324,72,116,82
2026-10-04 00:25:02 | video-media | UP | 5/5 | 111ms | samples=113,107,105,122,108
----------------------------------------------------------------------------------------------------
2026-10-04 00:30:00 | frontend | UP | 200 | 33ms
2026-10-04 00:30:00 | appwrite | UP | 200 | 146ms
2026-10-04 00:30:01 | r2-media | UP | 5/5 | 131ms | worst=229ms | samples=77,151,94,229,104
2026-10-04 00:30:02 | video-media | UP | 5/5 | 166ms | samples=115,161,329,114,113
----------------------------------------------------------------------------------------------------
2026-10-04 00:35:00 | frontend | UP | 200 | 267ms
2026-10-04 00:35:00 | appwrite | UP | 200 | 274ms
2026-10-04 00:35:01 | r2-media | UP | 5/5 | 124ms | worst=171ms | samples=103,102,116,128,171
2026-10-04 00:35:02 | video-media | UP | 5/5 | 135ms | samples=190,110,142,124,113
----------------------------------------------------------------------------------------------------
2026-10-04 00:40:00 | frontend | UP | 200 | 86ms
2026-10-04 00:40:01 | appwrite | UP | 200 | 338ms
2026-10-04 00:40:02 | r2-media | UP | 5/5 | 189ms | worst=339ms | samples=339,122,313,92,82
2026-10-04 00:40:03 | video-media | UP | 5/5 | 128ms | samples=172,97,118,115,142
----------------------------------------------------------------------------------------------------
2026-10-04 00:45:01 | frontend | UP | 200 | 441ms
2026-10-04 00:45:01 | appwrite | UP | 200 | 283ms
2026-10-04 00:45:02 | r2-media | UP | 5/5 | 107ms | worst=158ms | samples=152,82,158,73,74
2026-10-04 00:45:03 | video-media | UP | 5/5 | 117ms | samples=111,140,106,102,127
----------------------------------------------------------------------------------------------------
2026-10-04 00:50:00 | frontend | UP | 200 | 25ms
2026-10-04 00:50:01 | appwrite | UP | 200 | 348ms
2026-10-04 00:50:01 | r2-media | UP | 5/5 | 93ms | worst=128ms | samples=80,99,75,128,84
2026-10-04 00:50:03 | video-media | UP | 5/5 | 228ms | samples=491,98,135,264,154
----------------------------------------------------------------------------------------------------
2026-10-04 00:55:00 | frontend | UP | 200 | 27ms
2026-10-04 00:55:00 | appwrite | UP | 200 | 255ms
2026-10-04 00:55:01 | r2-media | UP | 5/5 | 109ms | worst=221ms | samples=87,221,75,89,76
2026-10-04 00:55:02 | video-media | UP | 5/5 | 118ms | samples=102,218,92,93,87
----------------------------------------------------------------------------------------------------
====================================================================================================
2026-10-04 01:00:00 | frontend | UP | 200 | 265ms
2026-10-04 01:00:01 | appwrite | UP | 200 | 423ms
2026-10-04 01:00:02 | r2-media | UP | 5/5 | 129ms | worst=299ms | samples=299,79,61,99,107
2026-10-04 01:00:03 | video-media | UP | 5/5 | 135ms | samples=146,165,164,114,88
----------------------------------------------------------------------------------------------------
2026-10-04 01:05:00 | frontend | UP | 200 | 25ms
2026-10-04 01:05:00 | appwrite | UP | 200 | 254ms
2026-10-04 01:05:01 | r2-media | UP | 5/5 | 85ms | worst=107ms | samples=86,79,86,107,67
2026-10-04 01:05:02 | video-media | UP | 5/5 | 114ms | samples=172,102,99,112,85
----------------------------------------------------------------------------------------------------
2026-10-04 01:10:00 | frontend | UP | 200 | 25ms
2026-10-04 01:10:00 | appwrite | UP | 200 | 198ms
2026-10-04 01:10:01 | r2-media | UP | 5/5 | 100ms | worst=154ms | samples=154,68,88,118,75
2026-10-04 01:10:02 | video-media | UP | 5/5 | 129ms | samples=92,96,231,122,105
----------------------------------------------------------------------------------------------------
2026-10-04 01:15:01 | frontend | UP | 200 | 274ms
2026-10-04 01:15:01 | appwrite | UP | 200 | 304ms
2026-10-04 01:15:02 | r2-media | UP | 5/5 | 83ms | worst=102ms | samples=83,77,102,71,83
2026-10-04 01:15:03 | video-media | UP | 5/5 | 145ms | samples=168,105,199,170,86
----------------------------------------------------------------------------------------------------
2026-10-04 01:20:00 | frontend | UP | 200 | 26ms
2026-10-04 01:20:00 | appwrite | UP | 200 | 191ms
2026-10-04 01:20:01 | r2-media | UP | 5/5 | 72ms | worst=79ms | samples=79,75,66,68,76
2026-10-04 01:20:02 | video-media | UP | 5/5 | 101ms | samples=84,115,87,96,124
----------------------------------------------------------------------------------------------------
2026-10-04 01:25:01 | frontend | UP | 200 | 27ms
2026-10-04 01:25:01 | appwrite | UP | 200 | 204ms
2026-10-04 01:25:02 | r2-media | UP | 5/5 | 184ms | worst=287ms | samples=225,287,250,91,67
2026-10-04 01:25:15 | video-media | UP | 5/5 | 102ms | samples=133,76,110,77,117
----------------------------------------------------------------------------------------------------
2026-10-04 01:30:01 | frontend | UP | 200 | 269ms
2026-10-04 01:30:01 | appwrite | UP | 200 | 130ms
2026-10-04 01:30:02 | r2-media | UP | 5/5 | 155ms | worst=265ms | samples=214,265,94,95,108
2026-10-04 01:30:03 | video-media | UP | 5/5 | 139ms | samples=100,95,97,260,143
----------------------------------------------------------------------------------------------------
2026-10-04 01:35:00 | frontend | UP | 200 | 29ms
2026-10-04 01:35:00 | appwrite | UP | 200 | 129ms
2026-10-04 01:35:01 | r2-media | UP | 5/5 | 67ms | worst=73ms | samples=72,59,70,65,73
2026-10-04 01:35:01 | video-media | UP | 5/5 | 93ms | samples=100,88,81,112,87
----------------------------------------------------------------------------------------------------
2026-10-04 01:40:00 | frontend | UP | 200 | 30ms
2026-10-04 01:40:00 | appwrite | UP | 200 | 188ms
2026-10-04 01:40:01 | r2-media | UP | 5/5 | 98ms | worst=134ms | samples=134,85,72,125,77
2026-10-04 01:40:02 | video-media | UP | 5/5 | 110ms | samples=171,103,97,90,92
----------------------------------------------------------------------------------------------------
2026-10-04 01:45:01 | frontend | UP | 200 | 287ms
2026-10-04 01:45:02 | appwrite | UP | 200 | 737ms
2026-10-04 01:45:02 | r2-media | UP | 5/5 | 93ms | worst=145ms | samples=145,78,81,85,79
2026-10-04 01:45:03 | video-media | UP | 5/5 | 98ms | samples=98,99,94,105,97
----------------------------------------------------------------------------------------------------
2026-10-04 01:50:00 | frontend | UP | 200 | 25ms
2026-10-04 01:50:01 | appwrite | UP | 200 | 203ms
2026-10-04 01:50:01 | r2-media | UP | 5/5 | 70ms | worst=73ms | samples=63,72,73,73,73
2026-10-04 01:50:02 | video-media | UP | 5/5 | 91ms | samples=95,83,88,94,97
----------------------------------------------------------------------------------------------------
2026-10-04 01:55:00 | frontend | UP | 200 | 24ms
2026-10-04 01:55:00 | appwrite | UP | 200 | 253ms
2026-10-04 01:55:01 | r2-media | UP | 5/5 | 121ms | worst=285ms | samples=285,68,87,104,63
2026-10-04 01:55:02 | video-media | UP | 5/5 | 124ms | samples=173,108,83,172,87
----------------------------------------------------------------------------------------------------
====================================================================================================
2026-10-04 02:00:00 | frontend | UP | 200 | 279ms
2026-10-04 02:00:01 | appwrite | UP | 200 | 190ms
2026-10-04 02:00:01 | r2-media | UP | 5/5 | 112ms | worst=152ms | samples=124,152,119,77,91
2026-10-04 02:00:02 | video-media | UP | 5/5 | 132ms | samples=124,217,102,121,100
----------------------------------------------------------------------------------------------------
2026-10-04 02:05:00 | frontend | UP | 200 | 30ms
2026-10-04 02:05:00 | appwrite | UP | 200 | 180ms
2026-10-04 02:05:01 | r2-media | UP | 5/5 | 82ms | worst=123ms | samples=70,81,71,123,65
2026-10-04 02:05:01 | video-media | UP | 5/5 | 96ms | samples=119,94,108,91,72
----------------------------------------------------------------------------------------------------
2026-10-04 02:10:00 | frontend | UP | 200 | 28ms
2026-10-04 02:10:00 | appwrite | UP | 200 | 263ms
2026-10-04 02:10:01 | r2-media | UP | 5/5 | 94ms | worst=192ms | samples=192,66,65,74,74
2026-10-04 02:10:02 | video-media | UP | 5/5 | 100ms | samples=106,107,106,90,92
----------------------------------------------------------------------------------------------------
2026-10-04 02:15:01 | frontend | UP | 200 | 270ms
2026-10-04 02:15:01 | appwrite | UP | 200 | 325ms
2026-10-04 02:15:02 | r2-media | UP | 5/5 | 98ms | worst=166ms | samples=166,93,70,86,79
2026-10-04 02:15:02 | video-media | UP | 5/5 | 104ms | samples=137,106,91,84,104
----------------------------------------------------------------------------------------------------
2026-10-04 02:20:00 | frontend | UP | 200 | 35ms
2026-10-04 02:20:00 | appwrite | UP | 200 | 268ms
2026-10-04 02:20:01 | r2-media | UP | 5/5 | 71ms | worst=79ms | samples=67,77,63,79,71
2026-10-04 02:20:01 | video-media | UP | 5/5 | 99ms | samples=109,113,100,86,87
----------------------------------------------------------------------------------------------------
2026-10-04 02:25:00 | frontend | UP | 200 | 24ms
2026-10-04 02:25:00 | appwrite | UP | 200 | 314ms
2026-10-04 02:25:01 | r2-media | UP | 5/5 | 176ms | worst=421ms | samples=238,71,421,69,84
2026-10-04 02:25:02 | video-media | UP | 5/5 | 196ms | samples=249,79,471,102,82
----------------------------------------------------------------------------------------------------
2026-10-04 02:30:00 | frontend | UP | 200 | 280ms
2026-10-04 02:30:00 | appwrite | UP | 200 | 260ms
2026-10-04 02:30:01 | r2-media | UP | 5/5 | 116ms | worst=238ms | samples=238,68,91,104,81
2026-10-04 02:30:13 | video-media | UP | 5/5 | 97ms | samples=151,80,78,70,109
----------------------------------------------------------------------------------------------------
2026-10-04 02:35:01 | frontend | UP | 200 | 30ms
2026-10-04 02:35:01 | appwrite | UP | 200 | 300ms
2026-10-04 02:35:02 | r2-media | UP | 5/5 | 101ms | worst=194ms | samples=194,78,61,99,75
2026-10-04 02:35:02 | video-media | UP | 5/5 | 89ms | samples=81,69,86,79,133
----------------------------------------------------------------------------------------------------
2026-10-04 02:40:01 | frontend | UP | 200 | 268ms
2026-10-04 02:40:01 | appwrite | UP | 200 | 277ms
2026-10-04 02:40:02 | r2-media | UP | 5/5 | 168ms | worst=354ms | samples=91,137,354,107,152
2026-10-04 02:40:02 | video-media | UP | 5/5 | 82ms | samples=100,75,81,85,71
----------------------------------------------------------------------------------------------------
2026-10-04 02:45:00 | frontend | UP | 200 | 24ms
2026-10-04 02:45:00 | appwrite | UP | 200 | 326ms
2026-10-04 02:45:01 | r2-media | UP | 5/5 | 83ms | worst=102ms | samples=74,76,66,102,97
2026-10-04 02:45:01 | video-media | UP | 5/5 | 94ms | samples=88,97,97,105,83
----------------------------------------------------------------------------------------------------
2026-10-04 02:50:00 | frontend | UP | 200 | 30ms
2026-10-04 02:50:00 | appwrite | UP | 200 | 118ms
2026-10-04 02:50:01 | r2-media | UP | 5/5 | 82ms | worst=142ms | samples=142,61,59,74,77
2026-10-04 02:50:01 | video-media | UP | 5/5 | 91ms | samples=101,87,111,86,71
----------------------------------------------------------------------------------------------------
2026-10-04 02:55:00 | frontend | UP | 200 | 269ms
2026-10-04 02:55:00 | appwrite | UP | 200 | 187ms
2026-10-04 02:55:01 | r2-media | UP | 5/5 | 95ms | worst=189ms | samples=189,72,77,65,73
2026-10-04 02:55:05 | video-media | UP | 5/5 | 724ms | samples=3260,99,83,97,85
----------------------------------------------------------------------------------------------------
====================================================================================================
2026-10-04 03:00:00 | frontend | UP | 200 | 25ms
2026-10-04 03:00:01 | appwrite | UP | 200 | 382ms
2026-10-04 03:00:01 | r2-media | UP | 5/5 | 92ms | worst=187ms | samples=187,79,59,77,61
2026-10-04 03:00:02 | video-media | UP | 5/5 | 113ms | samples=98,154,93,129,94
----------------------------------------------------------------------------------------------------
2026-10-04 03:05:00 | frontend | UP | 200 | 25ms
2026-10-04 03:05:00 | appwrite | UP | 200 | 257ms
2026-10-04 03:05:01 | r2-media | UP | 5/5 | 135ms | worst=223ms | samples=184,63,73,223,132
2026-10-04 03:05:02 | video-media | UP | 5/5 | 95ms | samples=102,95,129,82,70
----------------------------------------------------------------------------------------------------
2026-10-04 03:10:01 | frontend | UP | 200 | 268ms
2026-10-04 03:10:01 | appwrite | UP | 200 | 197ms
2026-10-04 03:10:02 | r2-media | UP | 5/5 | 121ms | worst=250ms | samples=69,250,124,71,91
2026-10-04 03:10:02 | video-media | UP | 5/5 | 84ms | samples=116,83,80,70,75
----------------------------------------------------------------------------------------------------
2026-10-04 03:15:00 | frontend | UP | 200 | 34ms
2026-10-04 03:15:01 | appwrite | UP | 200 | 217ms
2026-10-04 03:15:01 | r2-media | UP | 5/5 | 78ms | worst=89ms | samples=81,64,82,89,78
2026-10-04 03:15:02 | video-media | UP | 5/5 | 81ms | samples=110,77,60,85,73
----------------------------------------------------------------------------------------------------
2026-10-04 03:20:00 | frontend | UP | 200 | 146ms
2026-10-04 03:20:01 | appwrite | UP | 200 | 286ms
2026-10-04 03:20:02 | r2-media | UP | 5/5 | 121ms | worst=307ms | samples=87,69,65,79,307
2026-10-04 03:20:02 | video-media | UP | 5/5 | 102ms | samples=86,154,84,71,118
----------------------------------------------------------------------------------------------------
2026-10-04 03:25:01 | frontend | UP | 200 | 269ms
2026-10-04 03:25:01 | appwrite | UP | 200 | 200ms
2026-10-04 03:25:01 | r2-media | UP | 5/5 | 75ms | worst=88ms | samples=88,81,69,64,74
2026-10-04 03:25:02 | video-media | UP | 5/5 | 110ms | samples=116,99,94,81,162
----------------------------------------------------------------------------------------------------
2026-10-04 03:30:01 | frontend | UP | 200 | 36ms
2026-10-04 03:30:01 | appwrite | UP | 200 | 254ms
2026-10-04 03:30:01 | r2-media | UP | 5/5 | 86ms | worst=156ms | samples=156,80,71,56,67
2026-10-04 03:30:05 | video-media | UP | 5/5 | 714ms | samples=112,3215,78,73,92
----------------------------------------------------------------------------------------------------
2026-10-04 03:35:00 | frontend | UP | 200 | 27ms
2026-10-04 03:35:00 | appwrite | UP | 200 | 197ms
2026-10-04 03:35:01 | r2-media | UP | 5/5 | 84ms | worst=157ms | samples=157,56,73,63,73
2026-10-04 03:35:15 | video-media | UP | 5/5 | 106ms | samples=196,85,77,84,89
----------------------------------------------------------------------------------------------------
2026-10-04 03:40:00 | frontend | UP | 200 | 272ms
2026-10-04 03:40:00 | appwrite | UP | 200 | 209ms
2026-10-04 03:40:01 | r2-media | UP | 5/5 | 94ms | worst=217ms | samples=217,65,55,62,75
2026-10-04 03:40:02 | video-media | UP | 5/5 | 105ms | samples=166,114,84,70,92
----------------------------------------------------------------------------------------------------
2026-10-04 03:45:00 | frontend | UP | 200 | 36ms
2026-10-04 03:45:00 | appwrite | UP | 200 | 123ms
2026-10-04 03:45:01 | r2-media | UP | 5/5 | 81ms | worst=134ms | samples=134,86,64,66,59
2026-10-04 03:45:02 | video-media | UP | 5/5 | 96ms | samples=172,66,74,87,85
----------------------------------------------------------------------------------------------------
2026-10-04 03:50:00 | frontend | UP | 200 | 285ms
2026-10-04 03:50:01 | appwrite | UP | 200 | 413ms
2026-10-04 03:50:01 | r2-media | UP | 5/5 | 88ms | worst=133ms | samples=133,75,91,74,68
2026-10-04 03:50:05 | video-media | UP | 5/5 | 729ms | samples=3269,73,103,131,73
----------------------------------------------------------------------------------------------------
2026-10-04 03:55:00 | frontend | UP | 200 | 27ms
2026-10-04 03:55:00 | appwrite | UP | 200 | 187ms
2026-10-04 03:55:01 | r2-media | UP | 5/5 | 83ms | worst=147ms | samples=76,72,63,58,147
2026-10-04 03:55:02 | video-media | UP | 5/5 | 95ms | samples=73,77,75,70,183
----------------------------------------------------------------------------------------------------
====================================================================================================
2026-10-04 04:00:01 | frontend | UP | 200 | 264ms
2026-10-04 04:00:01 | appwrite | UP | 200 | 247ms
2026-10-04 04:00:02 | r2-media | UP | 5/5 | 108ms | worst=180ms | samples=180,157,64,66,73
2026-10-04 04:00:02 | video-media | UP | 5/5 | 87ms | samples=107,99,75,74,81
----------------------------------------------------------------------------------------------------
2026-10-04 04:05:00 | frontend | UP | 200 | 24ms
2026-10-04 04:05:00 | appwrite | UP | 200 | 258ms
2026-10-04 04:05:01 | r2-media | UP | 5/5 | 61ms | worst=68ms | samples=60,61,56,61,68
2026-10-04 04:05:01 | video-media | UP | 5/5 | 72ms | samples=82,63,87,66,63
----------------------------------------------------------------------------------------------------
2026-10-04 04:10:01 | frontend | UP | 200 | 269ms
2026-10-04 04:10:01 | appwrite | UP | 200 | 235ms
2026-10-04 04:10:02 | r2-media | UP | 5/5 | 79ms | worst=118ms | samples=79,69,118,62,67
2026-10-04 04:10:02 | video-media | UP | 5/5 | 118ms | samples=98,265,82,73,74
----------------------------------------------------------------------------------------------------
2026-10-04 04:15:00 | frontend | UP | 200 | 32ms
2026-10-04 04:15:01 | appwrite | UP | 200 | 392ms
2026-10-04 04:15:01 | r2-media | UP | 5/5 | 63ms | worst=70ms | samples=70,62,57,61,65
2026-10-04 04:15:02 | video-media | UP | 5/5 | 94ms | samples=159,70,98,73,74
----------------------------------------------------------------------------------------------------
2026-10-04 04:20:00 | frontend | UP | 200 | 25ms
2026-10-04 04:20:01 | appwrite | UP | 200 | 194ms
2026-10-04 04:20:01 | r2-media | UP | 5/5 | 148ms | worst=427ms | samples=118,71,58,427,68
2026-10-04 04:20:02 | video-media | UP | 5/5 | 142ms | samples=96,336,98,88,96
----------------------------------------------------------------------------------------------------
2026-10-04 04:25:00 | frontend | UP | 200 | 338ms
2026-10-04 04:25:01 | appwrite | UP | 200 | 195ms
2026-10-04 04:25:01 | r2-media | UP | 5/5 | 112ms | worst=188ms | samples=137,188,73,59,103
2026-10-04 04:25:02 | video-media | UP | 5/5 | 75ms | samples=68,83,90,64,73
----------------------------------------------------------------------------------------------------
2026-10-04 04:30:01 | frontend | UP | 200 | 28ms
2026-10-04 04:30:01 | appwrite | UP | 200 | 206ms
2026-10-04 04:30:01 | r2-media | UP | 5/5 | 93ms | worst=149ms | samples=69,149,96,66,85
2026-10-04 04:30:02 | video-media | UP | 5/5 | 99ms | samples=100,175,80,68,75
----------------------------------------------------------------------------------------------------
2026-10-04 04:35:00 | frontend | UP | 200 | 24ms
2026-10-04 04:35:00 | appwrite | UP | 200 | 262ms
2026-10-04 04:35:00 | r2-media | UP | 5/5 | 70ms | worst=109ms | samples=60,60,65,109,56
2026-10-04 04:35:01 | video-media | UP | 5/5 | 83ms | samples=75,72,67,75,128
----------------------------------------------------------------------------------------------------
2026-10-04 04:40:01 | frontend | UP | 200 | 303ms
2026-10-04 04:40:01 | appwrite | UP | 200 | 215ms
2026-10-04 04:40:02 | r2-media | UP | 5/5 | 111ms | worst=278ms | samples=278,70,59,72,78
2026-10-04 04:40:12 | video-media | UP | 5/5 | 76ms | samples=82,64,67,78,93
----------------------------------------------------------------------------------------------------
2026-10-04 04:45:00 | frontend | UP | 200 | 27ms
2026-10-04 04:45:00 | appwrite | UP | 200 | 193ms
2026-10-04 04:45:00 | r2-media | UP | 5/5 | 67ms | worst=84ms | samples=84,70,62,62,61
2026-10-04 04:45:01 | video-media | UP | 5/5 | 81ms | samples=71,97,77,80,80
----------------------------------------------------------------------------------------------------
2026-10-04 04:50:00 | frontend | UP | 200 | 109ms
2026-10-04 04:50:00 | appwrite | UP | 200 | 186ms
2026-10-04 04:50:01 | r2-media | UP | 5/5 | 95ms | worst=212ms | samples=212,72,56,62,74
2026-10-04 04:50:01 | video-media | UP | 5/5 | 83ms | samples=100,69,91,90,66
----------------------------------------------------------------------------------------------------
2026-10-04 04:55:00 | frontend | UP | 200 | 267ms
2026-10-04 04:55:00 | appwrite | UP | 200 | 203ms
2026-10-04 04:55:01 | r2-media | UP | 5/5 | 96ms | worst=202ms | samples=58,202,86,76,62
2026-10-04 04:55:02 | video-media | UP | 5/5 | 97ms | samples=152,88,82,85,81
----------------------------------------------------------------------------------------------------
====================================================================================================
2026-10-04 05:00:00 | frontend | UP | 200 | 36ms
2026-10-04 05:00:01 | appwrite | UP | 200 | 204ms
2026-10-04 05:00:01 | r2-media | UP | 5/5 | 113ms | worst=232ms | samples=232,72,75,106,80
2026-10-04 05:00:02 | video-media | UP | 5/5 | 119ms | samples=181,91,110,96,118
----------------------------------------------------------------------------------------------------
2026-10-04 05:05:01 | frontend | UP | 200 | 276ms
2026-10-04 05:05:01 | appwrite | UP | 200 | 281ms
2026-10-04 05:05:02 | r2-media | UP | 5/5 | 127ms | worst=300ms | samples=300,88,75,101,72
2026-10-04 05:05:02 | video-media | UP | 5/5 | 96ms | samples=116,92,73,103,98
----------------------------------------------------------------------------------------------------
2026-10-04 05:10:00 | frontend | UP | 200 | 29ms
2026-10-04 05:10:00 | appwrite | UP | 200 | 263ms
2026-10-04 05:10:01 | r2-media | UP | 5/5 | 67ms | worst=72ms | samples=71,71,64,61,72
2026-10-04 05:10:02 | video-media | UP | 5/5 | 153ms | samples=438,70,83,91,85
----------------------------------------------------------------------------------------------------
2026-10-04 05:15:00 | frontend | UP | 200 | 29ms
2026-10-04 05:15:00 | appwrite | UP | 200 | 328ms
2026-10-04 05:15:01 | r2-media | UP | 5/5 | 95ms | worst=223ms | samples=223,58,68,53,77
2026-10-04 05:15:02 | video-media | UP | 5/5 | 165ms | samples=161,71,74,432,88
----------------------------------------------------------------------------------------------------
2026-10-04 05:20:00 | frontend | UP | 200 | 273ms
2026-10-04 05:20:01 | appwrite | UP | 200 | 249ms
2026-10-04 05:20:01 | r2-media | UP | 5/5 | 118ms | worst=295ms | samples=295,94,72,57,74
2026-10-04 05:20:02 | video-media | UP | 5/5 | 115ms | samples=97,238,93,73,78
----------------------------------------------------------------------------------------------------
2026-10-04 05:25:00 | frontend | UP | 200 | 76ms
2026-10-04 05:25:00 | appwrite | UP | 200 | 249ms
2026-10-04 05:25:01 | r2-media | UP | 5/5 | 91ms | worst=192ms | samples=62,62,64,79,192
2026-10-04 05:25:02 | video-media | UP | 5/5 | 76ms | samples=86,67,76,91,60
----------------------------------------------------------------------------------------------------
2026-10-04 05:30:01 | frontend | UP | 200 | 275ms
2026-10-04 05:30:01 | appwrite | UP | 200 | 325ms
2026-10-04 05:30:02 | r2-media | UP | 5/5 | 131ms | worst=206ms | samples=206,139,63,163,84
2026-10-04 05:30:03 | video-media | UP | 5/5 | 85ms | samples=93,80,71,88,95
----------------------------------------------------------------------------------------------------
2026-10-04 05:35:00 | frontend | UP | 200 | 36ms
2026-10-04 05:35:01 | appwrite | UP | 200 | 249ms
2026-10-04 05:35:01 | r2-media | UP | 5/5 | 78ms | worst=88ms | samples=74,88,78,75,76
2026-10-04 05:35:02 | video-media | UP | 5/5 | 85ms | samples=80,76,83,88,102
----------------------------------------------------------------------------------------------------
2026-10-04 05:40:00 | frontend | UP | 200 | 24ms
2026-10-04 05:40:01 | appwrite | UP | 200 | 429ms
2026-10-04 05:40:01 | r2-media | UP | 5/5 | 77ms | worst=133ms | samples=133,70,56,56,72
2026-10-04 05:40:02 | video-media | UP | 5/5 | 100ms | samples=109,116,73,81,124
----------------------------------------------------------------------------------------------------
2026-10-04 05:45:00 | frontend | UP | 200 | 285ms
2026-10-04 05:45:00 | appwrite | UP | 200 | 182ms
2026-10-04 05:45:01 | r2-media | UP | 5/5 | 108ms | worst=201ms | samples=93,67,90,91,201
2026-10-04 05:45:11 | video-media | UP | 5/5 | 75ms | samples=104,74,68,68,63
----------------------------------------------------------------------------------------------------
2026-10-04 05:50:00 | frontend | UP | 200 | 27ms
2026-10-04 05:50:00 | appwrite | UP | 200 | 273ms
2026-10-04 05:50:01 | r2-media | UP | 5/5 | 140ms | worst=457ms | samples=60,457,63,64,58
2026-10-04 05:50:02 | video-media | UP | 5/5 | 90ms | samples=96,114,84,78,80
----------------------------------------------------------------------------------------------------
2026-10-04 05:55:01 | frontend | UP | 200 | 376ms
2026-10-04 05:55:01 | appwrite | UP | 200 | 276ms
2026-10-04 05:55:02 | r2-media | UP | 5/5 | 93ms | worst=189ms | samples=189,64,66,65,85
2026-10-04 05:55:02 | video-media | UP | 5/5 | 99ms | samples=151,80,91,68,105
----------------------------------------------------------------------------------------------------
====================================================================================================
2026-10-04 06:00:00 | frontend | UP | 200 | 25ms
2026-10-04 06:00:01 | appwrite | UP | 200 | 219ms
2026-10-04 06:00:01 | r2-media | UP | 5/5 | 92ms | worst=156ms | samples=70,68,97,72,156
2026-10-04 06:00:02 | video-media | UP | 5/5 | 143ms | samples=90,105,247,196,78
----------------------------------------------------------------------------------------------------
2026-10-04 06:05:00 | frontend | UP | 200 | 29ms
2026-10-04 06:05:00 | appwrite | UP | 200 | 335ms
2026-10-04 06:05:01 | r2-media | UP | 5/5 | 67ms | worst=79ms | samples=74,79,56,59,67
2026-10-04 06:05:01 | video-media | UP | 5/5 | 94ms | samples=88,87,73,73,151
----------------------------------------------------------------------------------------------------
2026-10-04 06:10:01 | frontend | UP | 200 | 294ms
2026-10-04 06:10:01 | appwrite | UP | 200 | 373ms
2026-10-04 06:10:02 | r2-media | UP | 5/5 | 95ms | worst=151ms | samples=151,89,84,79,74
2026-10-04 06:10:02 | video-media | UP | 5/5 | 81ms | samples=77,99,84,69,79
----------------------------------------------------------------------------------------------------
2026-10-04 06:15:00 | frontend | UP | 200 | 24ms
2026-10-04 06:15:00 | appwrite | UP | 200 | 342ms
2026-10-04 06:15:01 | r2-media | UP | 5/5 | 81ms | worst=98ms | samples=66,77,73,91,98
2026-10-04 06:15:01 | video-media | UP | 5/5 | 88ms | samples=105,102,81,81,71
----------------------------------------------------------------------------------------------------
2026-10-04 06:20:00 | frontend | UP | 200 | 38ms
2026-10-04 06:20:00 | appwrite | UP | 200 | 189ms
2026-10-04 06:20:01 | r2-media | UP | 5/5 | 93ms | worst=157ms | samples=157,75,58,64,113
2026-10-04 06:20:02 | video-media | UP | 5/5 | 88ms | samples=97,108,104,61,73
----------------------------------------------------------------------------------------------------
2026-10-04 06:25:01 | frontend | UP | 200 | 352ms
2026-10-04 06:25:01 | appwrite | UP | 200 | 213ms
2026-10-04 06:25:01 | r2-media | UP | 5/5 | 102ms | worst=174ms | samples=174,87,101,78,73
2026-10-04 06:25:02 | video-media | UP | 5/5 | 98ms | samples=179,68,74,95,76
----------------------------------------------------------------------------------------------------
2026-10-04 06:30:01 | frontend | UP | 200 | 41ms
2026-10-04 06:30:01 | appwrite | UP | 200 | 187ms
2026-10-04 06:30:02 | r2-media | UP | 5/5 | 130ms | worst=257ms | samples=77,257,164,89,66
2026-10-04 06:30:02 | video-media | UP | 5/5 | 84ms | samples=84,93,86,83,74
----------------------------------------------------------------------------------------------------
2026-10-04 06:35:00 | frontend | UP | 200 | 36ms
2026-10-04 06:35:00 | appwrite | UP | 200 | 193ms
2026-10-04 06:35:01 | r2-media | UP | 5/5 | 155ms | worst=490ms | samples=57,490,71,69,90
2026-10-04 06:35:02 | video-media | UP | 5/5 | 90ms | samples=76,90,111,93,83
----------------------------------------------------------------------------------------------------
2026-10-04 06:40:00 | frontend | UP | 200 | 271ms
2026-10-04 06:40:01 | appwrite | UP | 200 | 350ms
2026-10-04 06:40:01 | r2-media | UP | 5/5 | 108ms | worst=217ms | samples=217,99,75,64,85
2026-10-04 06:40:02 | video-media | UP | 5/5 | 85ms | samples=99,69,85,75,97
----------------------------------------------------------------------------------------------------
2026-10-04 06:45:00 | frontend | UP | 200 | 28ms
2026-10-04 06:45:00 | appwrite | UP | 200 | 187ms
2026-10-04 06:45:01 | r2-media | UP | 5/5 | 113ms | worst=231ms | samples=75,85,92,83,231
2026-10-04 06:45:02 | video-media | UP | 5/5 | 118ms | samples=246,76,69,100,100
----------------------------------------------------------------------------------------------------
2026-10-04 06:50:00 | frontend | UP | 200 | 30ms
2026-10-04 06:50:01 | appwrite | UP | 200 | 353ms
2026-10-04 06:50:01 | r2-media | UP | 5/5 | 103ms | worst=224ms | samples=224,75,64,75,80
2026-10-04 06:50:14 | video-media | UP | 5/5 | 83ms | samples=140,79,71,56,69
----------------------------------------------------------------------------------------------------
2026-10-04 06:55:01 | frontend | UP | 200 | 277ms
2026-10-04 06:55:01 | appwrite | UP | 200 | 242ms
2026-10-04 06:55:02 | r2-media | UP | 5/5 | 108ms | worst=161ms | samples=161,81,139,73,90
2026-10-04 06:55:02 | video-media | UP | 5/5 | 73ms | samples=86,70,70,65,74
----------------------------------------------------------------------------------------------------
====================================================================================================
2026-10-04 07:00:00 | frontend | UP | 200 | 31ms
2026-10-04 07:00:01 | appwrite | UP | 200 | 326ms
2026-10-04 07:00:02 | r2-media | UP | 5/5 | 117ms | worst=179ms | samples=78,85,88,158,179
2026-10-04 07:00:03 | video-media | UP | 5/5 | 111ms | samples=143,134,106,98,77
----------------------------------------------------------------------------------------------------
2026-10-04 07:05:00 | frontend | UP | 200 | 26ms
2026-10-04 07:05:01 | appwrite | UP | 200 | 351ms
2026-10-04 07:05:01 | r2-media | UP | 5/5 | 84ms | worst=109ms | samples=79,69,109,70,93
2026-10-04 07:05:02 | video-media | UP | 5/5 | 79ms | samples=101,77,69,76,74
----------------------------------------------------------------------------------------------------
2026-10-04 07:10:01 | frontend | UP | 200 | 270ms
2026-10-04 07:10:01 | appwrite | UP | 200 | 204ms
2026-10-04 07:10:01 | r2-media | UP | 5/5 | 78ms | worst=102ms | samples=102,75,76,79,58
2026-10-04 07:10:02 | video-media | UP | 5/5 | 92ms | samples=78,80,75,161,69
----------------------------------------------------------------------------------------------------
2026-10-04 07:15:00 | frontend | UP | 200 | 25ms
2026-10-04 07:15:01 | appwrite | UP | 200 | 194ms
2026-10-04 07:15:01 | r2-media | UP | 5/5 | 66ms | worst=79ms | samples=79,60,66,68,58
2026-10-04 07:15:02 | video-media | UP | 5/5 | 98ms | samples=169,73,85,87,78
----------------------------------------------------------------------------------------------------
2026-10-04 07:20:00 | frontend | UP | 200 | 31ms
2026-10-04 07:20:01 | appwrite | UP | 200 | 264ms
2026-10-04 07:20:01 | r2-media | UP | 5/5 | 99ms | worst=220ms | samples=220,86,79,55,58
2026-10-04 07:20:06 | video-media | UP | 5/5 | 839ms | samples=668,3238,111,79,103
----------------------------------------------------------------------------------------------------
2026-10-04 07:25:00 | frontend | UP | 200 | 349ms
2026-10-04 07:25:01 | appwrite | UP | 200 | 357ms
2026-10-04 07:25:02 | r2-media | UP | 5/5 | 156ms | worst=256ms | samples=170,186,97,72,256
2026-10-04 07:25:03 | video-media | UP | 5/5 | 114ms | samples=189,156,75,79,75
----------------------------------------------------------------------------------------------------
2026-10-04 07:30:00 | frontend | UP | 200 | 26ms
2026-10-04 07:30:01 | appwrite | UP | 200 | 187ms
2026-10-04 07:30:01 | r2-media | UP | 5/5 | 83ms | worst=145ms | samples=59,58,74,83,145
2026-10-04 07:30:02 | video-media | UP | 5/5 | 115ms | samples=100,192,89,82,113
----------------------------------------------------------------------------------------------------
2026-10-04 07:35:00 | frontend | UP | 200 | 38ms
2026-10-04 07:35:01 | appwrite | UP | 200 | 261ms
2026-10-04 07:35:01 | r2-media | UP | 5/5 | 97ms | worst=147ms | samples=76,103,79,83,147
2026-10-04 07:35:05 | video-media | UP | 5/5 | 710ms | samples=124,74,75,3202,78
----------------------------------------------------------------------------------------------------
2026-10-04 07:40:00 | frontend | UP | 200 | 272ms
2026-10-04 07:40:01 | appwrite | UP | 200 | 326ms
2026-10-04 07:40:01 | r2-media | UP | 5/5 | 108ms | worst=167ms | samples=167,78,79,105,113
2026-10-04 07:40:02 | video-media | UP | 5/5 | 86ms | samples=112,84,68,76,91
----------------------------------------------------------------------------------------------------
2026-10-04 07:45:00 | frontend | UP | 200 | 25ms
2026-10-04 07:45:00 | appwrite | UP | 200 | 342ms
2026-10-04 07:45:01 | r2-media | UP | 5/5 | 72ms | worst=83ms | samples=73,83,62,82,64
2026-10-04 07:45:01 | video-media | UP | 5/5 | 119ms | samples=91,95,229,91,93
----------------------------------------------------------------------------------------------------
2026-10-04 07:50:01 | frontend | UP | 200 | 267ms
2026-10-04 07:50:01 | appwrite | UP | 200 | 345ms
2026-10-04 07:50:02 | r2-media | UP | 5/5 | 106ms | worst=245ms | samples=245,66,66,80,77
2026-10-04 07:50:02 | video-media | UP | 5/5 | 88ms | samples=90,88,85,92,89
----------------------------------------------------------------------------------------------------
2026-10-04 07:55:01 | frontend | UP | 200 | 32ms
2026-10-04 07:55:01 | appwrite | UP | 200 | 332ms
2026-10-04 07:55:02 | r2-media | UP | 5/5 | 118ms | worst=219ms | samples=81,68,78,144,219
2026-10-04 07:55:16 | video-media | UP | 5/5 | 82ms | samples=84,78,70,80,101
----------------------------------------------------------------------------------------------------
====================================================================================================
2026-10-04 08:00:00 | frontend | UP | 200 | 38ms
2026-10-04 08:00:00 | appwrite | UP | 200 | 345ms
2026-10-04 08:00:01 | r2-media | UP | 5/5 | 79ms | worst=121ms | samples=63,75,121,76,64
2026-10-04 08:00:01 | video-media | UP | 5/5 | 121ms | samples=89,215,90,94,117
----------------------------------------------------------------------------------------------------
2026-10-04 08:05:01 | frontend | UP | 200 | 265ms
2026-10-04 08:05:01 | appwrite | UP | 200 | 284ms
2026-10-04 08:05:01 | r2-media | UP | 5/5 | 80ms | worst=101ms | samples=78,68,101,77,79
2026-10-04 08:05:02 | video-media | UP | 5/5 | 118ms | samples=202,96,75,139,82
----------------------------------------------------------------------------------------------------
2026-10-04 08:10:00 | frontend | UP | 200 | 31ms
2026-10-04 08:10:00 | appwrite | UP | 200 | 328ms
2026-10-04 08:10:01 | r2-media | UP | 5/5 | 89ms | worst=159ms | samples=159,74,71,69,76
2026-10-04 08:10:02 | video-media | UP | 5/5 | 111ms | samples=80,110,99,117,153
----------------------------------------------------------------------------------------------------
2026-10-04 08:15:00 | frontend | UP | 200 | 38ms
2026-10-04 08:15:01 | appwrite | UP | 200 | 336ms
2026-10-04 08:15:01 | r2-media | UP | 5/5 | 111ms | worst=259ms | samples=259,75,65,80,76
2026-10-04 08:15:02 | video-media | UP | 5/5 | 113ms | samples=100,137,92,114,124
----------------------------------------------------------------------------------------------------
2026-10-04 08:20:01 | frontend | UP | 200 | 261ms
2026-10-04 08:20:01 | appwrite | UP | 200 | 206ms
2026-10-04 08:20:02 | r2-media | UP | 5/5 | 111ms | worst=195ms | samples=131,195,80,77,72
2026-10-04 08:20:02 | video-media | UP | 5/5 | 98ms | samples=91,84,127,102,90
----------------------------------------------------------------------------------------------------
2026-10-04 08:25:00 | frontend | UP | 200 | 32ms
2026-10-04 08:25:00 | appwrite | UP | 200 | 217ms
2026-10-04 08:25:01 | r2-media | UP | 5/5 | 143ms | worst=414ms | samples=414,82,66,62,92
2026-10-04 08:25:01 | video-media | UP | 5/5 | 96ms | samples=85,88,92,124,92
----------------------------------------------------------------------------------------------------
2026-10-04 08:30:00 | frontend | UP | 200 | 179ms
2026-10-04 08:30:00 | appwrite | UP | 200 | 206ms
2026-10-04 08:30:01 | r2-media | UP | 5/5 | 119ms | worst=247ms | samples=247,148,65,67,69
2026-10-04 08:30:02 | video-media | UP | 5/5 | 166ms | samples=84,435,107,106,100
----------------------------------------------------------------------------------------------------
2026-10-04 08:35:00 | frontend | UP | 200 | 267ms
2026-10-04 08:35:01 | appwrite | UP | 200 | 287ms
2026-10-04 08:35:01 | r2-media | UP | 5/5 | 104ms | worst=235ms | samples=235,90,63,65,67
2026-10-04 08:35:02 | video-media | UP | 5/5 | 128ms | samples=108,85,83,286,78
----------------------------------------------------------------------------------------------------
2026-10-04 08:40:00 | frontend | UP | 200 | 31ms
2026-10-04 08:40:00 | appwrite | UP | 200 | 323ms
2026-10-04 08:40:01 | r2-media | UP | 5/5 | 84ms | worst=112ms | samples=67,68,112,70,104
2026-10-04 08:40:02 | video-media | UP | 5/5 | 108ms | samples=111,89,123,105,112
----------------------------------------------------------------------------------------------------
2026-10-04 08:45:00 | frontend | UP | 200 | 26ms
2026-10-04 08:45:01 | appwrite | UP | 200 | 556ms
2026-10-04 08:45:02 | r2-media | UP | 5/5 | 93ms | worst=157ms | samples=157,63,80,97,72
2026-10-04 08:45:02 | video-media | UP | 5/5 | 113ms | samples=172,122,91,88,94
----------------------------------------------------------------------------------------------------
2026-10-04 08:50:00 | frontend | UP | 200 | 262ms
2026-10-04 08:50:00 | appwrite | UP | 200 | 263ms
2026-10-04 08:50:01 | r2-media | UP | 5/5 | 162ms | worst=206ms | samples=183,175,155,94,206
2026-10-04 08:50:02 | video-media | UP | 5/5 | 112ms | samples=91,110,148,124,90
----------------------------------------------------------------------------------------------------
2026-10-04 08:55:00 | frontend | UP | 200 | 39ms
2026-10-04 08:55:00 | appwrite | UP | 200 | 331ms
2026-10-04 08:55:01 | r2-media | UP | 5/5 | 193ms | worst=293ms | samples=293,161,143,163,208
2026-10-04 08:55:05 | video-media | UP | 5/5 | 742ms | samples=115,92,3224,175,107
----------------------------------------------------------------------------------------------------
====================================================================================================
2026-10-04 09:00:01 | frontend | UP | 200 | 400ms
2026-10-04 09:00:01 | appwrite | UP | 200 | 327ms
2026-10-04 09:00:02 | r2-media | UP | 5/5 | 196ms | worst=305ms | samples=305,157,200,124,195
2026-10-04 09:00:15 | video-media | UP | 5/5 | 146ms | samples=252,94,207,90,89
----------------------------------------------------------------------------------------------------
2026-10-04 09:05:00 | frontend | UP | 200 | 25ms
2026-10-04 09:05:00 | appwrite | UP | 200 | 330ms
2026-10-04 09:05:02 | r2-media | UP | 5/5 | 218ms | worst=374ms | samples=153,374,133,170,263
2026-10-04 09:05:02 | video-media | UP | 5/5 | 89ms | samples=98,83,79,85,101
----------------------------------------------------------------------------------------------------
2026-10-04 09:10:00 | frontend | UP | 200 | 26ms
2026-10-04 09:10:00 | appwrite | UP | 200 | 334ms
2026-10-04 09:10:02 | r2-media | UP | 5/5 | 255ms | worst=342ms | samples=342,158,170,300,307
2026-10-04 09:10:03 | video-media | UP | 5/5 | 91ms | samples=109,87,100,77,86
----------------------------------------------------------------------------------------------------
2026-10-04 09:15:00 | frontend | UP | 200 | 268ms
2026-10-04 09:15:00 | appwrite | UP | 200 | 191ms
2026-10-04 09:15:01 | r2-media | UP | 5/5 | 162ms | worst=198ms | samples=162,159,134,157,198
2026-10-04 09:15:02 | video-media | UP | 5/5 | 134ms | samples=242,121,109,110,92
----------------------------------------------------------------------------------------------------
2026-10-04 09:20:00 | frontend | UP | 200 | 29ms
2026-10-04 09:20:01 | appwrite | UP | 200 | 208ms
2026-10-04 09:20:02 | r2-media | UP | 5/5 | 192ms | worst=301ms | samples=301,159,155,148,199
2026-10-04 09:20:02 | video-media | UP | 5/5 | 109ms | samples=166,95,111,83,90
----------------------------------------------------------------------------------------------------
2026-10-04 09:25:00 | frontend | UP | 200 | 26ms
2026-10-04 09:25:00 | appwrite | UP | 200 | 277ms
2026-10-04 09:25:01 | r2-media | UP | 5/5 | 189ms | worst=344ms | samples=157,142,147,157,344
2026-10-04 09:25:02 | video-media | UP | 5/5 | 129ms | samples=111,116,111,90,218
----------------------------------------------------------------------------------------------------
2026-10-04 09:30:01 | frontend | UP | 200 | 431ms
2026-10-04 09:30:01 | appwrite | UP | 200 | 313ms
2026-10-04 09:30:02 | r2-media | UP | 5/5 | 207ms | worst=303ms | samples=303,176,173,191,192
2026-10-04 09:30:03 | video-media | UP | 5/5 | 107ms | samples=114,116,119,110,76
----------------------------------------------------------------------------------------------------
2026-10-04 09:35:00 | frontend | UP | 200 | 27ms
2026-10-04 09:35:00 | appwrite | UP | 200 | 205ms
2026-10-04 09:35:01 | r2-media | UP | 5/5 | 86ms | worst=91ms | samples=85,91,84,89,83
2026-10-04 09:35:02 | video-media | UP | 5/5 | 116ms | samples=120,89,80,184,110
----------------------------------------------------------------------------------------------------
2026-10-04 09:40:00 | frontend | UP | 200 | 30ms
2026-10-04 09:40:00 | appwrite | UP | 200 | 269ms
2026-10-04 09:40:02 | r2-media | UP | 5/5 | 195ms | worst=572ms | samples=572,129,97,96,85
2026-10-04 09:40:06 | video-media | UP | 5/5 | 795ms | samples=120,121,3577,71,86
----------------------------------------------------------------------------------------------------
2026-10-04 09:45:01 | frontend | UP | 200 | 277ms
2026-10-04 09:45:01 | appwrite | UP | 200 | 363ms
2026-10-04 09:45:02 | r2-media | UP | 5/5 | 105ms | worst=159ms | samples=159,93,86,96,94
2026-10-04 09:45:03 | video-media | UP | 5/5 | 112ms | samples=171,125,98,87,81
----------------------------------------------------------------------------------------------------
2026-10-04 09:50:00 | frontend | UP | 200 | 30ms
2026-10-04 09:50:01 | appwrite | UP | 200 | 283ms
2026-10-04 09:50:02 | r2-media | UP | 5/5 | 207ms | worst=297ms | samples=148,152,235,297,205
2026-10-04 09:50:03 | video-media | UP | 5/5 | 107ms | samples=99,99,145,99,94
----------------------------------------------------------------------------------------------------
2026-10-04 09:55:00 | frontend | UP | 200 | 27ms
2026-10-04 09:55:00 | appwrite | UP | 200 | 139ms
2026-10-04 09:55:01 | r2-media | UP | 5/5 | 149ms | worst=430ms | samples=69,80,70,99,430
2026-10-04 09:55:02 | video-media | UP | 5/5 | 119ms | samples=105,113,112,145,120
----------------------------------------------------------------------------------------------------
====================================================================================================
2026-10-04 10:00:01 | frontend | UP | 200 | 416ms
2026-10-04 10:00:01 | appwrite | UP | 200 | 256ms
2026-10-04 10:00:02 | r2-media | UP | 5/5 | 135ms | worst=235ms | samples=235,110,142,100,88
2026-10-04 10:00:03 | video-media | UP | 5/5 | 108ms | samples=159,84,113,98,89
----------------------------------------------------------------------------------------------------
2026-10-04 10:05:00 | frontend | UP | 200 | 27ms
2026-10-04 10:05:00 | appwrite | UP | 200 | 344ms
2026-10-04 10:05:01 | r2-media | UP | 5/5 | 84ms | worst=112ms | samples=84,70,73,112,81
2026-10-04 10:05:14 | video-media | UP | 5/5 | 104ms | samples=121,112,88,110,89
----------------------------------------------------------------------------------------------------
2026-10-04 10:10:00 | frontend | UP | 200 | 27ms
2026-10-04 10:10:01 | appwrite | UP | 200 | 338ms
2026-10-04 10:10:02 | r2-media | UP | 5/5 | 170ms | worst=343ms | samples=343,170,84,92,161
2026-10-04 10:10:02 | video-media | UP | 5/5 | 111ms | samples=94,111,147,82,121
----------------------------------------------------------------------------------------------------
2026-10-04 10:15:00 | frontend | UP | 200 | 261ms
2026-10-04 10:15:01 | appwrite | UP | 200 | 374ms
2026-10-04 10:15:02 | r2-media | UP | 5/5 | 154ms | worst=299ms | samples=96,299,214,89,74
2026-10-04 10:15:03 | video-media | UP | 5/5 | 141ms | samples=271,117,108,87,125
----------------------------------------------------------------------------------------------------
2026-10-04 10:20:00 | frontend | UP | 200 | 43ms
2026-10-04 10:20:01 | appwrite | UP | 200 | 308ms
2026-10-04 10:20:01 | r2-media | UP | 5/5 | 76ms | worst=92ms | samples=76,92,69,74,72
2026-10-04 10:20:02 | video-media | UP | 5/5 | 121ms | samples=121,122,146,124,96
----------------------------------------------------------------------------------------------------
2026-10-04 10:25:00 | frontend | UP | 200 | 39ms
2026-10-04 10:25:01 | appwrite | UP | 200 | 417ms
2026-10-04 10:25:01 | r2-media | UP | 5/5 | 123ms | worst=244ms | samples=244,98,87,70,116
2026-10-04 10:25:02 | video-media | UP | 5/5 | 114ms | samples=189,89,130,90,76
----------------------------------------------------------------------------------------------------
2026-10-04 10:30:00 | frontend | UP | 200 | 269ms
2026-10-04 10:30:00 | appwrite | UP | 200 | 149ms
2026-10-04 10:30:01 | r2-media | UP | 5/5 | 191ms | worst=275ms | samples=163,161,275,162,194
2026-10-04 10:30:02 | video-media | UP | 5/5 | 131ms | samples=206,106,123,93,130
----------------------------------------------------------------------------------------------------
2026-10-04 10:35:00 | frontend | UP | 200 | 29ms
2026-10-04 10:35:01 | appwrite | UP | 200 | 195ms
2026-10-04 10:35:01 | r2-media | UP | 5/5 | 123ms | worst=242ms | samples=67,102,75,129,242
2026-10-04 10:35:02 | video-media | UP | 5/5 | 149ms | samples=110,99,138,206,196
----------------------------------------------------------------------------------------------------
2026-10-04 10:40:00 | frontend | UP | 200 | 280ms
2026-10-04 10:40:01 | appwrite | UP | 200 | 281ms
2026-10-04 10:40:02 | r2-media | UP | 5/5 | 138ms | worst=304ms | samples=103,102,86,304,98
2026-10-04 10:40:03 | video-media | UP | 5/5 | 216ms | samples=100,671,82,133,98
----------------------------------------------------------------------------------------------------
2026-10-04 10:45:01 | frontend | UP | 200 | 30ms
2026-10-04 10:45:01 | appwrite | UP | 200 | 318ms
2026-10-04 10:45:02 | r2-media | UP | 5/5 | 133ms | worst=234ms | samples=82,167,101,84,234
2026-10-04 10:45:03 | video-media | UP | 5/5 | 149ms | samples=185,158,129,150,126
----------------------------------------------------------------------------------------------------
2026-10-04 10:50:00 | frontend | UP | 200 | 28ms
2026-10-04 10:50:01 | appwrite | UP | 200 | 511ms
2026-10-04 10:50:02 | r2-media | UP | 5/5 | 167ms | worst=365ms | samples=120,175,80,97,365
2026-10-04 10:50:03 | video-media | UP | 5/5 | 127ms | samples=188,99,152,77,121
----------------------------------------------------------------------------------------------------
2026-10-04 10:55:01 | frontend | UP | 200 | 265ms
2026-10-04 10:55:01 | appwrite | UP | 200 | 214ms
2026-10-04 10:55:01 | r2-media | UP | 5/5 | 77ms | worst=82ms | samples=82,68,76,81,78
2026-10-04 10:55:02 | video-media | UP | 5/5 | 111ms | samples=132,124,97,102,100
----------------------------------------------------------------------------------------------------
====================================================================================================
2026-10-04 11:00:00 | frontend | UP | 200 | 27ms
2026-10-04 11:00:00 | appwrite | UP | 200 | 289ms
2026-10-04 11:00:01 | r2-media | UP | 5/5 | 125ms | worst=175ms | samples=175,70,101,164,117
2026-10-04 11:00:03 | video-media | UP | 5/5 | 208ms | samples=455,153,246,92,98
----------------------------------------------------------------------------------------------------
2026-10-04 11:05:00 | frontend | UP | 200 | 157ms
2026-10-04 11:05:00 | appwrite | UP | 200 | 203ms
2026-10-04 11:05:01 | r2-media | UP | 5/5 | 128ms | worst=211ms | samples=97,121,143,211,69
2026-10-04 11:05:02 | video-media | UP | 5/5 | 127ms | samples=99,100,159,171,107
----------------------------------------------------------------------------------------------------
2026-10-04 11:10:00 | frontend | UP | 200 | 280ms
2026-10-04 11:10:01 | appwrite | UP | 200 | 355ms
2026-10-04 11:10:01 | r2-media | UP | 5/5 | 146ms | worst=234ms | samples=114,79,234,186,119
2026-10-04 11:10:15 | video-media | UP | 5/5 | 105ms | samples=169,87,78,110,81
----------------------------------------------------------------------------------------------------
2026-10-04 11:15:00 | frontend | UP | 200 | 28ms
2026-10-04 11:15:00 | appwrite | UP | 200 | 209ms
2026-10-04 11:15:01 | r2-media | UP | 5/5 | 93ms | worst=124ms | samples=124,89,93,79,81
2026-10-04 11:15:02 | video-media | UP | 5/5 | 109ms | samples=132,95,98,119,103
----------------------------------------------------------------------------------------------------
2026-10-04 11:20:00 | frontend | UP | 200 | 29ms
2026-10-04 11:20:00 | appwrite | UP | 200 | 397ms
2026-10-04 11:20:01 | r2-media | UP | 5/5 | 106ms | worst=185ms | samples=185,80,79,91,95
2026-10-04 11:20:02 | video-media | UP | 5/5 | 116ms | samples=127,132,130,95,98
----------------------------------------------------------------------------------------------------
2026-10-04 11:25:00 | frontend | UP | 200 | 278ms
2026-10-04 11:25:01 | appwrite | UP | 200 | 188ms
2026-10-04 11:25:01 | r2-media | UP | 5/5 | 114ms | worst=145ms | samples=129,145,107,95,95
2026-10-04 11:25:02 | video-media | UP | 5/5 | 118ms | samples=129,124,104,133,104
----------------------------------------------------------------------------------------------------
2026-10-04 11:30:00 | frontend | UP | 200 | 26ms
2026-10-04 11:30:00 | appwrite | UP | 200 | 279ms
2026-10-04 11:30:02 | r2-media | UP | 5/5 | 213ms | worst=466ms | samples=103,178,210,466,111
2026-10-04 11:30:02 | video-media | UP | 5/5 | 133ms | samples=125,136,217,91,97
----------------------------------------------------------------------------------------------------
2026-10-04 11:35:01 | frontend | UP | 200 | 348ms
2026-10-04 11:35:01 | appwrite | UP | 200 | 372ms
2026-10-04 11:35:02 | r2-media | UP | 5/5 | 99ms | worst=168ms | samples=168,75,91,79,83
2026-10-04 11:35:03 | video-media | UP | 5/5 | 157ms | samples=273,156,86,167,105
----------------------------------------------------------------------------------------------------
2026-10-04 11:40:00 | frontend | UP | 200 | 28ms
2026-10-04 11:40:00 | appwrite | UP | 200 | 339ms
2026-10-04 11:40:01 | r2-media | UP | 5/5 | 82ms | worst=95ms | samples=78,91,77,95,70
2026-10-04 11:40:01 | video-media | UP | 5/5 | 109ms | samples=144,125,101,85,90
----------------------------------------------------------------------------------------------------
2026-10-04 11:45:00 | frontend | UP | 200 | 34ms
2026-10-04 11:45:00 | appwrite | UP | 200 | 372ms
2026-10-04 11:45:01 | r2-media | UP | 5/5 | 124ms | worst=265ms | samples=265,83,93,76,106
2026-10-04 11:45:02 | video-media | UP | 5/5 | 148ms | samples=251,118,158,97,118
----------------------------------------------------------------------------------------------------
2026-10-04 11:50:00 | frontend | UP | 200 | 271ms
2026-10-04 11:50:00 | appwrite | UP | 200 | 267ms
2026-10-04 11:50:01 | r2-media | UP | 5/5 | 188ms | worst=469ms | samples=125,120,469,114,112
2026-10-04 11:50:02 | video-media | UP | 5/5 | 148ms | samples=184,261,77,123,95
----------------------------------------------------------------------------------------------------
2026-10-04 11:55:00 | frontend | UP | 200 | 29ms
2026-10-04 11:55:00 | appwrite | UP | 200 | 273ms
2026-10-04 11:55:01 | r2-media | UP | 5/5 | 95ms | worst=171ms | samples=73,73,75,85,171
2026-10-04 11:55:02 | video-media | UP | 5/5 | 119ms | samples=104,121,95,182,94
----------------------------------------------------------------------------------------------------
====================================================================================================
2026-10-04 12:00:00 | frontend | UP | 200 | 26ms
2026-10-04 12:00:00 | appwrite | UP | 200 | 331ms
2026-10-04 12:00:01 | r2-media | UP | 5/5 | 115ms | worst=242ms | samples=242,100,69,92,72
2026-10-04 12:00:02 | video-media | UP | 5/5 | 115ms | samples=139,96,116,109,116
----------------------------------------------------------------------------------------------------
2026-10-04 12:05:01 | frontend | UP | 200 | 399ms
2026-10-04 12:05:03 | appwrite | UP | 200 | 2345ms
2026-10-04 12:05:04 | r2-media | UP | 5/5 | 117ms | worst=184ms | samples=184,92,79,90,140
2026-10-04 12:05:05 | video-media | UP | 5/5 | 235ms | samples=237,184,500,142,112
----------------------------------------------------------------------------------------------------
2026-10-04 12:10:00 | frontend | UP | 200 | 27ms
2026-10-04 12:10:00 | appwrite | UP | 200 | 215ms
2026-10-04 12:10:01 | r2-media | UP | 5/5 | 145ms | worst=356ms | samples=93,87,91,356,102
2026-10-04 12:10:02 | video-media | UP | 5/5 | 126ms | samples=134,132,111,123,133
----------------------------------------------------------------------------------------------------
2026-10-04 12:15:01 | frontend | UP | 200 | 32ms
2026-10-04 12:15:01 | appwrite | UP | 200 | 268ms
2026-10-04 12:15:02 | r2-media | UP | 5/5 | 158ms | worst=342ms | samples=342,89,103,137,122
2026-10-04 12:15:18 | video-media | UP | 5/5 | 184ms | samples=208,109,312,209,83
----------------------------------------------------------------------------------------------------
2026-10-04 12:20:00 | frontend | UP | 200 | 291ms
2026-10-04 12:20:00 | appwrite | UP | 200 | 200ms
2026-10-04 12:20:01 | r2-media | UP | 5/5 | 101ms | worst=122ms | samples=114,101,92,78,122
2026-10-04 12:20:02 | video-media | UP | 5/5 | 156ms | samples=248,165,131,115,125
----------------------------------------------------------------------------------------------------
2026-10-04 12:25:00 | frontend | UP | 200 | 33ms
2026-10-04 12:25:00 | appwrite | UP | 200 | 203ms
2026-10-04 12:25:02 | r2-media | UP | 5/5 | 285ms | worst=759ms | samples=169,82,319,100,759
2026-10-04 12:25:03 | video-media | UP | 5/5 | 152ms | samples=207,154,129,118,153
----------------------------------------------------------------------------------------------------
2026-10-04 12:30:01 | frontend | UP | 200 | 268ms
2026-10-04 12:30:01 | appwrite | UP | 200 | 198ms
2026-10-04 12:30:02 | r2-media | UP | 5/5 | 142ms | worst=299ms | samples=299,99,121,107,85
2026-10-04 12:30:06 | video-media | UP | 5/5 | 786ms | samples=129,194,123,244,3243
----------------------------------------------------------------------------------------------------
2026-10-04 12:35:00 | frontend | UP | 200 | 27ms
2026-10-04 12:35:00 | appwrite | UP | 200 | 309ms
2026-10-04 12:35:01 | r2-media | UP | 5/5 | 100ms | worst=135ms | samples=95,86,85,135,102
2026-10-04 12:35:02 | video-media | UP | 5/5 | 124ms | samples=99,119,136,150,118
----------------------------------------------------------------------------------------------------
2026-10-04 12:40:00 | frontend | UP | 200 | 53ms
2026-10-04 12:40:01 | appwrite | UP | 200 | 332ms
2026-10-04 12:40:02 | r2-media | UP | 5/5 | 127ms | worst=186ms | samples=118,186,109,117,108
2026-10-04 12:40:02 | video-media | UP | 5/5 | 130ms | samples=227,85,119,106,114
----------------------------------------------------------------------------------------------------
2026-10-04 12:45:00 | frontend | UP | 200 | 294ms
2026-10-04 12:45:00 | appwrite | UP | 200 | 276ms
2026-10-04 12:45:01 | r2-media | UP | 5/5 | 144ms | worst=243ms | samples=90,104,195,243,90
2026-10-04 12:45:02 | video-media | UP | 5/5 | 124ms | samples=120,117,117,161,106
----------------------------------------------------------------------------------------------------
2026-10-04 12:50:00 | frontend | UP | 200 | 29ms
2026-10-04 12:50:00 | appwrite | UP | 200 | 195ms
2026-10-04 12:50:01 | r2-media | UP | 5/5 | 118ms | worst=182ms | samples=98,103,108,101,182
2026-10-04 12:50:02 | video-media | UP | 5/5 | 139ms | samples=120,128,151,151,149
----------------------------------------------------------------------------------------------------
2026-10-04 12:55:00 | frontend | UP | 200 | 26ms
2026-10-04 12:55:00 | appwrite | UP | 200 | 340ms
2026-10-04 12:55:02 | r2-media | UP | 5/5 | 215ms | worst=446ms | samples=154,185,135,446,155
2026-10-04 12:55:02 | video-media | UP | 5/5 | 131ms | samples=113,161,155,108,118
----------------------------------------------------------------------------------------------------
====================================================================================================
2026-10-04 13:00:00 | frontend | UP | 200 | 288ms
2026-10-04 13:00:00 | appwrite | UP | 200 | 339ms
2026-10-04 13:00:01 | r2-media | UP | 5/5 | 129ms | worst=165ms | samples=97,165,138,103,146
2026-10-04 13:00:05 | video-media | UP | 5/5 | 803ms | samples=120,178,198,211,3312
----------------------------------------------------------------------------------------------------
2026-10-04 13:05:00 | frontend | UP | 200 | 40ms
2026-10-04 13:05:00 | appwrite | UP | 200 | 280ms
2026-10-04 13:05:01 | r2-media | UP | 5/5 | 128ms | worst=177ms | samples=94,177,120,79,173
2026-10-04 13:05:02 | video-media | UP | 5/5 | 129ms | samples=127,111,138,129,143
----------------------------------------------------------------------------------------------------
2026-10-04 13:10:01 | frontend | UP | 200 | 276ms
2026-10-04 13:10:01 | appwrite | UP | 200 | 372ms
2026-10-04 13:10:02 | r2-media | UP | 5/5 | 138ms | worst=323ms | samples=323,122,74,87,85
2026-10-04 13:10:03 | video-media | UP | 5/5 | 134ms | samples=130,117,127,202,94
----------------------------------------------------------------------------------------------------
2026-10-04 13:15:00 | frontend | UP | 200 | 28ms
2026-10-04 13:15:01 | appwrite | UP | 200 | 280ms
2026-10-04 13:15:02 | r2-media | UP | 5/5 | 150ms | worst=336ms | samples=107,106,108,96,336
2026-10-04 13:15:03 | video-media | UP | 5/5 | 204ms | samples=207,428,120,156,110
----------------------------------------------------------------------------------------------------
2026-10-04 13:20:00 | frontend | UP | 200 | 42ms
2026-10-04 13:20:00 | appwrite | UP | 200 | 354ms
2026-10-04 13:20:01 | r2-media | UP | 5/5 | 91ms | worst=111ms | samples=85,72,108,81,111
2026-10-04 13:20:18 | video-media | UP | 5/5 | 221ms | samples=585,150,102,142,127
----------------------------------------------------------------------------------------------------
2026-10-04 13:25:00 | frontend | UP | 200 | 265ms
2026-10-04 13:25:01 | appwrite | UP | 200 | 952ms
2026-10-04 13:25:02 | r2-media | UP | 5/5 | 137ms | worst=179ms | samples=179,104,130,122,150
2026-10-04 13:25:03 | video-media | UP | 5/5 | 132ms | samples=128,130,107,117,179
----------------------------------------------------------------------------------------------------
2026-10-04 13:30:00 | frontend | UP | 200 | 30ms
2026-10-04 13:30:00 | appwrite | UP | 200 | 330ms
2026-10-04 13:30:01 | r2-media | UP | 5/5 | 110ms | worst=137ms | samples=131,137,84,102,99
2026-10-04 13:30:02 | video-media | UP | 5/5 | 164ms | samples=112,144,211,226,127
----------------------------------------------------------------------------------------------------
2026-10-04 13:35:00 | frontend | UP | 200 | 41ms
2026-10-04 13:35:00 | appwrite | UP | 200 | 394ms
2026-10-04 13:35:01 | r2-media | UP | 5/5 | 114ms | worst=155ms | samples=86,108,113,112,155
2026-10-04 13:35:02 | video-media | UP | 5/5 | 164ms | samples=271,110,202,124,115
----------------------------------------------------------------------------------------------------
2026-10-04 13:40:00 | frontend | UP | 200 | 263ms
2026-10-04 13:40:00 | appwrite | UP | 200 | 270ms
2026-10-04 13:40:01 | r2-media | UP | 5/5 | 162ms | worst=279ms | samples=189,104,279,141,100
2026-10-04 13:40:02 | video-media | UP | 5/5 | 138ms | samples=156,129,117,132,157
----------------------------------------------------------------------------------------------------
2026-10-04 13:45:00 | frontend | UP | 200 | 88ms
2026-10-04 13:45:00 | appwrite | UP | 200 | 213ms
2026-10-04 13:45:01 | r2-media | UP | 5/5 | 160ms | worst=277ms | samples=140,106,64,214,277
2026-10-04 13:45:02 | video-media | UP | 5/5 | 161ms | samples=166,166,209,130,137
----------------------------------------------------------------------------------------------------
2026-10-04 13:50:00 | frontend | UP | 200 | 27ms
2026-10-04 13:50:00 | appwrite | UP | 200 | 228ms
2026-10-04 13:50:01 | r2-media | UP | 5/5 | 110ms | worst=156ms | samples=156,99,77,128,91
2026-10-04 13:50:02 | video-media | UP | 5/5 | 136ms | samples=123,126,128,140,167
----------------------------------------------------------------------------------------------------
2026-10-04 13:55:00 | frontend | UP | 200 | 264ms
2026-10-04 13:55:00 | appwrite | UP | 200 | 207ms
2026-10-04 13:55:01 | r2-media | UP | 5/5 | 126ms | worst=242ms | samples=242,87,118,119,66
2026-10-04 13:55:02 | video-media | UP | 5/5 | 123ms | samples=135,103,136,117,124
----------------------------------------------------------------------------------------------------
====================================================================================================
2026-10-04 14:00:00 | frontend | UP | 200 | 40ms
2026-10-04 14:00:01 | appwrite | UP | 200 | 357ms
2026-10-04 14:00:02 | r2-media | UP | 5/5 | 159ms | worst=282ms | samples=282,120,100,188,108
2026-10-04 14:00:03 | video-media | UP | 5/5 | 149ms | samples=166,97,131,210,141
----------------------------------------------------------------------------------------------------
2026-10-04 14:05:00 | frontend | UP | 200 | 26ms
2026-10-04 14:05:00 | appwrite | UP | 200 | 144ms
2026-10-04 14:05:01 | r2-media | UP | 5/5 | 108ms | worst=118ms | samples=114,114,118,107,91
2026-10-04 14:05:01 | video-media | UP | 5/5 | 147ms | samples=104,135,141,202,156
----------------------------------------------------------------------------------------------------
2026-10-04 14:10:00 | frontend | UP | 200 | 269ms
2026-10-04 14:10:00 | appwrite | UP | 200 | 216ms
2026-10-04 14:10:01 | r2-media | UP | 5/5 | 161ms | worst=312ms | samples=312,129,123,148,93
2026-10-04 14:10:03 | video-media | UP | 5/5 | 193ms | samples=177,125,169,273,225
----------------------------------------------------------------------------------------------------
2026-10-04 14:15:00 | frontend | UP | 200 | 27ms
2026-10-04 14:15:01 | appwrite | UP | 200 | 290ms
2026-10-04 14:15:02 | r2-media | UP | 5/5 | 215ms | worst=481ms | samples=316,99,92,481,89
2026-10-04 14:15:03 | video-media | UP | 5/5 | 158ms | samples=194,216,119,143,120
----------------------------------------------------------------------------------------------------
2026-10-04 14:20:00 | frontend | UP | 200 | 265ms
2026-10-04 14:20:01 | appwrite | UP | 200 | 196ms
2026-10-04 14:20:01 | r2-media | UP | 5/5 | 131ms | worst=265ms | samples=91,100,97,265,105
2026-10-04 14:20:03 | video-media | UP | 5/5 | 187ms | samples=160,119,124,294,240
----------------------------------------------------------------------------------------------------
2026-10-04 14:25:00 | frontend | UP | 200 | 53ms
2026-10-04 14:25:00 | appwrite | UP | 200 | 351ms
2026-10-04 14:25:01 | r2-media | UP | 5/5 | 107ms | worst=120ms | samples=120,106,106,109,94
2026-10-04 14:25:19 | video-media | UP | 5/5 | 145ms | samples=155,109,123,108,233
----------------------------------------------------------------------------------------------------
2026-10-04 14:30:00 | frontend | UP | 200 | 27ms
2026-10-04 14:30:01 | appwrite | UP | 200 | 227ms
2026-10-04 14:30:01 | r2-media | UP | 5/5 | 144ms | worst=278ms | samples=278,101,112,103,130
2026-10-04 14:30:02 | video-media | UP | 5/5 | 151ms | samples=169,193,139,125,131
----------------------------------------------------------------------------------------------------
2026-10-04 14:35:01 | frontend | UP | 200 | 260ms
2026-10-04 14:35:01 | appwrite | UP | 200 | 241ms
2026-10-04 14:35:02 | r2-media | UP | 5/5 | 137ms | worst=240ms | samples=240,145,89,101,113
2026-10-04 14:35:03 | video-media | UP | 5/5 | 122ms | samples=117,114,119,122,141
----------------------------------------------------------------------------------------------------
2026-10-04 14:40:00 | frontend | UP | 200 | 25ms
2026-10-04 14:40:00 | appwrite | UP | 200 | 254ms
2026-10-04 14:40:01 | r2-media | UP | 5/5 | 124ms | worst=209ms | samples=98,128,89,97,209
2026-10-04 14:40:02 | video-media | UP | 5/5 | 142ms | samples=237,110,148,128,90
----------------------------------------------------------------------------------------------------
2026-10-04 14:45:00 | frontend | UP | 200 | 79ms
2026-10-04 14:45:01 | appwrite | UP | 200 | 282ms
2026-10-04 14:45:02 | r2-media | UP | 5/5 | 138ms | worst=200ms | samples=200,190,132,81,89
2026-10-04 14:45:03 | video-media | UP | 5/5 | 142ms | samples=169,128,137,155,121
----------------------------------------------------------------------------------------------------
2026-10-04 14:50:01 | frontend | UP | 200 | 273ms
2026-10-04 14:50:01 | appwrite | UP | 200 | 213ms
2026-10-04 14:50:02 | r2-media | UP | 5/5 | 144ms | worst=266ms | samples=90,266,185,87,94
2026-10-04 14:50:03 | video-media | UP | 5/5 | 156ms | samples=146,330,115,101,89
----------------------------------------------------------------------------------------------------
2026-10-04 14:55:00 | frontend | UP | 200 | 31ms
2026-10-04 14:55:01 | appwrite | UP | 200 | 270ms
2026-10-04 14:55:02 | r2-media | UP | 5/5 | 169ms | worst=245ms | samples=116,153,123,245,209
2026-10-04 14:55:02 | video-media | UP | 5/5 | 112ms | samples=114,117,91,139,100
----------------------------------------------------------------------------------------------------
====================================================================================================
2026-10-04 15:00:00 | frontend | UP | 200 | 28ms
2026-10-04 15:00:01 | appwrite | UP | 200 | 297ms
2026-10-04 15:00:02 | r2-media | UP | 5/5 | 160ms | worst=271ms | samples=154,95,126,156,271
2026-10-04 15:00:03 | video-media | UP | 5/5 | 167ms | samples=110,316,144,143,122
----------------------------------------------------------------------------------------------------
2026-10-04 15:05:00 | frontend | UP | 200 | 268ms
2026-10-04 15:05:00 | appwrite | UP | 200 | 443ms
2026-10-04 15:05:01 | r2-media | UP | 5/5 | 116ms | worst=209ms | samples=209,107,101,74,89
2026-10-04 15:05:02 | video-media | UP | 5/5 | 158ms | samples=157,114,140,142,239
----------------------------------------------------------------------------------------------------
2026-10-04 15:10:00 | frontend | UP | 200 | 148ms
2026-10-04 15:10:01 | appwrite | UP | 200 | 201ms
2026-10-04 15:10:02 | r2-media | UP | 5/5 | 153ms | worst=245ms | samples=245,93,101,213,113
2026-10-04 15:10:03 | video-media | UP | 5/5 | 188ms | samples=110,137,408,163,125
----------------------------------------------------------------------------------------------------
2026-10-04 15:15:00 | frontend | UP | 200 | 32ms
2026-10-04 15:15:00 | appwrite | UP | 200 | 279ms
2026-10-04 15:15:01 | r2-media | UP | 5/5 | 98ms | worst=116ms | samples=100,94,91,90,116
2026-10-04 15:15:02 | video-media | UP | 5/5 | 135ms | samples=175,165,94,129,116
----------------------------------------------------------------------------------------------------
2026-10-04 15:20:01 | frontend | UP | 200 | 274ms
2026-10-04 15:20:01 | appwrite | UP | 200 | 138ms
2026-10-04 15:20:01 | r2-media | UP | 5/5 | 138ms | worst=242ms | samples=242,106,161,97,88
2026-10-04 15:20:03 | video-media | UP | 5/5 | 164ms | samples=288,113,214,96,109
----------------------------------------------------------------------------------------------------
2026-10-04 15:25:00 | frontend | UP | 200 | 28ms
2026-10-04 15:25:00 | appwrite | UP | 200 | 280ms
2026-10-04 15:25:01 | r2-media | UP | 5/5 | 198ms | worst=638ms | samples=82,101,97,75,638
2026-10-04 15:25:02 | video-media | UP | 5/5 | 139ms | samples=108,119,162,161,149
----------------------------------------------------------------------------------------------------
2026-10-04 15:30:00 | frontend | UP | 200 | 29ms
2026-10-04 15:30:01 | appwrite | UP | 200 | 289ms
2026-10-04 15:30:01 | r2-media | UP | 5/5 | 152ms | worst=241ms | samples=188,86,109,241,140
2026-10-04 15:30:20 | video-media | UP | 5/5 | 115ms | samples=166,119,101,94,95
----------------------------------------------------------------------------------------------------
2026-10-04 15:35:00 | frontend | UP | 200 | 268ms
2026-10-04 15:35:00 | appwrite | UP | 200 | 140ms
2026-10-04 15:35:01 | r2-media | UP | 5/5 | 220ms | worst=565ms | samples=73,117,259,565,89
2026-10-04 15:35:02 | video-media | UP | 5/5 | 127ms | samples=121,154,129,112,121
----------------------------------------------------------------------------------------------------
2026-10-04 15:40:00 | frontend | UP | 200 | 27ms
2026-10-04 15:40:01 | appwrite | UP | 200 | 431ms
2026-10-04 15:40:02 | r2-media | UP | 5/5 | 158ms | worst=224ms | samples=224,217,120,116,113
2026-10-04 15:40:03 | video-media | UP | 5/5 | 166ms | samples=211,121,274,105,119
----------------------------------------------------------------------------------------------------
2026-10-04 15:45:01 | frontend | UP | 200 | 290ms
2026-10-04 15:45:01 | appwrite | UP | 200 | 318ms
2026-10-04 15:45:02 | r2-media | UP | 5/5 | 152ms | worst=232ms | samples=118,125,195,232,94
2026-10-04 15:45:03 | video-media | UP | 5/5 | 217ms | samples=227,459,138,150,113
----------------------------------------------------------------------------------------------------
2026-10-04 15:50:01 | frontend | UP | 200 | 28ms
2026-10-04 15:50:01 | appwrite | UP | 200 | 224ms
2026-10-04 15:50:02 | r2-media | UP | 5/5 | 204ms | worst=457ms | samples=114,457,199,169,82
2026-10-04 15:50:03 | video-media | UP | 5/5 | 130ms | samples=159,135,115,119,125
----------------------------------------------------------------------------------------------------
2026-10-04 15:55:00 | frontend | UP | 200 | 27ms
2026-10-04 15:55:00 | appwrite | UP | 200 | 213ms
2026-10-04 15:55:01 | r2-media | UP | 5/5 | 99ms | worst=114ms | samples=97,100,88,114,100
2026-10-04 15:55:02 | video-media | UP | 5/5 | 121ms | samples=138,123,107,123,114
----------------------------------------------------------------------------------------------------
====================================================================================================
2026-10-04 16:00:00 | frontend | UP | 200 | 268ms
2026-10-04 16:00:01 | appwrite | UP | 200 | 377ms
2026-10-04 16:00:02 | r2-media | UP | 5/5 | 254ms | worst=506ms | samples=182,124,159,506,303
2026-10-04 16:00:03 | video-media | UP | 5/5 | 160ms | samples=218,112,190,129,152
----------------------------------------------------------------------------------------------------
2026-10-04 16:05:00 | frontend | UP | 200 | 27ms
2026-10-04 16:05:00 | appwrite | UP | 200 | 343ms
2026-10-04 16:05:02 | r2-media | UP | 5/5 | 178ms | worst=354ms | samples=207,93,133,354,106
2026-10-04 16:05:03 | video-media | UP | 5/5 | 174ms | samples=336,112,140,122,162
----------------------------------------------------------------------------------------------------
2026-10-04 16:10:00 | frontend | UP | 200 | 27ms
2026-10-04 16:10:00 | appwrite | UP | 200 | 195ms
2026-10-04 16:10:01 | r2-media | UP | 5/5 | 97ms | worst=105ms | samples=99,105,87,92,104
2026-10-04 16:10:02 | video-media | UP | 5/5 | 158ms | samples=122,177,167,111,215
----------------------------------------------------------------------------------------------------
2026-10-04 16:15:00 | frontend | UP | 200 | 413ms
2026-10-04 16:15:01 | appwrite | UP | 200 | 212ms
2026-10-04 16:15:01 | r2-media | UP | 5/5 | 126ms | worst=175ms | samples=175,117,147,93,98
2026-10-04 16:15:02 | video-media | UP | 5/5 | 178ms | samples=158,107,241,139,245
----------------------------------------------------------------------------------------------------
2026-10-04 16:20:00 | frontend | UP | 200 | 37ms
2026-10-04 16:20:00 | appwrite | UP | 200 | 335ms
2026-10-04 16:20:01 | r2-media | UP | 5/5 | 152ms | worst=325ms | samples=175,325,104,68,92
2026-10-04 16:20:02 | video-media | UP | 5/5 | 124ms | samples=103,132,113,137,135
----------------------------------------------------------------------------------------------------
2026-10-04 16:25:01 | frontend | UP | 200 | 268ms
2026-10-04 16:25:01 | appwrite | UP | 200 | 276ms
2026-10-04 16:25:02 | r2-media | UP | 5/5 | 138ms | worst=280ms | samples=280,102,90,82,138
2026-10-04 16:25:03 | video-media | UP | 5/5 | 124ms | samples=180,160,124,77,82
----------------------------------------------------------------------------------------------------
2026-10-04 16:30:00 | frontend | UP | 200 | 28ms
2026-10-04 16:30:00 | appwrite | UP | 200 | 131ms
2026-10-04 16:30:01 | r2-media | UP | 5/5 | 126ms | worst=196ms | samples=127,95,96,196,117
2026-10-04 16:30:02 | video-media | UP | 5/5 | 145ms | samples=157,132,119,202,116
----------------------------------------------------------------------------------------------------
2026-10-04 16:35:00 | frontend | UP | 200 | 27ms
2026-10-04 16:35:00 | appwrite | UP | 200 | 191ms
2026-10-04 16:35:01 | r2-media | UP | 5/5 | 91ms | worst=101ms | samples=90,98,101,84,83
2026-10-04 16:35:17 | video-media | UP | 5/5 | 110ms | samples=108,114,124,101,106
----------------------------------------------------------------------------------------------------
2026-10-04 16:40:00 | frontend | UP | 200 | 279ms
2026-10-04 16:40:00 | appwrite | UP | 200 | 354ms
2026-10-04 16:40:01 | r2-media | UP | 5/5 | 137ms | worst=251ms | samples=251,73,94,122,147
2026-10-04 16:40:02 | video-media | UP | 5/5 | 131ms | samples=211,118,117,112,100
----------------------------------------------------------------------------------------------------
2026-10-04 16:45:00 | frontend | UP | 200 | 29ms
2026-10-04 16:45:00 | appwrite | UP | 200 | 290ms
2026-10-04 16:45:01 | r2-media | UP | 5/5 | 123ms | worst=209ms | samples=89,104,209,108,105
2026-10-04 16:45:02 | video-media | UP | 5/5 | 151ms | samples=155,223,144,111,124
----------------------------------------------------------------------------------------------------
2026-10-04 16:50:00 | frontend | UP | 200 | 88ms
2026-10-04 16:50:00 | appwrite | UP | 200 | 356ms
2026-10-04 16:50:01 | r2-media | UP | 5/5 | 122ms | worst=210ms | samples=103,108,77,115,210
2026-10-04 16:50:02 | video-media | UP | 5/5 | 148ms | samples=154,93,109,202,185
----------------------------------------------------------------------------------------------------
2026-10-04 16:55:00 | frontend | UP | 200 | 278ms
2026-10-04 16:55:01 | appwrite | UP | 200 | 277ms
2026-10-04 16:55:01 | r2-media | UP | 5/5 | 107ms | worst=177ms | samples=177,86,91,121,64
2026-10-04 16:55:02 | video-media | UP | 5/5 | 145ms | samples=128,123,147,216,114
----------------------------------------------------------------------------------------------------
====================================================================================================
2026-10-04 17:00:01 | frontend | UP | 200 | 43ms
2026-10-04 17:00:01 | appwrite | UP | 200 | 245ms
2026-10-04 17:00:02 | r2-media | UP | 5/5 | 156ms | worst=301ms | samples=301,121,103,112,146
2026-10-04 17:00:06 | video-media | UP | 5/5 | 792ms | samples=167,165,3290,131,211
----------------------------------------------------------------------------------------------------
2026-10-04 17:05:00 | frontend | UP | 200 | 30ms
2026-10-04 17:05:00 | appwrite | UP | 200 | 338ms
2026-10-04 17:05:01 | r2-media | UP | 5/5 | 145ms | worst=237ms | samples=120,237,86,98,187
2026-10-04 17:05:02 | video-media | UP | 5/5 | 141ms | samples=119,117,119,180,173
----------------------------------------------------------------------------------------------------
2026-10-04 17:10:00 | frontend | UP | 200 | 265ms
2026-10-04 17:10:00 | appwrite | UP | 200 | 327ms
2026-10-04 17:10:01 | r2-media | UP | 5/5 | 129ms | worst=242ms | samples=242,101,107,92,106
2026-10-04 17:10:02 | video-media | UP | 5/5 | 144ms | samples=140,169,184,107,123
----------------------------------------------------------------------------------------------------
2026-10-04 17:15:01 | frontend | UP | 200 | 101ms
2026-10-04 17:15:01 | appwrite | UP | 200 | 289ms
2026-10-04 17:15:02 | r2-media | UP | 5/5 | 125ms | worst=202ms | samples=202,81,91,152,102
2026-10-04 17:15:03 | video-media | UP | 5/5 | 187ms | samples=344,121,245,104,125
----------------------------------------------------------------------------------------------------
2026-10-04 17:20:00 | frontend | UP | 200 | 30ms
2026-10-04 17:20:00 | appwrite | UP | 200 | 374ms
2026-10-04 17:20:01 | r2-media | UP | 5/5 | 90ms | worst=100ms | samples=87,98,100,85,81
2026-10-04 17:20:02 | video-media | UP | 5/5 | 121ms | samples=164,98,125,112,108
----------------------------------------------------------------------------------------------------
2026-10-04 17:25:00 | frontend | UP | 200 | 285ms
2026-10-04 17:25:00 | appwrite | UP | 200 | 196ms
2026-10-04 17:25:01 | r2-media | UP | 5/5 | 112ms | worst=166ms | samples=166,80,101,96,118
2026-10-04 17:25:02 | video-media | UP | 5/5 | 139ms | samples=171,132,134,140,122
----------------------------------------------------------------------------------------------------
2026-10-04 17:30:00 | frontend | UP | 200 | 27ms
2026-10-04 17:30:01 | appwrite | UP | 200 | 130ms
2026-10-04 17:30:01 | r2-media | UP | 5/5 | 134ms | worst=285ms | samples=285,87,124,93,84
2026-10-04 17:30:02 | video-media | UP | 5/5 | 131ms | samples=179,98,180,85,117
----------------------------------------------------------------------------------------------------
2026-10-04 17:35:00 | frontend | UP | 200 | 30ms
2026-10-04 17:35:00 | appwrite | UP | 200 | 197ms
2026-10-04 17:35:00 | r2-media | UP | 5/5 | 84ms | worst=96ms | samples=80,86,96,91,71
2026-10-04 17:35:01 | video-media | UP | 5/5 | 120ms | samples=142,129,124,95,114
----------------------------------------------------------------------------------------------------
2026-10-04 17:40:00 | frontend | UP | 200 | 276ms
2026-10-04 17:40:01 | appwrite | UP | 200 | 334ms
2026-10-04 17:40:02 | r2-media | UP | 5/5 | 123ms | worst=229ms | samples=229,114,102,82,91
2026-10-04 17:40:20 | video-media | UP | 5/5 | 124ms | samples=189,86,132,108,105
----------------------------------------------------------------------------------------------------
2026-10-04 17:45:00 | frontend | UP | 200 | 26ms
2026-10-04 17:45:00 | appwrite | UP | 200 | 202ms
2026-10-04 17:45:01 | r2-media | UP | 5/5 | 92ms | worst=109ms | samples=86,94,77,109,96
2026-10-04 17:45:02 | video-media | UP | 5/5 | 108ms | samples=95,118,121,98,111
----------------------------------------------------------------------------------------------------
2026-10-04 17:50:00 | frontend | UP | 200 | 172ms
2026-10-04 17:50:00 | appwrite | UP | 200 | 115ms
2026-10-04 17:50:01 | r2-media | UP | 5/5 | 99ms | worst=119ms | samples=119,93,89,80,114
2026-10-04 17:50:01 | video-media | UP | 5/5 | 107ms | samples=115,88,107,116,113
----------------------------------------------------------------------------------------------------
2026-10-04 17:55:00 | frontend | UP | 200 | 280ms
2026-10-04 17:55:01 | appwrite | UP | 200 | 346ms
2026-10-04 17:55:01 | r2-media | UP | 5/5 | 117ms | worst=219ms | samples=219,119,76,106,68
2026-10-04 17:55:02 | video-media | UP | 5/5 | 143ms | samples=207,160,112,134,104
----------------------------------------------------------------------------------------------------
====================================================================================================
2026-10-04 18:00:01 | frontend | UP | 200 | 35ms
2026-10-04 18:00:01 | appwrite | UP | 200 | 158ms
2026-10-04 18:00:02 | r2-media | UP | 5/5 | 148ms | worst=269ms | samples=269,157,95,95,125
2026-10-04 18:00:03 | video-media | UP | 5/5 | 163ms | samples=250,120,97,137,211
----------------------------------------------------------------------------------------------------
2026-10-04 18:05:00 | frontend | UP | 200 | 30ms
2026-10-04 18:05:00 | appwrite | UP | 200 | 341ms
2026-10-04 18:05:01 | r2-media | UP | 5/5 | 158ms | worst=360ms | samples=98,156,82,95,360
2026-10-04 18:05:02 | video-media | UP | 5/5 | 117ms | samples=123,125,121,110,110
----------------------------------------------------------------------------------------------------
2026-10-04 18:10:00 | frontend | UP | 200 | 264ms
2026-10-04 18:10:00 | appwrite | UP | 200 | 122ms
2026-10-04 18:10:01 | r2-media | UP | 5/5 | 144ms | worst=305ms | samples=305,111,89,126,90
2026-10-04 18:10:02 | video-media | UP | 5/5 | 118ms | samples=113,125,128,132,95
----------------------------------------------------------------------------------------------------
2026-10-04 18:15:00 | frontend | UP | 200 | 39ms
2026-10-04 18:15:01 | appwrite | UP | 200 | 353ms
2026-10-04 18:15:01 | r2-media | UP | 5/5 | 142ms | worst=183ms | samples=183,119,180,116,113
2026-10-04 18:15:02 | video-media | UP | 5/5 | 142ms | samples=208,141,130,119,113
----------------------------------------------------------------------------------------------------
2026-10-04 18:20:00 | frontend | UP | 200 | 135ms
2026-10-04 18:20:00 | appwrite | UP | 200 | 277ms
2026-10-04 18:20:01 | r2-media | UP | 5/5 | 117ms | worst=148ms | samples=106,87,148,148,96
2026-10-04 18:20:02 | video-media | UP | 5/5 | 192ms | samples=159,376,128,153,147
----------------------------------------------------------------------------------------------------
2026-10-04 18:25:00 | frontend | UP | 200 | 281ms
2026-10-04 18:25:01 | appwrite | UP | 200 | 331ms
2026-10-04 18:25:01 | r2-media | UP | 5/5 | 126ms | worst=180ms | samples=180,141,118,107,86
2026-10-04 18:25:02 | video-media | UP | 5/5 | 126ms | samples=140,141,107,115,131
----------------------------------------------------------------------------------------------------
2026-10-04 18:30:00 | frontend | UP | 200 | 26ms
2026-10-04 18:30:01 | appwrite | UP | 200 | 287ms
2026-10-04 18:30:01 | r2-media | UP | 5/5 | 104ms | worst=116ms | samples=104,106,87,110,116
2026-10-04 18:30:02 | video-media | UP | 5/5 | 140ms | samples=167,135,169,109,121
----------------------------------------------------------------------------------------------------
2026-10-04 18:35:00 | frontend | UP | 200 | 27ms
2026-10-04 18:35:00 | appwrite | UP | 200 | 276ms
2026-10-04 18:35:01 | r2-media | UP | 5/5 | 99ms | worst=127ms | samples=127,83,97,84,106
2026-10-04 18:35:02 | video-media | UP | 5/5 | 112ms | samples=134,110,108,107,103
----------------------------------------------------------------------------------------------------
2026-10-04 18:40:00 | frontend | UP | 200 | 275ms
2026-10-04 18:40:00 | appwrite | UP | 200 | 269ms
2026-10-04 18:40:01 | r2-media | UP | 5/5 | 148ms | worst=236ms | samples=236,224,88,72,124
2026-10-04 18:40:02 | video-media | UP | 5/5 | 137ms | samples=154,159,123,128,121
----------------------------------------------------------------------------------------------------
2026-10-04 18:45:01 | frontend | UP | 200 | 38ms
2026-10-04 18:45:01 | appwrite | UP | 200 | 388ms
2026-10-04 18:45:02 | r2-media | UP | 5/5 | 191ms | worst=568ms | samples=568,80,114,97,97
2026-10-04 18:45:16 | video-media | UP | 5/5 | 124ms | samples=225,100,106,105,86
----------------------------------------------------------------------------------------------------
2026-10-04 18:50:01 | frontend | UP | 200 | 280ms
2026-10-04 18:50:01 | appwrite | UP | 200 | 441ms
2026-10-04 18:50:02 | r2-media | UP | 5/5 | 145ms | worst=392ms | samples=392,93,95,73,76
2026-10-04 18:50:03 | video-media | UP | 5/5 | 123ms | samples=119,110,127,141,122
----------------------------------------------------------------------------------------------------
2026-10-04 18:55:00 | frontend | UP | 200 | 28ms
2026-10-04 18:55:00 | appwrite | UP | 200 | 274ms
2026-10-04 18:55:01 | r2-media | UP | 5/5 | 94ms | worst=110ms | samples=104,95,75,87,110
2026-10-04 18:55:02 | video-media | UP | 5/5 | 123ms | samples=147,124,106,110,130
----------------------------------------------------------------------------------------------------
====================================================================================================
2026-10-04 19:00:00 | frontend | UP | 200 | 28ms
2026-10-04 19:00:00 | appwrite | UP | 200 | 263ms
2026-10-04 19:00:01 | r2-media | UP | 5/5 | 166ms | worst=331ms | samples=331,161,122,112,107
2026-10-04 19:00:02 | video-media | UP | 5/5 | 186ms | samples=249,126,281,110,166
----------------------------------------------------------------------------------------------------
2026-10-04 19:05:00 | frontend | UP | 200 | 268ms
2026-10-04 19:05:01 | appwrite | UP | 200 | 213ms
2026-10-04 19:05:02 | r2-media | UP | 5/5 | 164ms | worst=280ms | samples=280,90,128,110,214
2026-10-04 19:05:03 | video-media | UP | 5/5 | 138ms | samples=191,120,140,132,108
----------------------------------------------------------------------------------------------------
2026-10-04 19:10:01 | frontend | UP | 200 | 33ms
2026-10-04 19:10:01 | appwrite | UP | 200 | 200ms
2026-10-04 19:10:02 | r2-media | UP | 5/5 | 165ms | worst=274ms | samples=274,125,232,85,109
2026-10-04 19:10:03 | video-media | UP | 5/5 | 243ms | samples=413,102,167,406,130
----------------------------------------------------------------------------------------------------
2026-10-04 19:15:00 | frontend | UP | 200 | 27ms
2026-10-04 19:15:00 | appwrite | UP | 200 | 251ms
2026-10-04 19:15:01 | r2-media | UP | 5/5 | 93ms | worst=112ms | samples=97,105,65,86,112
2026-10-04 19:15:05 | video-media | UP | 5/5 | 783ms | samples=157,133,136,3275,216
----------------------------------------------------------------------------------------------------
2026-10-04 19:20:01 | frontend | UP | 200 | 317ms
2026-10-04 19:20:01 | appwrite | UP | 200 | 297ms
2026-10-04 19:20:02 | r2-media | UP | 5/5 | 137ms | worst=262ms | samples=262,94,72,141,117
2026-10-04 19:20:03 | video-media | UP | 5/5 | 156ms | samples=120,163,210,158,130
----------------------------------------------------------------------------------------------------
2026-10-04 19:25:00 | frontend | UP | 200 | 28ms
2026-10-04 19:25:01 | appwrite | UP | 200 | 201ms
2026-10-04 19:25:01 | r2-media | UP | 5/5 | 99ms | worst=133ms | samples=85,106,73,133,99
2026-10-04 19:25:02 | video-media | UP | 5/5 | 131ms | samples=144,163,115,122,114
----------------------------------------------------------------------------------------------------
2026-10-04 19:30:01 | frontend | UP | 200 | 281ms
2026-10-04 19:30:01 | appwrite | UP | 200 | 192ms
2026-10-04 19:30:02 | r2-media | UP | 5/5 | 153ms | worst=229ms | samples=229,110,123,121,185
2026-10-04 19:30:03 | video-media | UP | 5/5 | 142ms | samples=153,167,124,154,115
----------------------------------------------------------------------------------------------------
2026-10-04 19:35:00 | frontend | UP | 200 | 27ms
2026-10-04 19:35:00 | appwrite | UP | 200 | 266ms
2026-10-04 19:35:01 | r2-media | UP | 5/5 | 126ms | worst=213ms | samples=213,104,90,110,113
2026-10-04 19:35:02 | video-media | UP | 5/5 | 139ms | samples=119,126,140,178,133
----------------------------------------------------------------------------------------------------
2026-10-04 19:40:00 | frontend | UP | 200 | 27ms
2026-10-04 19:40:00 | appwrite | UP | 200 | 324ms
2026-10-04 19:40:01 | r2-media | UP | 5/5 | 151ms | worst=247ms | samples=247,103,185,88,134
2026-10-04 19:40:02 | video-media | UP | 5/5 | 193ms | samples=345,131,184,122,187
----------------------------------------------------------------------------------------------------
2026-10-04 19:45:00 | frontend | UP | 200 | 272ms
2026-10-04 19:45:01 | appwrite | UP | 200 | 394ms
2026-10-04 19:45:01 | r2-media | UP | 5/5 | 155ms | worst=232ms | samples=232,170,135,113,129
2026-10-04 19:45:02 | video-media | UP | 5/5 | 127ms | samples=141,122,131,106,135
----------------------------------------------------------------------------------------------------
2026-10-04 19:50:00 | frontend | UP | 200 | 39ms
2026-10-04 19:50:00 | appwrite | UP | 200 | 314ms
2026-10-04 19:50:01 | r2-media | UP | 5/5 | 201ms | worst=348ms | samples=348,348,99,104,106
2026-10-04 19:50:18 | video-media | UP | 5/5 | 124ms | samples=137,121,138,98,127
----------------------------------------------------------------------------------------------------
2026-10-04 19:55:00 | frontend | UP | 200 | 104ms
2026-10-04 19:55:00 | appwrite | UP | 200 | 282ms
2026-10-04 19:55:01 | r2-media | UP | 5/5 | 195ms | worst=365ms | samples=116,99,116,365,282
2026-10-04 19:55:02 | video-media | UP | 5/5 | 149ms | samples=163,167,129,154,134
----------------------------------------------------------------------------------------------------
====================================================================================================
2026-10-04 20:00:00 | frontend | UP | 200 | 301ms
2026-10-04 20:00:01 | appwrite | UP | 200 | 478ms
2026-10-04 20:00:02 | r2-media | UP | 5/5 | 157ms | worst=233ms | samples=95,117,233,214,128
2026-10-04 20:00:03 | video-media | UP | 5/5 | 161ms | samples=176,140,189,189,113
----------------------------------------------------------------------------------------------------
2026-10-04 20:05:00 | frontend | UP | 200 | 31ms
2026-10-04 20:05:01 | appwrite | UP | 200 | 317ms
2026-10-04 20:05:01 | r2-media | UP | 5/5 | 158ms | worst=343ms | samples=139,99,106,107,343
2026-10-04 20:05:04 | video-media | UP | 5/5 | 385ms | samples=1252,233,162,163,117
----------------------------------------------------------------------------------------------------
2026-10-04 20:10:00 | frontend | UP | 200 | 36ms
2026-10-04 20:10:01 | appwrite | UP | 200 | 295ms
2026-10-04 20:10:02 | r2-media | UP | 5/5 | 152ms | worst=216ms | samples=200,109,129,110,216
2026-10-04 20:10:02 | video-media | UP | 5/5 | 140ms | samples=184,135,123,168,92
----------------------------------------------------------------------------------------------------
2026-10-04 20:15:00 | frontend | UP | 200 | 282ms
2026-10-04 20:15:01 | appwrite | UP | 200 | 227ms
2026-10-04 20:15:02 | r2-media | UP | 5/5 | 163ms | worst=296ms | samples=117,296,194,87,123
2026-10-04 20:15:03 | video-media | UP | 5/5 | 160ms | samples=175,113,295,94,125
----------------------------------------------------------------------------------------------------
2026-10-04 20:20:00 | frontend | UP | 200 | 26ms
2026-10-04 20:20:00 | appwrite | UP | 200 | 400ms
2026-10-04 20:20:01 | r2-media | UP | 5/5 | 115ms | worst=145ms | samples=96,111,98,145,127
2026-10-04 20:20:03 | video-media | UP | 5/5 | 347ms | samples=896,234,148,178,281
----------------------------------------------------------------------------------------------------
2026-10-04 20:25:00 | frontend | UP | 200 | 106ms
2026-10-04 20:25:00 | appwrite | UP | 200 | 162ms
2026-10-04 20:25:01 | r2-media | UP | 5/5 | 124ms | worst=197ms | samples=159,94,92,78,197
2026-10-04 20:25:02 | video-media | UP | 5/5 | 138ms | samples=121,176,152,118,126
----------------------------------------------------------------------------------------------------
2026-10-04 20:30:00 | frontend | UP | 200 | 263ms
2026-10-04 20:30:00 | appwrite | UP | 200 | 232ms
2026-10-04 20:30:01 | r2-media | UP | 5/5 | 112ms | worst=189ms | samples=189,93,91,95,94
2026-10-04 20:30:02 | video-media | UP | 5/5 | 145ms | samples=125,157,158,128,160
----------------------------------------------------------------------------------------------------
2026-10-04 20:35:00 | frontend | UP | 200 | 36ms
2026-10-04 20:35:00 | appwrite | UP | 200 | 196ms
2026-10-04 20:35:01 | r2-media | UP | 5/5 | 149ms | worst=243ms | samples=243,141,116,127,119
2026-10-04 20:35:02 | video-media | UP | 5/5 | 177ms | samples=338,97,197,148,108
----------------------------------------------------------------------------------------------------
2026-10-04 20:40:01 | frontend | UP | 200 | 278ms
2026-10-04 20:40:01 | appwrite | UP | 200 | 89ms
2026-10-04 20:40:02 | r2-media | UP | 5/5 | 135ms | worst=267ms | samples=267,98,94,106,111
2026-10-04 20:40:03 | video-media | UP | 5/5 | 196ms | samples=234,252,128,260,109
----------------------------------------------------------------------------------------------------
2026-10-04 20:45:00 | frontend | UP | 200 | 25ms
2026-10-04 20:45:01 | appwrite | UP | 200 | 339ms
2026-10-04 20:45:02 | r2-media | UP | 5/5 | 241ms | worst=520ms | samples=128,125,520,315,119
2026-10-04 20:45:03 | video-media | UP | 5/5 | 207ms | samples=277,160,146,328,128
----------------------------------------------------------------------------------------------------
2026-10-04 20:50:00 | frontend | UP | 200 | 28ms
2026-10-04 20:50:01 | appwrite | UP | 200 | 285ms
2026-10-04 20:50:01 | r2-media | UP | 5/5 | 106ms | worst=127ms | samples=107,127,106,102,91
2026-10-04 20:50:03 | video-media | UP | 5/5 | 212ms | samples=138,241,151,239,295
----------------------------------------------------------------------------------------------------
2026-10-04 20:55:00 | frontend | UP | 200 | 280ms
2026-10-04 20:55:00 | appwrite | UP | 200 | 418ms
2026-10-04 20:55:01 | r2-media | UP | 5/5 | 133ms | worst=183ms | samples=183,92,151,137,103
2026-10-04 20:55:15 | video-media | UP | 5/5 | 135ms | samples=141,115,158,106,157
----------------------------------------------------------------------------------------------------
====================================================================================================
2026-10-04 21:00:00 | frontend | UP | 200 | 84ms
2026-10-04 21:00:00 | appwrite | UP | 200 | 206ms
2026-10-04 21:00:01 | r2-media | UP | 5/5 | 136ms | worst=243ms | samples=243,104,98,134,105
2026-10-04 21:00:02 | video-media | UP | 5/5 | 176ms | samples=195,183,166,151,188
----------------------------------------------------------------------------------------------------
2026-10-04 21:05:01 | frontend | UP | 200 | 324ms
2026-10-04 21:05:01 | appwrite | UP | 200 | 321ms
2026-10-04 21:05:02 | r2-media | UP | 5/5 | 147ms | worst=202ms | samples=202,127,172,146,90
2026-10-04 21:05:04 | video-media | UP | 5/5 | 442ms | samples=146,993,304,514,257
----------------------------------------------------------------------------------------------------
2026-10-04 21:10:01 | frontend | UP | 200 | 44ms
2026-10-04 21:10:01 | appwrite | UP | 200 | 450ms
2026-10-04 21:10:02 | r2-media | UP | 5/5 | 170ms | worst=287ms | samples=119,214,287,117,115
2026-10-04 21:10:03 | video-media | UP | 5/5 | 179ms | samples=150,132,137,147,331
----------------------------------------------------------------------------------------------------
2026-10-04 21:15:00 | frontend | UP | 200 | 28ms
2026-10-04 21:15:00 | appwrite | UP | 200 | 269ms
2026-10-04 21:15:01 | r2-media | UP | 5/5 | 94ms | worst=107ms | samples=96,97,71,101,107
2026-10-04 21:15:02 | video-media | UP | 5/5 | 217ms | samples=289,207,174,111,304
----------------------------------------------------------------------------------------------------
2026-10-04 21:20:00 | frontend | UP | 200 | 271ms
2026-10-04 21:20:01 | appwrite | UP | 200 | 201ms
2026-10-04 21:20:01 | r2-media | UP | 5/5 | 131ms | worst=230ms | samples=230,95,96,120,116
2026-10-04 21:20:04 | video-media | UP | 5/5 | 543ms | samples=149,2065,119,259,124
----------------------------------------------------------------------------------------------------
2026-10-04 21:25:00 | frontend | UP | 200 | 155ms
2026-10-04 21:25:01 | appwrite | UP | 200 | 270ms
2026-10-04 21:25:02 | r2-media | UP | 5/5 | 202ms | worst=372ms | samples=250,372,94,140,154
2026-10-04 21:25:04 | video-media | UP | 5/5 | 326ms | samples=1083,134,117,151,145
----------------------------------------------------------------------------------------------------
2026-10-04 21:30:00 | frontend | UP | 200 | 29ms
2026-10-04 21:30:00 | appwrite | UP | 200 | 177ms
2026-10-04 21:30:01 | r2-media | UP | 5/5 | 118ms | worst=134ms | samples=123,105,114,116,134
2026-10-04 21:30:03 | video-media | UP | 5/5 | 241ms | samples=292,303,158,300,155
----------------------------------------------------------------------------------------------------
2026-10-04 21:35:00 | frontend | UP | 200 | 286ms
2026-10-04 21:35:01 | appwrite | UP | 200 | 298ms
2026-10-04 21:35:02 | r2-media | UP | 5/5 | 133ms | worst=174ms | samples=151,133,93,174,115
2026-10-04 21:35:03 | video-media | UP | 5/5 | 242ms | samples=163,122,123,537,265
----------------------------------------------------------------------------------------------------
2026-10-04 21:40:00 | frontend | UP | 200 | 33ms
2026-10-04 21:40:01 | appwrite | UP | 200 | 293ms
2026-10-04 21:40:01 | r2-media | UP | 5/5 | 148ms | worst=200ms | samples=200,188,125,120,107
2026-10-04 21:40:03 | video-media | UP | 5/5 | 232ms | samples=162,297,139,275,290
----------------------------------------------------------------------------------------------------
2026-10-04 21:45:00 | frontend | UP | 200 | 27ms
2026-10-04 21:45:01 | appwrite | UP | 200 | 334ms
2026-10-04 21:45:01 | r2-media | UP | 5/5 | 119ms | worst=179ms | samples=179,83,96,140,97
2026-10-04 21:45:03 | video-media | UP | 5/5 | 177ms | samples=186,152,248,133,170
----------------------------------------------------------------------------------------------------
2026-10-04 21:50:01 | frontend | UP | 200 | 298ms
2026-10-04 21:50:01 | appwrite | UP | 200 | 333ms
2026-10-04 21:50:02 | r2-media | UP | 5/5 | 163ms | worst=354ms | samples=354,125,125,115,97
2026-10-04 21:50:03 | video-media | UP | 5/5 | 233ms | samples=155,439,330,104,137
----------------------------------------------------------------------------------------------------
2026-10-04 21:55:00 | frontend | UP | 200 | 38ms
2026-10-04 21:55:00 | appwrite | UP | 200 | 498ms
2026-10-04 21:55:01 | r2-media | UP | 5/5 | 119ms | worst=242ms | samples=88,242,86,101,80
2026-10-04 21:55:02 | video-media | UP | 5/5 | 151ms | samples=265,126,128,123,117
----------------------------------------------------------------------------------------------------
====================================================================================================
2026-10-04 22:00:00 | frontend | UP | 200 | 27ms
2026-10-04 22:00:00 | appwrite | UP | 200 | 360ms
2026-10-04 22:00:01 | r2-media | UP | 5/5 | 161ms | worst=312ms | samples=312,119,133,148,97
2026-10-04 22:00:20 | video-media | UP | 5/5 | 179ms | samples=376,110,146,145,119
----------------------------------------------------------------------------------------------------
2026-10-04 22:05:00 | frontend | UP | 200 | 290ms
2026-10-04 22:05:01 | appwrite | UP | 200 | 271ms
2026-10-04 22:05:01 | r2-media | UP | 5/5 | 127ms | worst=230ms | samples=230,97,119,93,97
2026-10-04 22:05:02 | video-media | UP | 5/5 | 173ms | samples=247,127,246,133,112
----------------------------------------------------------------------------------------------------
2026-10-04 22:10:00 | frontend | UP | 200 | 27ms
2026-10-04 22:10:00 | appwrite | UP | 200 | 479ms
2026-10-04 22:10:01 | r2-media | UP | 5/5 | 146ms | worst=225ms | samples=149,100,225,153,107
2026-10-04 22:10:02 | video-media | UP | 5/5 | 142ms | samples=173,150,140,115,136
----------------------------------------------------------------------------------------------------
2026-10-04 22:15:00 | frontend | UP | 200 | 29ms
2026-10-04 22:15:00 | appwrite | UP | 200 | 236ms
2026-10-04 22:15:01 | r2-media | UP | 5/5 | 93ms | worst=106ms | samples=103,106,85,81,92
2026-10-04 22:15:02 | video-media | UP | 5/5 | 219ms | samples=491,107,239,133,126
----------------------------------------------------------------------------------------------------
2026-10-04 22:20:00 | frontend | UP | 200 | 290ms
2026-10-04 22:20:00 | appwrite | UP | 200 | 343ms
2026-10-04 22:20:02 | r2-media | UP | 5/5 | 280ms | worst=920ms | samples=119,920,133,116,113
2026-10-04 22:20:03 | video-media | UP | 5/5 | 200ms | samples=139,151,281,275,156
----------------------------------------------------------------------------------------------------
2026-10-04 22:25:00 | frontend | UP | 200 | 24ms
2026-10-04 22:25:01 | appwrite | UP | 200 | 241ms
2026-10-04 22:25:01 | r2-media | UP | 5/5 | 111ms | worst=175ms | samples=175,87,98,102,93
2026-10-04 22:25:02 | video-media | UP | 5/5 | 170ms | samples=148,135,318,134,119
----------------------------------------------------------------------------------------------------
2026-10-04 22:30:01 | frontend | UP | 200 | 281ms
2026-10-04 22:30:01 | appwrite | UP | 200 | 268ms
2026-10-04 22:30:02 | r2-media | UP | 5/5 | 126ms | worst=221ms | samples=221,91,95,107,117
2026-10-04 22:30:03 | video-media | UP | 5/5 | 194ms | samples=135,123,296,149,271
----------------------------------------------------------------------------------------------------
2026-10-04 22:35:00 | frontend | UP | 200 | 28ms
2026-10-04 22:35:00 | appwrite | UP | 200 | 277ms
2026-10-04 22:35:01 | r2-media | UP | 5/5 | 101ms | worst=107ms | samples=102,107,107,91,98
2026-10-04 22:35:02 | video-media | UP | 5/5 | 175ms | samples=217,263,131,138,127
----------------------------------------------------------------------------------------------------
2026-10-04 22:40:00 | frontend | UP | 200 | 41ms
2026-10-04 22:40:00 | appwrite | UP | 200 | 223ms
2026-10-04 22:40:01 | r2-media | UP | 5/5 | 132ms | worst=177ms | samples=177,133,112,113,129
2026-10-04 22:40:02 | video-media | UP | 5/5 | 176ms | samples=196,118,189,275,103
----------------------------------------------------------------------------------------------------
2026-10-04 22:45:00 | frontend | UP | 200 | 269ms
2026-10-04 22:45:00 | appwrite | UP | 200 | 155ms
2026-10-04 22:45:01 | r2-media | UP | 5/5 | 132ms | worst=271ms | samples=118,271,82,96,96
2026-10-04 22:45:02 | video-media | UP | 5/5 | 174ms | samples=263,138,189,163,121
----------------------------------------------------------------------------------------------------
2026-10-04 22:50:01 | frontend | UP | 200 | 28ms
2026-10-04 22:50:01 | appwrite | UP | 200 | 223ms
2026-10-04 22:50:02 | r2-media | UP | 5/5 | 119ms | worst=203ms | samples=203,93,103,91,106
2026-10-04 22:50:02 | video-media | UP | 5/5 | 148ms | samples=214,137,144,119,126
----------------------------------------------------------------------------------------------------
2026-10-04 22:55:01 | frontend | UP | 200 | 264ms
2026-10-04 22:55:01 | appwrite | UP | 200 | 408ms
2026-10-04 22:55:02 | r2-media | UP | 5/5 | 142ms | worst=214ms | samples=214,177,97,101,124
2026-10-04 22:55:03 | video-media | UP | 5/5 | 189ms | samples=273,308,118,103,147
----------------------------------------------------------------------------------------------------
====================================================================================================
2026-10-04 23:00:00 | frontend | UP | 200 | 30ms
2026-10-04 23:00:00 | appwrite | UP | 200 | 276ms
2026-10-04 23:00:02 | r2-media | UP | 5/5 | 277ms | worst=472ms | samples=472,155,153,319,290
2026-10-04 23:00:03 | video-media | UP | 5/5 | 167ms | samples=139,146,241,152,158
----------------------------------------------------------------------------------------------------
2026-10-04 23:05:00 | frontend | UP | 200 | 34ms
2026-10-04 23:05:00 | appwrite | UP | 200 | 308ms
2026-10-04 23:05:01 | r2-media | UP | 5/5 | 111ms | worst=150ms | samples=98,98,150,117,94
2026-10-04 23:05:27 | video-media | UP | 5/5 | 181ms | samples=178,118,125,364,123
----------------------------------------------------------------------------------------------------
2026-10-04 23:10:01 | frontend | UP | 200 | 263ms
2026-10-04 23:10:01 | appwrite | UP | 200 | 365ms
2026-10-04 23:10:02 | r2-media | UP | 5/5 | 153ms | worst=251ms | samples=251,161,152,98,106
2026-10-04 23:10:03 | video-media | UP | 5/5 | 110ms | samples=120,103,119,100,112
----------------------------------------------------------------------------------------------------
2026-10-04 23:15:01 | frontend | UP | 200 | 26ms
2026-10-04 23:15:01 | appwrite | UP | 200 | 133ms
2026-10-04 23:15:02 | r2-media | UP | 5/5 | 161ms | worst=323ms | samples=117,96,93,178,323
2026-10-04 23:15:03 | video-media | UP | 5/5 | 179ms | samples=214,211,141,127,206
----------------------------------------------------------------------------------------------------
2026-10-04 23:20:00 | frontend | UP | 200 | 27ms
2026-10-04 23:20:00 | appwrite | UP | 200 | 279ms
2026-10-04 23:20:01 | r2-media | UP | 5/5 | 138ms | worst=281ms | samples=78,281,114,115,106
2026-10-04 23:20:02 | video-media | UP | 5/5 | 175ms | samples=138,133,163,202,241
----------------------------------------------------------------------------------------------------
2026-10-04 23:25:00 | frontend | UP | 200 | 272ms
2026-10-04 23:25:00 | appwrite | UP | 200 | 217ms
2026-10-04 23:25:01 | r2-media | UP | 5/5 | 147ms | worst=256ms | samples=256,81,196,118,88
2026-10-04 23:25:02 | video-media | UP | 5/5 | 143ms | samples=175,126,134,178,106
----------------------------------------------------------------------------------------------------
2026-10-04 23:30:00 | frontend | UP | 200 | 24ms
2026-10-04 23:30:00 | appwrite | UP | 200 | 271ms
2026-10-04 23:30:01 | r2-media | UP | 5/5 | 176ms | worst=275ms | samples=112,275,273,127,97
2026-10-04 23:30:02 | video-media | UP | 5/5 | 149ms | samples=135,137,146,147,184
----------------------------------------------------------------------------------------------------
2026-10-04 23:35:00 | frontend | UP | 200 | 272ms
2026-10-04 23:35:01 | appwrite | UP | 200 | 404ms
2026-10-04 23:35:02 | r2-media | UP | 5/5 | 201ms | worst=559ms | samples=559,96,112,105,136
2026-10-04 23:35:03 | video-media | UP | 5/5 | 127ms | samples=148,122,136,121,110
----------------------------------------------------------------------------------------------------
2026-10-04 23:40:00 | frontend | UP | 200 | 31ms
2026-10-04 23:40:01 | appwrite | UP | 200 | 285ms
2026-10-04 23:40:01 | r2-media | UP | 5/5 | 132ms | worst=157ms | samples=100,135,157,144,125
2026-10-04 23:40:02 | video-media | UP | 5/5 | 147ms | samples=110,120,115,94,296
----------------------------------------------------------------------------------------------------
2026-10-04 23:45:00 | frontend | UP | 200 | 29ms
2026-10-04 23:45:00 | appwrite | UP | 200 | 264ms
2026-10-04 23:45:01 | r2-media | UP | 5/5 | 107ms | worst=155ms | samples=126,100,64,90,155
2026-10-04 23:45:02 | video-media | UP | 5/5 | 121ms | samples=128,118,83,135,143
----------------------------------------------------------------------------------------------------
2026-10-04 23:50:01 | frontend | UP | 200 | 291ms
2026-10-04 23:50:01 | appwrite | UP | 200 | 273ms
2026-10-04 23:50:02 | r2-media | UP | 5/5 | 114ms | worst=232ms | samples=232,92,97,93,60
2026-10-04 23:50:03 | video-media | UP | 5/5 | 197ms | samples=135,105,105,122,520
----------------------------------------------------------------------------------------------------
2026-10-04 23:55:00 | frontend | UP | 200 | 34ms
2026-10-04 23:55:00 | appwrite | UP | 200 | 192ms
2026-10-04 23:55:01 | r2-media | UP | 5/5 | 115ms | worst=197ms | samples=102,197,111,83,84
2026-10-04 23:55:01 | video-media | UP | 5/5 | 122ms | samples=138,122,114,107,133
----------------------------------------------------------------------------------------------------
====================================================================================================
2026-10-05 00:00:00 | frontend | UP | 200 | 28ms
2026-10-05 00:00:00 | appwrite | UP | 200 | 259ms
2026-10-05 00:00:01 | r2-media | UP | 5/5 | 150ms | worst=271ms | samples=271,88,113,165,116
2026-10-05 00:00:02 | video-media | UP | 5/5 | 171ms | samples=152,172,170,122,240
----------------------------------------------------------------------------------------------------
2026-10-05 00:05:00 | frontend | UP | 200 | 279ms
2026-10-05 00:05:01 | appwrite | UP | 200 | 415ms
2026-10-05 00:05:01 | r2-media | UP | 5/5 | 116ms | worst=178ms | samples=178,96,130,104,75
2026-10-05 00:05:02 | video-media | UP | 5/5 | 132ms | samples=171,105,151,121,113
----------------------------------------------------------------------------------------------------
2026-10-05 00:10:00 | frontend | UP | 200 | 29ms
2026-10-05 00:10:00 | appwrite | UP | 200 | 354ms
2026-10-05 00:10:01 | r2-media | UP | 5/5 | 97ms | worst=118ms | samples=118,92,101,82,95
2026-10-05 00:10:19 | video-media | UP | 5/5 | 107ms | samples=132,103,105,89,110
----------------------------------------------------------------------------------------------------
2026-10-05 00:15:00 | frontend | UP | 200 | 30ms
2026-10-05 00:15:00 | appwrite | UP | 200 | 215ms
2026-10-05 00:15:01 | r2-media | UP | 5/5 | 116ms | worst=239ms | samples=239,94,87,74,86
2026-10-05 00:15:02 | video-media | UP | 5/5 | 106ms | samples=116,115,98,103,102
----------------------------------------------------------------------------------------------------
2026-10-05 00:20:01 | frontend | UP | 200 | 279ms
2026-10-05 00:20:01 | appwrite | UP | 200 | 319ms
2026-10-05 00:20:02 | r2-media | UP | 5/5 | 104ms | worst=190ms | samples=190,75,81,89,89
2026-10-05 00:20:03 | video-media | UP | 5/5 | 131ms | samples=244,99,104,114,95
----------------------------------------------------------------------------------------------------
2026-10-05 00:25:00 | frontend | UP | 200 | 29ms
2026-10-05 00:25:01 | appwrite | UP | 200 | 422ms
2026-10-05 00:25:01 | r2-media | UP | 5/5 | 96ms | worst=133ms | samples=87,89,82,92,133
2026-10-05 00:25:02 | video-media | UP | 5/5 | 160ms | samples=133,150,105,198,216
----------------------------------------------------------------------------------------------------
2026-10-05 00:30:00 | frontend | UP | 200 | 127ms
2026-10-05 00:30:01 | appwrite | UP | 200 | 263ms
2026-10-05 00:30:01 | r2-media | UP | 5/5 | 110ms | worst=169ms | samples=169,87,67,134,95
2026-10-05 00:30:02 | video-media | UP | 5/5 | 124ms | samples=126,134,145,110,105
----------------------------------------------------------------------------------------------------
2026-10-05 00:35:00 | frontend | UP | 200 | 277ms
2026-10-05 00:35:01 | appwrite | UP | 200 | 259ms
2026-10-05 00:35:01 | r2-media | UP | 5/5 | 104ms | worst=178ms | samples=80,58,178,108,97
2026-10-05 00:35:02 | video-media | UP | 5/5 | 115ms | samples=124,108,146,98,102
----------------------------------------------------------------------------------------------------
2026-10-05 00:40:00 | frontend | UP | 200 | 27ms
2026-10-05 00:40:01 | appwrite | UP | 200 | 443ms
2026-10-05 00:40:02 | r2-media | UP | 5/5 | 119ms | worst=205ms | samples=205,69,152,90,81
2026-10-05 00:40:03 | video-media | UP | 5/5 | 107ms | samples=104,105,124,118,88
----------------------------------------------------------------------------------------------------
2026-10-05 00:45:00 | frontend | UP | 200 | 36ms
2026-10-05 00:45:00 | appwrite | UP | 200 | 269ms
2026-10-05 00:45:01 | r2-media | UP | 5/5 | 105ms | worst=211ms | samples=63,98,69,87,211
2026-10-05 00:45:02 | video-media | UP | 5/5 | 103ms | samples=108,120,103,103,84
----------------------------------------------------------------------------------------------------
2026-10-05 00:50:00 | frontend | UP | 200 | 273ms
2026-10-05 00:50:00 | appwrite | UP | 200 | 216ms
2026-10-05 00:50:01 | r2-media | UP | 5/5 | 89ms | worst=122ms | samples=94,77,66,88,122
2026-10-05 00:50:02 | video-media | UP | 5/5 | 101ms | samples=112,96,90,118,92
----------------------------------------------------------------------------------------------------
2026-10-05 00:55:01 | frontend | UP | 200 | 27ms
2026-10-05 00:55:01 | appwrite | UP | 200 | 364ms
2026-10-05 00:55:02 | r2-media | UP | 5/5 | 99ms | worst=157ms | samples=157,88,72,91,91
2026-10-05 00:55:03 | video-media | UP | 5/5 | 207ms | samples=188,155,135,95,465
----------------------------------------------------------------------------------------------------
====================================================================================================
2026-10-05 01:00:01 | frontend | UP | 200 | 262ms
2026-10-05 01:00:01 | appwrite | UP | 200 | 396ms
2026-10-05 01:00:02 | r2-media | UP | 5/5 | 125ms | worst=234ms | samples=234,87,116,100,90
2026-10-05 01:00:03 | video-media | UP | 5/5 | 122ms | samples=200,106,98,98,110
----------------------------------------------------------------------------------------------------
2026-10-05 01:05:00 | frontend | UP | 200 | 29ms
2026-10-05 01:05:00 | appwrite | UP | 200 | 190ms
2026-10-05 01:05:00 | r2-media | UP | 5/5 | 76ms | worst=89ms | samples=86,70,67,89,71
2026-10-05 01:05:01 | video-media | UP | 5/5 | 94ms | samples=104,96,88,85,97
----------------------------------------------------------------------------------------------------
2026-10-05 01:10:01 | frontend | UP | 200 | 77ms
2026-10-05 01:10:01 | appwrite | UP | 200 | 287ms
2026-10-05 01:10:02 | r2-media | UP | 5/5 | 96ms | worst=141ms | samples=141,100,90,82,71
2026-10-05 01:10:02 | video-media | UP | 5/5 | 101ms | samples=114,103,88,112,88
----------------------------------------------------------------------------------------------------
2026-10-05 01:15:00 | frontend | UP | 200 | 281ms
2026-10-05 01:15:01 | appwrite | UP | 200 | 332ms
2026-10-05 01:15:01 | r2-media | UP | 5/5 | 90ms | worst=141ms | samples=65,67,141,98,79
2026-10-05 01:15:14 | video-media | UP | 5/5 | 93ms | samples=97,81,80,91,120
----------------------------------------------------------------------------------------------------
2026-10-05 01:20:00 | frontend | UP | 200 | 27ms
2026-10-05 01:20:00 | appwrite | UP | 200 | 341ms
2026-10-05 01:20:01 | r2-media | UP | 5/5 | 88ms | worst=128ms | samples=80,67,128,72,97
2026-10-05 01:20:01 | video-media | UP | 5/5 | 99ms | samples=97,96,85,107,114
----------------------------------------------------------------------------------------------------
2026-10-05 01:25:00 | frontend | UP | 200 | 30ms
2026-10-05 01:25:00 | appwrite | UP | 200 | 252ms
2026-10-05 01:25:01 | r2-media | UP | 5/5 | 109ms | worst=258ms | samples=258,74,81,66,66
2026-10-05 01:25:02 | video-media | UP | 5/5 | 132ms | samples=177,105,96,168,118
----------------------------------------------------------------------------------------------------
2026-10-05 01:30:00 | frontend | UP | 200 | 263ms
2026-10-05 01:30:01 | appwrite | UP | 200 | 289ms
2026-10-05 01:30:01 | r2-media | UP | 5/5 | 83ms | worst=134ms | samples=134,79,73,65,68
2026-10-05 01:30:02 | video-media | UP | 5/5 | 125ms | samples=193,104,95,127,110
----------------------------------------------------------------------------------------------------
2026-10-05 01:35:00 | frontend | UP | 200 | 113ms
2026-10-05 01:35:00 | appwrite | UP | 200 | 293ms
2026-10-05 01:35:01 | r2-media | UP | 5/5 | 158ms | worst=302ms | samples=226,75,78,110,302
2026-10-05 01:35:02 | video-media | UP | 5/5 | 94ms | samples=87,118,98,75,94
----------------------------------------------------------------------------------------------------
2026-10-05 01:40:00 | frontend | UP | 200 | 51ms
2026-10-05 01:40:00 | appwrite | UP | 200 | 266ms
2026-10-05 01:40:01 | r2-media | UP | 5/5 | 121ms | worst=236ms | samples=111,85,102,72,236
2026-10-05 01:40:02 | video-media | UP | 5/5 | 99ms | samples=96,85,100,129,87
----------------------------------------------------------------------------------------------------
2026-10-05 01:45:00 | frontend | UP | 200 | 266ms
2026-10-05 01:45:00 | appwrite | UP | 200 | 196ms
2026-10-05 01:45:01 | r2-media | UP | 5/5 | 92ms | worst=145ms | samples=145,78,84,68,87
2026-10-05 01:45:02 | video-media | UP | 5/5 | 110ms | samples=106,89,137,120,102
----------------------------------------------------------------------------------------------------
2026-10-05 01:50:00 | frontend | UP | 200 | 42ms
2026-10-05 01:50:00 | appwrite | UP | 200 | 256ms
2026-10-05 01:50:01 | r2-media | UP | 5/5 | 112ms | worst=245ms | samples=100,245,80,77,61
2026-10-05 01:50:02 | video-media | UP | 5/5 | 139ms | samples=181,130,169,124,92
----------------------------------------------------------------------------------------------------
2026-10-05 01:55:00 | frontend | UP | 200 | 31ms
2026-10-05 01:55:00 | appwrite | UP | 200 | 192ms
2026-10-05 01:55:01 | r2-media | UP | 5/5 | 84ms | worst=98ms | samples=85,66,89,98,84
2026-10-05 01:55:01 | video-media | UP | 5/5 | 92ms | samples=89,97,104,80,94
----------------------------------------------------------------------------------------------------
====================================================================================================
2026-10-05 02:00:00 | frontend | UP | 200 | 276ms
2026-10-05 02:00:01 | appwrite | UP | 200 | 608ms
2026-10-05 02:00:02 | r2-media | UP | 5/5 | 99ms | worst=114ms | samples=89,90,114,108,94
2026-10-05 02:00:02 | video-media | UP | 5/5 | 109ms | samples=98,91,158,92,108
----------------------------------------------------------------------------------------------------
2026-10-05 02:05:00 | frontend | UP | 200 | 28ms
2026-10-05 02:05:00 | appwrite | UP | 200 | 331ms
2026-10-05 02:05:01 | r2-media | UP | 5/5 | 81ms | worst=96ms | samples=96,70,92,73,75
2026-10-05 02:05:01 | video-media | UP | 5/5 | 94ms | samples=97,87,87,93,106
----------------------------------------------------------------------------------------------------
2026-10-05 02:10:00 | frontend | UP | 200 | 27ms
2026-10-05 02:10:00 | appwrite | UP | 200 | 241ms
2026-10-05 02:10:01 | r2-media | UP | 5/5 | 100ms | worst=222ms | samples=222,70,77,72,63
2026-10-05 02:10:01 | video-media | UP | 5/5 | 86ms | samples=100,78,91,83,78
----------------------------------------------------------------------------------------------------
2026-10-05 02:15:00 | frontend | UP | 200 | 338ms
2026-10-05 02:15:01 | appwrite | UP | 200 | 275ms
2026-10-05 02:15:02 | r2-media | UP | 5/5 | 139ms | worst=311ms | samples=311,73,90,157,64
2026-10-05 02:15:02 | video-media | UP | 5/5 | 94ms | samples=124,80,105,77,87
----------------------------------------------------------------------------------------------------
2026-10-05 02:20:00 | frontend | UP | 200 | 37ms
2026-10-05 02:20:00 | appwrite | UP | 200 | 295ms
2026-10-05 02:20:01 | r2-media | UP | 5/5 | 86ms | worst=123ms | samples=123,79,75,89,64
2026-10-05 02:20:13 | video-media | UP | 5/5 | 99ms | samples=171,72,80,92,84
----------------------------------------------------------------------------------------------------
2026-10-05 02:25:01 | frontend | UP | 200 | 267ms
2026-10-05 02:25:01 | appwrite | UP | 200 | 274ms
2026-10-05 02:25:02 | r2-media | UP | 5/5 | 193ms | worst=548ms | samples=548,121,129,80,89
2026-10-05 02:25:03 | video-media | UP | 5/5 | 92ms | samples=79,103,87,110,85
----------------------------------------------------------------------------------------------------
2026-10-05 02:30:00 | frontend | UP | 200 | 26ms
2026-10-05 02:30:01 | appwrite | UP | 200 | 261ms
2026-10-05 02:30:01 | r2-media | UP | 5/5 | 84ms | worst=129ms | samples=72,129,75,77,69
2026-10-05 02:30:02 | video-media | UP | 5/5 | 154ms | samples=97,83,448,71,73
----------------------------------------------------------------------------------------------------
2026-10-05 02:35:00 | frontend | UP | 200 | 83ms
2026-10-05 02:35:00 | appwrite | UP | 200 | 267ms
2026-10-05 02:35:01 | r2-media | UP | 5/5 | 86ms | worst=153ms | samples=78,153,72,61,68
2026-10-05 02:35:02 | video-media | UP | 5/5 | 127ms | samples=259,95,94,84,104
----------------------------------------------------------------------------------------------------
2026-10-05 02:40:00 | frontend | UP | 200 | 295ms
2026-10-05 02:40:01 | appwrite | UP | 200 | 346ms
2026-10-05 02:40:01 | r2-media | UP | 5/5 | 78ms | worst=94ms | samples=90,94,72,64,74
2026-10-05 02:40:02 | video-media | UP | 5/5 | 110ms | samples=92,88,101,173,99
----------------------------------------------------------------------------------------------------
2026-10-05 02:45:00 | frontend | UP | 200 | 29ms
2026-10-05 02:45:00 | appwrite | UP | 200 | 354ms
2026-10-05 02:45:01 | r2-media | UP | 5/5 | 100ms | worst=213ms | samples=65,63,70,213,92
2026-10-05 02:45:02 | video-media | UP | 5/5 | 102ms | samples=110,168,92,84,57
----------------------------------------------------------------------------------------------------
2026-10-05 02:50:00 | frontend | UP | 200 | 25ms
2026-10-05 02:50:00 | appwrite | UP | 200 | 215ms
2026-10-05 02:50:00 | r2-media | UP | 5/5 | 84ms | worst=123ms | samples=123,110,55,60,75
2026-10-05 02:50:01 | video-media | UP | 5/5 | 90ms | samples=87,74,96,98,99
----------------------------------------------------------------------------------------------------
2026-10-05 02:55:01 | frontend | UP | 200 | 269ms
2026-10-05 02:55:01 | appwrite | UP | 200 | 364ms
2026-10-05 02:55:01 | r2-media | UP | 5/5 | 87ms | worst=147ms | samples=147,69,62,98,61
2026-10-05 02:55:02 | video-media | UP | 5/5 | 94ms | samples=155,87,81,78,72
----------------------------------------------------------------------------------------------------
====================================================================================================
2026-10-05 03:00:00 | frontend | UP | 200 | 29ms
2026-10-05 03:00:00 | appwrite | UP | 200 | 189ms
2026-10-05 03:00:01 | r2-media | UP | 5/5 | 72ms | worst=76ms | samples=63,75,74,75,76
2026-10-05 03:00:02 | video-media | UP | 5/5 | 93ms | samples=92,74,98,101,100
----------------------------------------------------------------------------------------------------
2026-10-05 03:05:01 | frontend | UP | 200 | 25ms
2026-10-05 03:05:01 | appwrite | UP | 200 | 508ms
2026-10-05 03:05:01 | r2-media | UP | 5/5 | 66ms | worst=73ms | samples=57,62,71,73,67
2026-10-05 03:05:02 | video-media | UP | 5/5 | 93ms | samples=100,108,98,88,74
----------------------------------------------------------------------------------------------------
2026-10-05 03:10:00 | frontend | UP | 200 | 274ms
2026-10-05 03:10:00 | appwrite | UP | 200 | 182ms
2026-10-05 03:10:01 | r2-media | UP | 5/5 | 76ms | worst=123ms | samples=123,84,59,57,59
2026-10-05 03:10:01 | video-media | UP | 5/5 | 89ms | samples=90,102,88,89,80
----------------------------------------------------------------------------------------------------
2026-10-05 03:15:00 | frontend | UP | 200 | 25ms
2026-10-05 03:15:00 | appwrite | UP | 200 | 121ms
2026-10-05 03:15:01 | r2-media | UP | 5/5 | 109ms | worst=274ms | samples=96,63,58,58,274
2026-10-05 03:15:01 | video-media | UP | 5/5 | 82ms | samples=103,78,78,75,77
----------------------------------------------------------------------------------------------------
2026-10-05 03:20:00 | frontend | UP | 200 | 42ms
2026-10-05 03:20:00 | appwrite | UP | 200 | 270ms
2026-10-05 03:20:01 | r2-media | UP | 5/5 | 81ms | worst=136ms | samples=66,74,74,56,136
2026-10-05 03:20:01 | video-media | UP | 5/5 | 76ms | samples=70,79,78,78,76
----------------------------------------------------------------------------------------------------
2026-10-05 03:25:00 | frontend | UP | 200 | 266ms
2026-10-05 03:25:00 | appwrite | UP | 200 | 258ms
2026-10-05 03:25:01 | r2-media | UP | 5/5 | 95ms | worst=200ms | samples=200,79,60,77,61
2026-10-05 03:25:12 | video-media | UP | 5/5 | 112ms | samples=173,80,151,70,86
----------------------------------------------------------------------------------------------------
2026-10-05 03:30:00 | frontend | UP | 200 | 29ms
2026-10-05 03:30:00 | appwrite | UP | 200 | 278ms
2026-10-05 03:30:01 | r2-media | UP | 5/5 | 78ms | worst=136ms | samples=62,136,64,64,68
2026-10-05 03:30:01 | video-media | UP | 5/5 | 89ms | samples=105,94,86,75,87
----------------------------------------------------------------------------------------------------
2026-10-05 03:35:01 | frontend | UP | 200 | 270ms
2026-10-05 03:35:01 | appwrite | UP | 200 | 141ms
2026-10-05 03:35:02 | r2-media | UP | 5/5 | 83ms | worst=110ms | samples=110,77,73,72,83
2026-10-05 03:35:02 | video-media | UP | 5/5 | 77ms | samples=98,83,63,68,75
----------------------------------------------------------------------------------------------------
2026-10-05 03:40:00 | frontend | UP | 200 | 38ms
2026-10-05 03:40:00 | appwrite | UP | 200 | 472ms
2026-10-05 03:40:01 | r2-media | UP | 5/5 | 146ms | worst=469ms | samples=469,74,78,54,57
2026-10-05 03:40:02 | video-media | UP | 5/5 | 90ms | samples=145,74,76,81,74
----------------------------------------------------------------------------------------------------
2026-10-05 03:45:01 | frontend | UP | 200 | 28ms
2026-10-05 03:45:01 | appwrite | UP | 200 | 426ms
2026-10-05 03:45:02 | r2-media | UP | 5/5 | 98ms | worst=224ms | samples=224,74,74,61,58
2026-10-05 03:45:02 | video-media | UP | 5/5 | 91ms | samples=145,71,70,86,84
----------------------------------------------------------------------------------------------------
2026-10-05 03:50:00 | frontend | UP | 200 | 277ms
2026-10-05 03:50:01 | appwrite | UP | 200 | 210ms
2026-10-05 03:50:01 | r2-media | UP | 5/5 | 96ms | worst=137ms | samples=103,77,90,75,137
2026-10-05 03:50:02 | video-media | UP | 5/5 | 95ms | samples=69,84,91,73,161
----------------------------------------------------------------------------------------------------
2026-10-05 03:55:00 | frontend | UP | 200 | 35ms
2026-10-05 03:55:01 | appwrite | UP | 200 | 378ms
2026-10-05 03:55:01 | r2-media | UP | 5/5 | 91ms | worst=114ms | samples=114,80,84,92,89
2026-10-05 03:55:02 | video-media | UP | 5/5 | 83ms | samples=76,74,78,107,80
----------------------------------------------------------------------------------------------------
====================================================================================================
2026-10-05 04:00:01 | frontend | UP | 200 | 284ms
2026-10-05 04:00:01 | appwrite | UP | 200 | 369ms
2026-10-05 04:00:02 | r2-media | UP | 5/5 | 89ms | worst=141ms | samples=68,87,141,76,73
2026-10-05 04:00:02 | video-media | UP | 5/5 | 118ms | samples=106,233,111,79,61
----------------------------------------------------------------------------------------------------
2026-10-05 04:05:00 | frontend | UP | 200 | 27ms
2026-10-05 04:05:00 | appwrite | UP | 200 | 261ms
2026-10-05 04:05:01 | r2-media | UP | 5/5 | 63ms | worst=70ms | samples=70,52,65,68,64
2026-10-05 04:05:02 | video-media | UP | 5/5 | 152ms | samples=65,431,87,103,77
----------------------------------------------------------------------------------------------------
2026-10-05 04:10:01 | frontend | UP | 200 | 28ms
2026-10-05 04:10:01 | appwrite | UP | 200 | 493ms
2026-10-05 04:10:02 | r2-media | UP | 5/5 | 93ms | worst=118ms | samples=118,96,85,80,89
2026-10-05 04:10:02 | video-media | UP | 5/5 | 91ms | samples=94,73,145,81,63
----------------------------------------------------------------------------------------------------
2026-10-05 04:15:01 | frontend | UP | 200 | 277ms
2026-10-05 04:15:01 | appwrite | UP | 200 | 293ms
2026-10-05 04:15:02 | r2-media | UP | 5/5 | 114ms | worst=284ms | samples=98,284,60,65,67
2026-10-05 04:15:02 | video-media | UP | 5/5 | 73ms | samples=78,79,79,63,66
----------------------------------------------------------------------------------------------------
2026-10-05 04:20:00 | frontend | UP | 200 | 84ms
2026-10-05 04:20:00 | appwrite | UP | 200 | 181ms
2026-10-05 04:20:01 | r2-media | UP | 5/5 | 81ms | worst=124ms | samples=70,64,71,78,124
2026-10-05 04:20:01 | video-media | UP | 5/5 | 83ms | samples=95,72,59,99,92
----------------------------------------------------------------------------------------------------
2026-10-05 04:25:00 | frontend | UP | 200 | 27ms
2026-10-05 04:25:00 | appwrite | UP | 200 | 262ms
2026-10-05 04:25:01 | r2-media | UP | 5/5 | 165ms | worst=416ms | samples=149,141,59,63,416
2026-10-05 04:25:02 | video-media | UP | 5/5 | 76ms | samples=96,82,71,61,72
----------------------------------------------------------------------------------------------------
2026-10-05 04:30:01 | frontend | UP | 200 | 262ms
2026-10-05 04:30:01 | appwrite | UP | 200 | 203ms
2026-10-05 04:30:01 | r2-media | UP | 5/5 | 105ms | worst=157ms | samples=157,68,79,90,131
2026-10-05 04:30:14 | video-media | UP | 5/5 | 116ms | samples=282,53,72,70,104
----------------------------------------------------------------------------------------------------
2026-10-05 04:35:00 | frontend | UP | 200 | 28ms
2026-10-05 04:35:01 | appwrite | UP | 200 | 323ms
2026-10-05 04:35:01 | r2-media | UP | 5/5 | 88ms | worst=147ms | samples=61,83,147,72,79
2026-10-05 04:35:02 | video-media | UP | 5/5 | 80ms | samples=84,65,97,70,86
----------------------------------------------------------------------------------------------------
2026-10-05 04:40:01 | frontend | UP | 200 | 325ms
2026-10-05 04:40:01 | appwrite | UP | 200 | 208ms
2026-10-05 04:40:02 | r2-media | UP | 5/5 | 110ms | worst=236ms | samples=236,117,71,73,57
2026-10-05 04:40:02 | video-media | UP | 5/5 | 80ms | samples=123,78,62,70,69
----------------------------------------------------------------------------------------------------
2026-10-05 04:45:00 | frontend | UP | 200 | 38ms
2026-10-05 04:45:00 | appwrite | UP | 200 | 247ms
2026-10-05 04:45:00 | r2-media | UP | 5/5 | 71ms | worst=90ms | samples=57,66,59,90,83
2026-10-05 04:45:01 | video-media | UP | 5/5 | 76ms | samples=86,75,76,76,69
----------------------------------------------------------------------------------------------------
2026-10-05 04:50:00 | frontend | UP | 200 | 25ms
2026-10-05 04:50:00 | appwrite | UP | 200 | 117ms
2026-10-05 04:50:01 | r2-media | UP | 5/5 | 114ms | worst=288ms | samples=288,83,64,71,67
2026-10-05 04:50:02 | video-media | UP | 5/5 | 85ms | samples=106,87,102,64,70
----------------------------------------------------------------------------------------------------
2026-10-05 04:55:01 | frontend | UP | 200 | 269ms
2026-10-05 04:55:01 | appwrite | UP | 200 | 227ms
2026-10-05 04:55:02 | r2-media | UP | 5/5 | 93ms | worst=232ms | samples=232,70,56,52,57
2026-10-05 04:55:02 | video-media | UP | 5/5 | 92ms | samples=150,69,76,84,84
----------------------------------------------------------------------------------------------------
====================================================================================================
2026-10-05 05:00:00 | frontend | UP | 200 | 29ms
2026-10-05 05:00:00 | appwrite | UP | 200 | 138ms
2026-10-05 05:00:00 | r2-media | UP | 5/5 | 63ms | worst=72ms | samples=64,67,72,55,58
2026-10-05 05:00:01 | video-media | UP | 5/5 | 96ms | samples=89,76,70,164,84
----------------------------------------------------------------------------------------------------
2026-10-05 05:05:00 | frontend | UP | 200 | 24ms
2026-10-05 05:05:00 | appwrite | UP | 200 | 188ms
2026-10-05 05:05:01 | r2-media | UP | 5/5 | 65ms | worst=78ms | samples=54,68,66,59,78
2026-10-05 05:05:01 | video-media | UP | 5/5 | 83ms | samples=76,81,108,59,91
----------------------------------------------------------------------------------------------------
2026-10-05 05:10:00 | frontend | UP | 200 | 281ms
2026-10-05 05:10:00 | appwrite | UP | 200 | 198ms
2026-10-05 05:10:01 | r2-media | UP | 5/5 | 100ms | worst=226ms | samples=226,81,61,65,71
2026-10-05 05:10:02 | video-media | UP | 5/5 | 99ms | samples=83,111,101,96,104
----------------------------------------------------------------------------------------------------
2026-10-05 05:15:00 | frontend | UP | 200 | 28ms
2026-10-05 05:15:01 | appwrite | UP | 200 | 202ms
2026-10-05 05:15:01 | r2-media | UP | 5/5 | 111ms | worst=231ms | samples=231,120,58,83,65
2026-10-05 05:15:02 | video-media | UP | 5/5 | 131ms | samples=169,77,227,80,103
----------------------------------------------------------------------------------------------------
2026-10-05 05:20:00 | frontend | UP | 200 | 30ms
2026-10-05 05:20:00 | appwrite | UP | 200 | 466ms
2026-10-05 05:20:01 | r2-media | UP | 5/5 | 72ms | worst=117ms | samples=60,58,60,66,117
2026-10-05 05:20:02 | video-media | UP | 5/5 | 103ms | samples=85,98,97,75,160
----------------------------------------------------------------------------------------------------
2026-10-05 05:25:00 | frontend | UP | 200 | 277ms
2026-10-05 05:25:01 | appwrite | UP | 200 | 409ms
2026-10-05 05:25:01 | r2-media | UP | 5/5 | 118ms | worst=232ms | samples=232,175,56,58,70
2026-10-05 05:25:03 | video-media | UP | 5/5 | 228ms | samples=107,443,77,436,78
----------------------------------------------------------------------------------------------------
2026-10-05 05:30:00 | frontend | UP | 200 | 43ms
2026-10-05 05:30:01 | appwrite | UP | 200 | 334ms
2026-10-05 05:30:02 | r2-media | UP | 5/5 | 139ms | worst=245ms | samples=245,217,88,81,66
2026-10-05 05:30:02 | video-media | UP | 5/5 | 88ms | samples=79,90,101,105,69
----------------------------------------------------------------------------------------------------
2026-10-05 05:35:00 | frontend | UP | 200 | 28ms
2026-10-05 05:35:00 | appwrite | UP | 200 | 273ms
2026-10-05 05:35:00 | r2-media | UP | 5/5 | 71ms | worst=103ms | samples=103,65,53,62,72
2026-10-05 05:35:13 | video-media | UP | 5/5 | 96ms | samples=164,64,85,87,81
----------------------------------------------------------------------------------------------------
2026-10-05 05:40:00 | frontend | UP | 200 | 283ms
2026-10-05 05:40:00 | appwrite | UP | 200 | 186ms
2026-10-05 05:40:01 | r2-media | UP | 5/5 | 87ms | worst=205ms | samples=205,49,71,59,53
2026-10-05 05:40:01 | video-media | UP | 5/5 | 78ms | samples=70,104,70,70,77
----------------------------------------------------------------------------------------------------
2026-10-05 05:45:00 | frontend | UP | 200 | 83ms
2026-10-05 05:45:00 | appwrite | UP | 200 | 231ms
2026-10-05 05:45:00 | r2-media | UP | 5/5 | 66ms | worst=80ms | samples=56,66,60,71,80
2026-10-05 05:45:01 | video-media | UP | 5/5 | 116ms | samples=175,106,138,84,80
----------------------------------------------------------------------------------------------------
2026-10-05 05:50:01 | frontend | UP | 200 | 272ms
2026-10-05 05:50:01 | appwrite | UP | 200 | 436ms
2026-10-05 05:50:02 | r2-media | UP | 5/5 | 111ms | worst=291ms | samples=291,70,60,61,75
2026-10-05 05:50:03 | video-media | UP | 5/5 | 112ms | samples=289,79,65,66,65
----------------------------------------------------------------------------------------------------
2026-10-05 05:55:00 | frontend | UP | 200 | 26ms
2026-10-05 05:55:01 | appwrite | UP | 200 | 472ms
2026-10-05 05:55:01 | r2-media | UP | 5/5 | 72ms | worst=79ms | samples=69,71,75,67,79
2026-10-05 05:55:02 | video-media | UP | 5/5 | 83ms | samples=72,74,92,80,100
----------------------------------------------------------------------------------------------------
====================================================================================================
2026-10-05 06:00:00 | frontend | UP | 200 | 29ms
2026-10-05 06:00:01 | appwrite | UP | 200 | 260ms
2026-10-05 06:00:01 | r2-media | UP | 5/5 | 95ms | worst=225ms | samples=225,67,55,63,69
2026-10-05 06:00:02 | video-media | UP | 5/5 | 95ms | samples=106,73,72,107,121
----------------------------------------------------------------------------------------------------
2026-10-05 06:05:01 | frontend | UP | 200 | 267ms
2026-10-05 06:05:01 | appwrite | UP | 200 | 282ms
2026-10-05 06:05:02 | r2-media | UP | 5/5 | 102ms | worst=204ms | samples=204,86,74,73,77
2026-10-05 06:05:02 | video-media | UP | 5/5 | 95ms | samples=190,74,80,71,63
----------------------------------------------------------------------------------------------------
2026-10-05 06:10:00 | frontend | UP | 200 | 24ms
2026-10-05 06:10:01 | appwrite | UP | 200 | 347ms
2026-10-05 06:10:01 | r2-media | UP | 5/5 | 110ms | worst=215ms | samples=72,66,110,90,215
2026-10-05 06:10:02 | video-media | UP | 5/5 | 101ms | samples=71,89,88,76,182
----------------------------------------------------------------------------------------------------
2026-10-05 06:15:00 | frontend | UP | 200 | 25ms
2026-10-05 06:15:00 | appwrite | UP | 200 | 258ms
2026-10-05 06:15:01 | r2-media | UP | 5/5 | 101ms | worst=219ms | samples=219,64,75,67,83
2026-10-05 06:15:02 | video-media | UP | 5/5 | 90ms | samples=98,105,89,86,75
----------------------------------------------------------------------------------------------------
2026-10-05 06:20:01 | frontend | UP | 200 | 281ms
2026-10-05 06:20:01 | appwrite | UP | 200 | 66ms
2026-10-05 06:20:01 | r2-media | UP | 5/5 | 106ms | worst=244ms | samples=244,65,60,80,83
2026-10-05 06:20:02 | video-media | UP | 5/5 | 87ms | samples=85,144,76,61,69
----------------------------------------------------------------------------------------------------
2026-10-05 06:25:00 | frontend | UP | 200 | 78ms
2026-10-05 06:25:01 | appwrite | UP | 200 | 330ms
2026-10-05 06:25:01 | r2-media | UP | 5/5 | 104ms | worst=197ms | samples=58,55,61,197,150
2026-10-05 06:25:02 | video-media | UP | 5/5 | 84ms | samples=68,115,104,62,74
----------------------------------------------------------------------------------------------------
2026-10-05 06:30:00 | frontend | UP | 200 | 27ms
2026-10-05 06:30:01 | appwrite | UP | 200 | 367ms
2026-10-05 06:30:01 | r2-media | UP | 5/5 | 92ms | worst=181ms | samples=63,75,181,69,76
2026-10-05 06:30:02 | video-media | UP | 5/5 | 124ms | samples=133,113,110,157,109
----------------------------------------------------------------------------------------------------
2026-10-05 06:35:01 | frontend | UP | 200 | 284ms
2026-10-05 06:35:01 | appwrite | UP | 200 | 266ms
2026-10-05 06:35:02 | r2-media | UP | 5/5 | 106ms | worst=190ms | samples=77,70,190,121,75
2026-10-05 06:35:02 | video-media | UP | 5/5 | 75ms | samples=83,93,71,53,76
----------------------------------------------------------------------------------------------------
2026-10-05 06:40:00 | frontend | UP | 200 | 31ms
2026-10-05 06:40:00 | appwrite | UP | 200 | 256ms
2026-10-05 06:40:01 | r2-media | UP | 5/5 | 61ms | worst=66ms | samples=57,61,63,60,66
2026-10-05 06:40:11 | video-media | UP | 5/5 | 92ms | samples=179,70,80,74,61
----------------------------------------------------------------------------------------------------
2026-10-05 06:45:00 | frontend | UP | 200 | 230ms
2026-10-05 06:45:01 | appwrite | UP | 200 | 338ms
2026-10-05 06:45:02 | r2-media | UP | 5/5 | 129ms | worst=227ms | samples=227,57,219,66,80
2026-10-05 06:45:02 | video-media | UP | 5/5 | 93ms | samples=85,103,82,110,89
----------------------------------------------------------------------------------------------------
2026-10-05 06:50:00 | frontend | UP | 200 | 288ms
2026-10-05 06:50:01 | appwrite | UP | 200 | 120ms
2026-10-05 06:50:02 | r2-media | UP | 5/5 | 180ms | worst=423ms | samples=423,253,66,85,74
2026-10-05 06:50:02 | video-media | UP | 5/5 | 89ms | samples=99,67,80,76,124
----------------------------------------------------------------------------------------------------
2026-10-05 06:55:00 | frontend | UP | 200 | 26ms
2026-10-05 06:55:00 | appwrite | UP | 200 | 333ms
2026-10-05 06:55:01 | r2-media | UP | 5/5 | 104ms | worst=211ms | samples=108,211,62,63,79
2026-10-05 06:55:02 | video-media | UP | 5/5 | 97ms | samples=85,66,112,123,102
----------------------------------------------------------------------------------------------------
====================================================================================================
2026-10-05 07:00:00 | frontend | UP | 200 | 38ms
2026-10-05 07:00:00 | appwrite | UP | 200 | 264ms
2026-10-05 07:00:01 | r2-media | UP | 5/5 | 91ms | worst=146ms | samples=146,103,74,56,76
2026-10-05 07:00:01 | video-media | UP | 5/5 | 92ms | samples=95,91,98,95,82
----------------------------------------------------------------------------------------------------
2026-10-05 07:05:01 | frontend | UP | 200 | 265ms
2026-10-05 07:05:01 | appwrite | UP | 200 | 305ms
2026-10-05 07:05:02 | r2-media | UP | 5/5 | 89ms | worst=144ms | samples=144,71,61,76,97
2026-10-05 07:05:02 | video-media | UP | 5/5 | 100ms | samples=167,88,90,77,78
----------------------------------------------------------------------------------------------------
2026-10-05 07:10:00 | frontend | UP | 200 | 25ms
2026-10-05 07:10:01 | appwrite | UP | 200 | 191ms
2026-10-05 07:10:01 | r2-media | UP | 5/5 | 59ms | worst=71ms | samples=55,55,57,71,60
2026-10-05 07:10:02 | video-media | UP | 5/5 | 91ms | samples=117,81,97,71,93
----------------------------------------------------------------------------------------------------
2026-10-05 07:15:00 | frontend | UP | 200 | 33ms
2026-10-05 07:15:01 | appwrite | UP | 200 | 255ms
2026-10-05 07:15:01 | r2-media | UP | 5/5 | 102ms | worst=226ms | samples=226,62,77,72,73
2026-10-05 07:15:02 | video-media | UP | 5/5 | 111ms | samples=126,200,70,81,81
----------------------------------------------------------------------------------------------------
2026-10-05 07:20:00 | frontend | UP | 200 | 278ms
2026-10-05 07:20:01 | appwrite | UP | 200 | 238ms
2026-10-05 07:20:01 | r2-media | UP | 5/5 | 100ms | worst=153ms | samples=153,63,89,108,88
2026-10-05 07:20:02 | video-media | UP | 5/5 | 93ms | samples=107,101,112,75,72
----------------------------------------------------------------------------------------------------
2026-10-05 07:25:00 | frontend | UP | 200 | 75ms
2026-10-05 07:25:01 | appwrite | UP | 200 | 397ms
2026-10-05 07:25:01 | r2-media | UP | 5/5 | 97ms | worst=156ms | samples=138,156,68,63,63
2026-10-05 07:25:02 | video-media | UP | 5/5 | 84ms | samples=89,107,60,74,90
----------------------------------------------------------------------------------------------------
2026-10-05 07:30:01 | frontend | UP | 200 | 279ms
2026-10-05 07:30:01 | appwrite | UP | 200 | 134ms
2026-10-05 07:30:02 | r2-media | UP | 5/5 | 114ms | worst=162ms | samples=162,162,90,84,73
2026-10-05 07:30:03 | video-media | UP | 5/5 | 187ms | samples=608,80,75,78,94
----------------------------------------------------------------------------------------------------
2026-10-05 07:35:00 | frontend | UP | 200 | 25ms
2026-10-05 07:35:00 | appwrite | UP | 200 | 265ms
2026-10-05 07:35:01 | r2-media | UP | 5/5 | 89ms | worst=125ms | samples=74,81,73,125,94
2026-10-05 07:35:02 | video-media | UP | 5/5 | 97ms | samples=132,79,86,85,104
----------------------------------------------------------------------------------------------------
2026-10-05 07:40:00 | frontend | UP | 200 | 31ms
2026-10-05 07:40:00 | appwrite | UP | 200 | 259ms
2026-10-05 07:40:01 | r2-media | UP | 5/5 | 96ms | worst=172ms | samples=172,69,81,83,75
2026-10-05 07:40:02 | video-media | UP | 5/5 | 104ms | samples=102,153,91,72,106
----------------------------------------------------------------------------------------------------
2026-10-05 07:45:00 | frontend | UP | 200 | 274ms
2026-10-05 07:45:01 | appwrite | UP | 200 | 205ms
2026-10-05 07:45:01 | r2-media | UP | 5/5 | 99ms | worst=196ms | samples=77,196,93,63,66
2026-10-05 07:45:12 | video-media | UP | 5/5 | 103ms | samples=97,130,90,72,129
----------------------------------------------------------------------------------------------------
2026-10-05 07:50:01 | frontend | UP | 200 | 57ms
2026-10-05 07:50:01 | appwrite | UP | 200 | 402ms
2026-10-05 07:50:02 | r2-media | UP | 5/5 | 92ms | worst=123ms | samples=123,78,87,65,108
2026-10-05 07:50:02 | video-media | UP | 5/5 | 93ms | samples=74,87,94,95,118
----------------------------------------------------------------------------------------------------
2026-10-05 07:55:00 | frontend | UP | 200 | 26ms
2026-10-05 07:55:00 | appwrite | UP | 200 | 199ms
2026-10-05 07:55:01 | r2-media | UP | 5/5 | 79ms | worst=114ms | samples=72,65,70,77,114
2026-10-05 07:55:02 | video-media | UP | 5/5 | 99ms | samples=147,86,84,97,85
----------------------------------------------------------------------------------------------------
====================================================================================================
2026-10-05 08:00:01 | frontend | UP | 200 | 275ms
2026-10-05 08:00:01 | appwrite | UP | 200 | 347ms
2026-10-05 08:00:02 | r2-media | UP | 5/5 | 97ms | worst=153ms | samples=153,107,70,77,78
2026-10-05 08:00:03 | video-media | UP | 5/5 | 111ms | samples=172,95,86,113,89
----------------------------------------------------------------------------------------------------
2026-10-05 08:05:00 | frontend | UP | 200 | 29ms
2026-10-05 08:05:00 | appwrite | UP | 200 | 143ms
2026-10-05 08:05:01 | r2-media | UP | 5/5 | 77ms | worst=98ms | samples=67,66,71,84,98
2026-10-05 08:05:02 | video-media | UP | 5/5 | 105ms | samples=115,113,88,87,122
----------------------------------------------------------------------------------------------------
2026-10-05 08:10:00 | frontend | UP | 200 | 26ms
2026-10-05 08:10:00 | appwrite | UP | 200 | 183ms
2026-10-05 08:10:01 | r2-media | UP | 5/5 | 88ms | worst=126ms | samples=126,75,82,68,89
2026-10-05 08:10:02 | video-media | UP | 5/5 | 124ms | samples=157,84,174,100,108
----------------------------------------------------------------------------------------------------
2026-10-05 08:15:00 | frontend | UP | 200 | 274ms
2026-10-05 08:15:00 | appwrite | UP | 200 | 312ms
2026-10-05 08:15:01 | r2-media | UP | 5/5 | 125ms | worst=303ms | samples=83,303,76,87,76
2026-10-05 08:15:02 | video-media | UP | 5/5 | 95ms | samples=104,101,84,81,108
----------------------------------------------------------------------------------------------------
2026-10-05 08:20:00 | frontend | UP | 200 | 40ms
2026-10-05 08:20:00 | appwrite | UP | 200 | 284ms
2026-10-05 08:20:01 | r2-media | UP | 5/5 | 104ms | worst=232ms | samples=93,58,63,74,232
2026-10-05 08:20:02 | video-media | UP | 5/5 | 110ms | samples=110,138,115,89,100
----------------------------------------------------------------------------------------------------
2026-10-05 08:25:01 | frontend | UP | 200 | 283ms
2026-10-05 08:25:01 | appwrite | UP | 200 | 362ms
2026-10-05 08:25:02 | r2-media | UP | 5/5 | 108ms | worst=204ms | samples=204,94,80,88,77
2026-10-05 08:25:02 | video-media | UP | 5/5 | 112ms | samples=164,88,108,111,92
----------------------------------------------------------------------------------------------------
2026-10-05 08:30:00 | frontend | UP | 200 | 28ms
2026-10-05 08:30:01 | appwrite | UP | 200 | 291ms
2026-10-05 08:30:01 | r2-media | UP | 5/5 | 76ms | worst=89ms | samples=86,68,89,63,77
2026-10-05 08:30:02 | video-media | UP | 5/5 | 139ms | samples=126,88,116,214,154
----------------------------------------------------------------------------------------------------
2026-10-05 08:35:00 | frontend | UP | 200 | 40ms
2026-10-05 08:35:00 | appwrite | UP | 200 | 197ms
2026-10-05 08:35:01 | r2-media | UP | 5/5 | 75ms | worst=90ms | samples=70,67,73,90,75
2026-10-05 08:35:01 | video-media | UP | 5/5 | 110ms | samples=99,80,206,81,88
----------------------------------------------------------------------------------------------------
2026-10-05 08:40:00 | frontend | UP | 200 | 276ms
2026-10-05 08:40:00 | appwrite | UP | 200 | 133ms
2026-10-05 08:40:01 | r2-media | UP | 5/5 | 129ms | worst=239ms | samples=239,180,71,68,88
2026-10-05 08:40:02 | video-media | UP | 5/5 | 114ms | samples=202,96,103,82,88
----------------------------------------------------------------------------------------------------
2026-10-05 08:45:00 | frontend | UP | 200 | 25ms
2026-10-05 08:45:00 | appwrite | UP | 200 | 200ms
2026-10-05 08:45:01 | r2-media | UP | 5/5 | 106ms | worst=155ms | samples=84,82,70,155,142
2026-10-05 08:45:01 | video-media | UP | 5/5 | 98ms | samples=84,102,91,107,110
----------------------------------------------------------------------------------------------------
2026-10-05 08:50:00 | frontend | UP | 200 | 404ms
2026-10-05 08:50:01 | appwrite | UP | 200 | 269ms
2026-10-05 08:50:01 | r2-media | UP | 5/5 | 121ms | worst=267ms | samples=267,66,106,66,104
2026-10-05 08:50:15 | video-media | UP | 5/5 | 108ms | samples=241,70,85,66,82
----------------------------------------------------------------------------------------------------
2026-10-05 08:55:00 | frontend | UP | 200 | 24ms
2026-10-05 08:55:00 | appwrite | UP | 200 | 196ms
2026-10-05 08:55:00 | r2-media | UP | 5/5 | 84ms | worst=98ms | samples=86,59,98,87,94
2026-10-05 08:55:01 | video-media | UP | 5/5 | 104ms | samples=109,133,86,114,80
----------------------------------------------------------------------------------------------------
====================================================================================================
2026-10-05 09:00:00 | frontend | UP | 200 | 26ms
2026-10-05 09:00:00 | appwrite | UP | 200 | 273ms
2026-10-05 09:00:01 | r2-media | UP | 5/5 | 134ms | worst=224ms | samples=224,75,189,95,87
2026-10-05 09:00:02 | video-media | UP | 5/5 | 158ms | samples=297,147,96,114,136
----------------------------------------------------------------------------------------------------
2026-10-05 09:05:01 | frontend | UP | 200 | 277ms
2026-10-05 09:05:01 | appwrite | UP | 200 | 342ms
2026-10-05 09:05:02 | r2-media | UP | 5/5 | 120ms | worst=180ms | samples=179,82,77,180,82
2026-10-05 09:05:03 | video-media | UP | 5/5 | 129ms | samples=116,153,109,153,114
----------------------------------------------------------------------------------------------------
2026-10-05 09:10:00 | frontend | UP | 200 | 28ms
2026-10-05 09:10:00 | appwrite | UP | 200 | 239ms
2026-10-05 09:10:00 | r2-media | UP | 5/5 | 89ms | worst=117ms | samples=76,67,117,96,93
2026-10-05 09:10:01 | video-media | UP | 5/5 | 119ms | samples=93,137,152,118,97
----------------------------------------------------------------------------------------------------
2026-10-05 09:15:00 | frontend | UP | 200 | 29ms
2026-10-05 09:15:00 | appwrite | UP | 200 | 297ms
2026-10-05 09:15:01 | r2-media | UP | 5/5 | 93ms | worst=144ms | samples=144,72,86,74,91
2026-10-05 09:15:01 | video-media | UP | 5/5 | 126ms | samples=202,104,113,105,109
----------------------------------------------------------------------------------------------------
2026-10-05 09:20:00 | frontend | UP | 200 | 267ms
2026-10-05 09:20:00 | appwrite | UP | 200 | 221ms
2026-10-05 09:20:01 | r2-media | UP | 5/5 | 117ms | worst=235ms | samples=235,70,91,93,99
2026-10-05 09:20:02 | video-media | UP | 5/5 | 124ms | samples=106,103,99,220,92
----------------------------------------------------------------------------------------------------
2026-10-05 09:25:00 | frontend | UP | 200 | 29ms
2026-10-05 09:25:01 | appwrite | UP | 200 | 265ms
2026-10-05 09:25:01 | r2-media | UP | 5/5 | 116ms | worst=214ms | samples=214,75,92,96,104
2026-10-05 09:25:02 | video-media | UP | 5/5 | 103ms | samples=111,84,137,111,75
----------------------------------------------------------------------------------------------------
2026-10-05 09:30:00 | frontend | UP | 200 | 318ms
2026-10-05 09:30:01 | appwrite | UP | 200 | 294ms
2026-10-05 09:30:01 | r2-media | UP | 5/5 | 123ms | worst=255ms | samples=255,131,67,79,83
2026-10-05 09:30:02 | video-media | UP | 5/5 | 137ms | samples=196,163,125,96,108
----------------------------------------------------------------------------------------------------
2026-10-05 09:35:00 | frontend | UP | 200 | 25ms
2026-10-05 09:35:01 | appwrite | UP | 200 | 256ms
2026-10-05 09:35:01 | r2-media | UP | 5/5 | 123ms | worst=178ms | samples=167,87,94,178,90
2026-10-05 09:35:05 | video-media | UP | 5/5 | 724ms | samples=96,98,3216,105,106
----------------------------------------------------------------------------------------------------
2026-10-05 09:40:00 | frontend | UP | 200 | 25ms
2026-10-05 09:40:00 | appwrite | UP | 200 | 428ms
2026-10-05 09:40:01 | r2-media | UP | 5/5 | 96ms | worst=137ms | samples=88,85,137,87,85
2026-10-05 09:40:02 | video-media | UP | 5/5 | 124ms | samples=153,108,120,142,99
----------------------------------------------------------------------------------------------------
2026-10-05 09:45:00 | frontend | UP | 200 | 265ms
2026-10-05 09:45:00 | appwrite | UP | 200 | 145ms
2026-10-05 09:45:01 | r2-media | UP | 5/5 | 134ms | worst=227ms | samples=227,87,97,95,165
2026-10-05 09:45:02 | video-media | UP | 5/5 | 163ms | samples=249,140,132,165,132
----------------------------------------------------------------------------------------------------
2026-10-05 09:50:00 | frontend | UP | 200 | 40ms
2026-10-05 09:50:00 | appwrite | UP | 200 | 198ms
2026-10-05 09:50:01 | r2-media | UP | 5/5 | 179ms | worst=256ms | samples=137,70,256,203,229
2026-10-05 09:50:02 | video-media | UP | 5/5 | 202ms | samples=102,85,150,512,165
----------------------------------------------------------------------------------------------------
2026-10-05 09:55:01 | frontend | UP | 200 | 385ms
2026-10-05 09:55:01 | appwrite | UP | 200 | 376ms
2026-10-05 09:55:02 | r2-media | UP | 5/5 | 124ms | worst=238ms | samples=238,94,92,90,109
2026-10-05 09:55:15 | video-media | UP | 5/5 | 112ms | samples=104,107,133,84,133
----------------------------------------------------------------------------------------------------
====================================================================================================
2026-10-05 10:00:01 | frontend | UP | 200 | 25ms
2026-10-05 10:00:01 | appwrite | UP | 200 | 422ms
2026-10-05 10:00:02 | r2-media | UP | 5/5 | 177ms | worst=307ms | samples=293,132,307,85,69
2026-10-05 10:00:03 | video-media | UP | 5/5 | 124ms | samples=160,106,177,87,93
----------------------------------------------------------------------------------------------------
2026-10-05 10:05:00 | frontend | UP | 200 | 26ms
2026-10-05 10:05:01 | appwrite | UP | 200 | 468ms
2026-10-05 10:05:01 | r2-media | UP | 5/5 | 156ms | worst=429ms | samples=89,77,429,92,97
2026-10-05 10:05:02 | video-media | UP | 5/5 | 95ms | samples=103,121,82,76,96
----------------------------------------------------------------------------------------------------
2026-10-05 10:10:00 | frontend | UP | 200 | 271ms
2026-10-05 10:10:01 | appwrite | UP | 200 | 146ms
2026-10-05 10:10:01 | r2-media | UP | 5/5 | 118ms | worst=188ms | samples=188,94,78,141,91
2026-10-05 10:10:02 | video-media | UP | 5/5 | 161ms | samples=121,279,140,117,150
----------------------------------------------------------------------------------------------------
2026-10-05 10:15:00 | frontend | UP | 200 | 25ms
2026-10-05 10:15:01 | appwrite | UP | 200 | 321ms
2026-10-05 10:15:02 | r2-media | UP | 5/5 | 145ms | worst=206ms | samples=206,188,127,94,112
2026-10-05 10:15:06 | video-media | UP | 5/5 | 756ms | samples=147,120,3272,109,136
----------------------------------------------------------------------------------------------------
2026-10-05 10:20:00 | frontend | UP | 200 | 23ms
2026-10-05 10:20:00 | appwrite | UP | 200 | 192ms
2026-10-05 10:20:01 | r2-media | UP | 5/5 | 137ms | worst=205ms | samples=205,118,106,82,177
2026-10-05 10:20:02 | video-media | UP | 5/5 | 150ms | samples=175,142,120,106,210
----------------------------------------------------------------------------------------------------
2026-10-05 10:25:00 | frontend | UP | 200 | 361ms
2026-10-05 10:25:01 | appwrite | UP | 200 | 278ms
2026-10-05 10:25:02 | r2-media | UP | 5/5 | 153ms | worst=231ms | samples=217,131,231,95,92
2026-10-05 10:25:02 | video-media | UP | 5/5 | 133ms | samples=90,77,106,244,152
----------------------------------------------------------------------------------------------------
2026-10-05 10:30:01 | frontend | UP | 200 | 102ms
2026-10-05 10:30:01 | appwrite | UP | 200 | 325ms
2026-10-05 10:30:02 | r2-media | UP | 5/5 | 150ms | worst=227ms | samples=227,222,93,118,90
2026-10-05 10:30:03 | video-media | UP | 5/5 | 135ms | samples=158,175,122,135,89
----------------------------------------------------------------------------------------------------
2026-10-05 10:35:00 | frontend | UP | 200 | 29ms
2026-10-05 10:35:01 | appwrite | UP | 200 | 301ms
2026-10-05 10:35:01 | r2-media | UP | 5/5 | 102ms | worst=119ms | samples=113,119,97,79,102
2026-10-05 10:35:02 | video-media | UP | 5/5 | 120ms | samples=185,114,112,98,94
----------------------------------------------------------------------------------------------------
2026-10-05 10:40:01 | frontend | UP | 200 | 280ms
2026-10-05 10:40:01 | appwrite | UP | 200 | 229ms
2026-10-05 10:40:02 | r2-media | UP | 5/5 | 120ms | worst=202ms | samples=202,96,124,98,82
2026-10-05 10:40:03 | video-media | UP | 5/5 | 120ms | samples=247,75,96,101,84
----------------------------------------------------------------------------------------------------
2026-10-05 10:45:00 | frontend | UP | 200 | 25ms
2026-10-05 10:45:00 | appwrite | UP | 200 | 156ms
2026-10-05 10:45:01 | r2-media | UP | 5/5 | 143ms | worst=374ms | samples=82,91,74,98,374
2026-10-05 10:45:02 | video-media | UP | 5/5 | 112ms | samples=106,96,132,133,94
----------------------------------------------------------------------------------------------------
2026-10-05 10:50:00 | frontend | UP | 200 | 40ms
2026-10-05 10:50:00 | appwrite | UP | 200 | 362ms
2026-10-05 10:50:01 | r2-media | UP | 5/5 | 142ms | worst=248ms | samples=248,101,156,116,92
2026-10-05 10:50:02 | video-media | UP | 5/5 | 224ms | samples=668,129,101,87,135
----------------------------------------------------------------------------------------------------
2026-10-05 10:55:00 | frontend | UP | 200 | 263ms
2026-10-05 10:55:01 | appwrite | UP | 200 | 433ms
2026-10-05 10:55:01 | r2-media | UP | 5/5 | 143ms | worst=303ms | samples=303,97,103,86,128
2026-10-05 10:55:02 | video-media | UP | 5/5 | 122ms | samples=122,101,117,135,137
----------------------------------------------------------------------------------------------------
====================================================================================================
2026-10-05 11:00:00 | frontend | UP | 200 | 129ms
2026-10-05 11:00:00 | appwrite | UP | 200 | 238ms
2026-10-05 11:00:01 | r2-media | UP | 5/5 | 130ms | worst=193ms | samples=100,143,122,193,95
2026-10-05 11:00:18 | video-media | UP | 5/5 | 120ms | samples=130,114,167,101,92
----------------------------------------------------------------------------------------------------
2026-10-05 11:05:00 | frontend | UP | 200 | 31ms
2026-10-05 11:05:00 | appwrite | UP | 200 | 366ms
2026-10-05 11:05:01 | r2-media | UP | 5/5 | 99ms | worst=125ms | samples=73,85,125,90,125
2026-10-05 11:05:02 | video-media | UP | 5/5 | 117ms | samples=127,134,98,113,114
----------------------------------------------------------------------------------------------------
2026-10-05 11:10:01 | frontend | UP | 200 | 265ms
2026-10-05 11:10:01 | appwrite | UP | 200 | 200ms
2026-10-05 11:10:02 | r2-media | UP | 5/5 | 118ms | worst=239ms | samples=239,83,79,96,93
2026-10-05 11:10:03 | video-media | UP | 5/5 | 125ms | samples=111,103,200,96,115
----------------------------------------------------------------------------------------------------
2026-10-05 11:15:00 | frontend | UP | 200 | 26ms
2026-10-05 11:15:00 | appwrite | UP | 200 | 270ms
2026-10-05 11:15:01 | r2-media | UP | 5/5 | 112ms | worst=130ms | samples=105,97,110,121,130
2026-10-05 11:15:05 | video-media | UP | 5/5 | 849ms | samples=276,131,3290,156,396
----------------------------------------------------------------------------------------------------
2026-10-05 11:20:00 | frontend | UP | 200 | 26ms
2026-10-05 11:20:00 | appwrite | UP | 200 | 318ms
2026-10-05 11:20:01 | r2-media | UP | 5/5 | 126ms | worst=217ms | samples=217,98,68,137,112
2026-10-05 11:20:02 | video-media | UP | 5/5 | 158ms | samples=221,138,130,140,162
----------------------------------------------------------------------------------------------------
2026-10-05 11:25:00 | frontend | UP | 200 | 272ms
2026-10-05 11:25:01 | appwrite | UP | 200 | 393ms
2026-10-05 11:25:01 | r2-media | UP | 5/5 | 119ms | worst=233ms | samples=233,93,70,112,89
2026-10-05 11:25:02 | video-media | UP | 5/5 | 148ms | samples=165,147,128,180,123
----------------------------------------------------------------------------------------------------
2026-10-05 11:30:00 | frontend | UP | 200 | 28ms
2026-10-05 11:30:00 | appwrite | UP | 200 | 163ms
2026-10-05 11:30:00 | r2-media | UP | 5/5 | 94ms | worst=109ms | samples=99,93,109,88,85
2026-10-05 11:30:01 | video-media | UP | 5/5 | 130ms | samples=119,93,124,193,121
----------------------------------------------------------------------------------------------------
2026-10-05 11:35:00 | frontend | UP | 200 | 168ms
2026-10-05 11:35:00 | appwrite | UP | 200 | 323ms
2026-10-05 11:35:01 | r2-media | UP | 5/5 | 106ms | worst=166ms | samples=98,82,93,92,166
2026-10-05 11:35:02 | video-media | UP | 5/5 | 122ms | samples=106,149,113,135,111
----------------------------------------------------------------------------------------------------
2026-10-05 11:40:00 | frontend | UP | 200 | 274ms
2026-10-05 11:40:00 | appwrite | UP | 200 | 193ms
2026-10-05 11:40:01 | r2-media | UP | 5/5 | 113ms | worst=186ms | samples=186,83,94,93,113
2026-10-05 11:40:02 | video-media | UP | 5/5 | 117ms | samples=165,99,109,106,108
----------------------------------------------------------------------------------------------------
2026-10-05 11:45:00 | frontend | UP | 200 | 27ms
2026-10-05 11:45:00 | appwrite | UP | 200 | 432ms
2026-10-05 11:45:01 | r2-media | UP | 5/5 | 138ms | worst=203ms | samples=80,197,203,111,100
2026-10-05 11:45:02 | video-media | UP | 5/5 | 161ms | samples=185,139,133,201,147
----------------------------------------------------------------------------------------------------
2026-10-05 11:50:00 | frontend | UP | 200 | 28ms
2026-10-05 11:50:00 | appwrite | UP | 200 | 397ms
2026-10-05 11:50:01 | r2-media | UP | 5/5 | 195ms | worst=546ms | samples=85,546,156,105,87
2026-10-05 11:50:02 | video-media | UP | 5/5 | 124ms | samples=161,131,105,95,130
----------------------------------------------------------------------------------------------------
2026-10-05 11:55:00 | frontend | UP | 200 | 270ms
2026-10-05 11:55:00 | appwrite | UP | 200 | 292ms
2026-10-05 11:55:01 | r2-media | UP | 5/5 | 97ms | worst=124ms | samples=89,88,93,124,91
2026-10-05 11:55:02 | video-media | UP | 5/5 | 152ms | samples=121,142,119,266,112
----------------------------------------------------------------------------------------------------
====================================================================================================
2026-10-05 12:00:01 | frontend | UP | 200 | 78ms
2026-10-05 12:00:01 | appwrite | UP | 200 | 442ms
2026-10-05 12:00:02 | r2-media | UP | 5/5 | 136ms | worst=240ms | samples=240,116,126,95,103
2026-10-05 12:00:03 | video-media | UP | 5/5 | 162ms | samples=278,145,143,123,124
----------------------------------------------------------------------------------------------------
2026-10-05 12:05:00 | frontend | UP | 200 | 274ms
2026-10-05 12:05:00 | appwrite | UP | 200 | 144ms
2026-10-05 12:05:01 | r2-media | UP | 5/5 | 100ms | worst=105ms | samples=105,93,100,103,102
2026-10-05 12:05:25 | video-media | UP | 5/5 | 135ms | samples=128,149,105,191,104
----------------------------------------------------------------------------------------------------
2026-10-05 12:10:01 | frontend | UP | 200 | 29ms
2026-10-05 12:10:02 | appwrite | UP | 200 | 1514ms
2026-10-05 12:10:03 | r2-media | UP | 5/5 | 148ms | worst=286ms | samples=286,164,72,109,113
2026-10-05 12:10:04 | video-media | UP | 5/5 | 124ms | samples=129,120,117,111,147
----------------------------------------------------------------------------------------------------
2026-10-05 12:15:01 | frontend | UP | 200 | 277ms
2026-10-05 12:15:01 | appwrite | UP | 200 | 350ms
2026-10-05 12:15:02 | r2-media | UP | 5/5 | 138ms | worst=261ms | samples=111,101,108,261,110
2026-10-05 12:15:03 | video-media | UP | 5/5 | 118ms | samples=161,126,119,82,105
----------------------------------------------------------------------------------------------------
2026-10-05 12:20:00 | frontend | UP | 200 | 36ms
2026-10-05 12:20:00 | appwrite | UP | 200 | 302ms
2026-10-05 12:20:01 | r2-media | UP | 5/5 | 169ms | worst=319ms | samples=319,89,149,118,173
2026-10-05 12:20:03 | video-media | UP | 5/5 | 233ms | samples=166,162,145,470,222
----------------------------------------------------------------------------------------------------
2026-10-05 12:25:00 | frontend | UP | 200 | 28ms
2026-10-05 12:25:01 | appwrite | UP | 200 | 426ms
2026-10-05 12:25:02 | r2-media | UP | 5/5 | 116ms | worst=200ms | samples=200,109,83,69,120
2026-10-05 12:25:02 | video-media | UP | 5/5 | 148ms | samples=168,121,140,222,91
----------------------------------------------------------------------------------------------------
2026-10-05 12:30:01 | frontend | UP | 200 | 274ms
2026-10-05 12:30:01 | appwrite | UP | 200 | 237ms
2026-10-05 12:30:02 | r2-media | UP | 5/5 | 156ms | worst=269ms | samples=116,269,97,125,173
2026-10-05 12:30:03 | video-media | UP | 5/5 | 191ms | samples=206,132,129,137,354
----------------------------------------------------------------------------------------------------
2026-10-05 12:35:00 | frontend | UP | 200 | 101ms
2026-10-05 12:35:00 | appwrite | UP | 200 | 243ms
2026-10-05 12:35:01 | r2-media | UP | 5/5 | 107ms | worst=134ms | samples=118,93,95,134,95
2026-10-05 12:35:02 | video-media | UP | 5/5 | 137ms | samples=219,108,119,119,124
----------------------------------------------------------------------------------------------------
2026-10-05 12:40:00 | frontend | UP | 200 | 40ms
2026-10-05 12:40:00 | appwrite | UP | 200 | 239ms
2026-10-05 12:40:01 | r2-media | UP | 5/5 | 173ms | worst=315ms | samples=315,186,131,99,136
2026-10-05 12:40:02 | video-media | UP | 5/5 | 155ms | samples=311,128,107,94,135
----------------------------------------------------------------------------------------------------
2026-10-05 12:45:00 | frontend | UP | 200 | 265ms
2026-10-05 12:45:00 | appwrite | UP | 200 | 212ms
2026-10-05 12:45:01 | r2-media | UP | 5/5 | 137ms | worst=231ms | samples=121,90,153,231,90
2026-10-05 12:45:02 | video-media | UP | 5/5 | 151ms | samples=112,112,151,253,129
----------------------------------------------------------------------------------------------------
2026-10-05 12:50:00 | frontend | UP | 200 | 26ms
2026-10-05 12:50:01 | appwrite | UP | 200 | 295ms
2026-10-05 12:50:01 | r2-media | UP | 5/5 | 136ms | worst=159ms | samples=144,156,159,132,93
2026-10-05 12:50:02 | video-media | UP | 5/5 | 140ms | samples=144,140,162,134,124
----------------------------------------------------------------------------------------------------
2026-10-05 12:55:00 | frontend | UP | 200 | 273ms
2026-10-05 12:55:01 | appwrite | UP | 200 | 216ms
2026-10-05 12:55:01 | r2-media | UP | 5/5 | 117ms | worst=154ms | samples=127,90,115,154,103
2026-10-05 12:55:02 | video-media | UP | 5/5 | 133ms | samples=160,123,104,124,154
----------------------------------------------------------------------------------------------------
====================================================================================================
2026-10-05 13:00:00 | frontend | UP | 200 | 26ms
2026-10-05 13:00:00 | appwrite | UP | 200 | 174ms
2026-10-05 13:00:01 | r2-media | UP | 5/5 | 129ms | worst=160ms | samples=137,104,121,126,160
2026-10-05 13:00:02 | video-media | UP | 5/5 | 223ms | samples=250,179,135,331,222
----------------------------------------------------------------------------------------------------
2026-10-05 13:05:00 | frontend | UP | 200 | 82ms
2026-10-05 13:05:01 | appwrite | UP | 200 | 230ms
2026-10-05 13:05:02 | r2-media | UP | 5/5 | 191ms | worst=463ms | samples=463,141,127,111,114
2026-10-05 13:05:03 | video-media | UP | 5/5 | 147ms | samples=205,134,115,167,115
----------------------------------------------------------------------------------------------------
2026-10-05 13:10:01 | frontend | UP | 200 | 278ms
2026-10-05 13:10:01 | appwrite | UP | 200 | 341ms
2026-10-05 13:10:02 | r2-media | UP | 5/5 | 178ms | worst=330ms | samples=330,140,120,128,174
2026-10-05 13:10:28 | video-media | UP | 5/5 | 769ms | samples=155,132,3288,122,151
----------------------------------------------------------------------------------------------------
2026-10-05 13:15:00 | frontend | UP | 200 | 26ms
2026-10-05 13:15:00 | appwrite | UP | 200 | 329ms
2026-10-05 13:15:01 | r2-media | UP | 5/5 | 102ms | worst=111ms | samples=104,101,104,94,111
2026-10-05 13:15:02 | video-media | UP | 5/5 | 156ms | samples=137,123,195,181,145
----------------------------------------------------------------------------------------------------
2026-10-05 13:20:01 | frontend | UP | 200 | 38ms
2026-10-05 13:20:01 | appwrite | UP | 200 | 423ms
2026-10-05 13:20:02 | r2-media | UP | 5/5 | 135ms | worst=271ms | samples=271,86,93,100,129
2026-10-05 13:20:03 | video-media | UP | 5/5 | 157ms | samples=245,150,125,156,111
----------------------------------------------------------------------------------------------------
2026-10-05 13:25:00 | frontend | UP | 200 | 281ms
2026-10-05 13:25:01 | appwrite | UP | 200 | 1208ms
2026-10-05 13:25:02 | r2-media | UP | 5/5 | 134ms | worst=303ms | samples=303,114,82,91,83
2026-10-05 13:25:03 | video-media | UP | 5/5 | 140ms | samples=203,153,135,116,95
----------------------------------------------------------------------------------------------------
2026-10-05 13:30:00 | frontend | UP | 200 | 27ms
2026-10-05 13:30:00 | appwrite | UP | 200 | 290ms
2026-10-05 13:30:01 | r2-media | UP | 5/5 | 148ms | worst=248ms | samples=122,119,248,160,92
2026-10-05 13:30:03 | video-media | UP | 5/5 | 378ms | samples=175,124,676,229,686
----------------------------------------------------------------------------------------------------
2026-10-05 13:35:00 | frontend | UP | 200 | 33ms
2026-10-05 13:35:00 | appwrite | UP | 200 | 151ms
2026-10-05 13:35:01 | r2-media | UP | 5/5 | 131ms | worst=215ms | samples=215,70,85,195,92
2026-10-05 13:35:02 | video-media | UP | 5/5 | 221ms | samples=515,135,122,203,131
----------------------------------------------------------------------------------------------------
2026-10-05 13:40:00 | frontend | UP | 200 | 327ms
2026-10-05 13:40:00 | appwrite | UP | 200 | 299ms
2026-10-05 13:40:01 | r2-media | UP | 5/5 | 161ms | worst=227ms | samples=227,115,215,95,154
2026-10-05 13:40:02 | video-media | UP | 5/5 | 153ms | samples=230,141,118,152,124
----------------------------------------------------------------------------------------------------
2026-10-05 13:45:00 | frontend | UP | 200 | 27ms
2026-10-05 13:45:01 | appwrite | UP | 200 | 373ms
2026-10-05 13:45:02 | r2-media | UP | 5/5 | 165ms | worst=302ms | samples=302,116,118,111,180
2026-10-05 13:45:03 | video-media | UP | 5/5 | 173ms | samples=134,241,133,128,233
----------------------------------------------------------------------------------------------------
2026-10-05 13:50:00 | frontend | UP | 200 | 260ms
2026-10-05 13:50:00 | appwrite | UP | 200 | 137ms
2026-10-05 13:50:01 | r2-media | UP | 5/5 | 155ms | worst=347ms | samples=98,112,347,136,83
2026-10-05 13:50:03 | video-media | UP | 5/5 | 197ms | samples=180,152,244,130,280
----------------------------------------------------------------------------------------------------
2026-10-05 13:55:00 | frontend | UP | 200 | 37ms
2026-10-05 13:55:00 | appwrite | UP | 200 | 434ms
2026-10-05 13:55:01 | r2-media | UP | 5/5 | 128ms | worst=187ms | samples=123,124,125,81,187
2026-10-05 13:55:02 | video-media | UP | 5/5 | 185ms | samples=274,177,139,138,201
----------------------------------------------------------------------------------------------------
====================================================================================================
2026-10-05 14:00:00 | frontend | UP | 200 | 27ms
2026-10-05 14:00:00 | appwrite | UP | 200 | 382ms
2026-10-05 14:00:01 | r2-media | UP | 5/5 | 152ms | worst=214ms | samples=175,118,109,145,214
2026-10-05 14:00:03 | video-media | UP | 5/5 | 198ms | samples=185,268,270,146,125
----------------------------------------------------------------------------------------------------
2026-10-05 14:05:01 | frontend | UP | 200 | 271ms
2026-10-05 14:05:01 | appwrite | UP | 200 | 427ms
2026-10-05 14:05:02 | r2-media | UP | 5/5 | 143ms | worst=222ms | samples=222,91,114,124,167
2026-10-05 14:05:03 | video-media | UP | 5/5 | 241ms | samples=514,266,149,138,138
----------------------------------------------------------------------------------------------------
2026-10-05 14:10:00 | frontend | UP | 200 | 28ms
2026-10-05 14:10:01 | appwrite | UP | 200 | 368ms
2026-10-05 14:10:02 | r2-media | UP | 5/5 | 133ms | worst=237ms | samples=100,101,237,113,116
2026-10-05 14:10:03 | video-media | UP | 5/5 | 178ms | samples=141,144,106,253,250
----------------------------------------------------------------------------------------------------
2026-10-05 14:15:00 | frontend | UP | 200 | 25ms
2026-10-05 14:15:01 | appwrite | UP | 200 | 439ms
2026-10-05 14:15:02 | r2-media | UP | 5/5 | 143ms | worst=187ms | samples=121,108,116,186,187
2026-10-05 14:15:21 | video-media | UP | 5/5 | 149ms | samples=165,111,144,212,116
----------------------------------------------------------------------------------------------------
2026-10-05 14:20:00 | frontend | UP | 200 | 284ms
2026-10-05 14:20:00 | appwrite | UP | 200 | 428ms
2026-10-05 14:20:01 | r2-media | UP | 5/5 | 104ms | worst=131ms | samples=76,117,121,131,75
2026-10-05 14:20:02 | video-media | UP | 5/5 | 152ms | samples=142,150,240,147,84
----------------------------------------------------------------------------------------------------
2026-10-05 14:25:00 | frontend | UP | 200 | 23ms
2026-10-05 14:25:00 | appwrite | UP | 200 | 210ms
2026-10-05 14:25:02 | r2-media | UP | 5/5 | 231ms | worst=562ms | samples=562,177,185,106,126
2026-10-05 14:25:03 | video-media | UP | 5/5 | 179ms | samples=236,183,170,148,158
----------------------------------------------------------------------------------------------------
2026-10-05 14:30:01 | frontend | UP | 200 | 277ms
2026-10-05 14:30:01 | appwrite | UP | 200 | 235ms
2026-10-05 14:30:02 | r2-media | UP | 5/5 | 162ms | worst=296ms | samples=296,133,147,102,133
2026-10-05 14:30:03 | video-media | UP | 5/5 | 170ms | samples=288,154,174,114,120
----------------------------------------------------------------------------------------------------
2026-10-05 14:35:00 | frontend | UP | 200 | 26ms
2026-10-05 14:35:00 | appwrite | UP | 200 | 272ms
2026-10-05 14:35:01 | r2-media | UP | 5/5 | 135ms | worst=167ms | samples=90,157,158,107,167
2026-10-05 14:35:02 | video-media | UP | 5/5 | 146ms | samples=129,195,144,137,126
----------------------------------------------------------------------------------------------------
2026-10-05 14:40:00 | frontend | UP | 200 | 30ms
2026-10-05 14:40:00 | appwrite | UP | 200 | 223ms
2026-10-05 14:40:01 | r2-media | UP | 5/5 | 169ms | worst=285ms | samples=285,105,169,132,157
2026-10-05 14:40:06 | video-media | UP | 5/5 | 818ms | samples=245,140,119,302,3288
----------------------------------------------------------------------------------------------------
2026-10-05 14:45:00 | frontend | UP | 200 | 302ms
2026-10-05 14:45:00 | appwrite | UP | 200 | 236ms
2026-10-05 14:45:01 | r2-media | UP | 5/5 | 119ms | worst=206ms | samples=99,94,98,100,206
2026-10-05 14:45:02 | video-media | UP | 5/5 | 168ms | samples=208,165,140,185,144
----------------------------------------------------------------------------------------------------
2026-10-05 14:50:00 | frontend | UP | 200 | 37ms
2026-10-05 14:50:00 | appwrite | UP | 200 | 353ms
2026-10-05 14:50:01 | r2-media | UP | 5/5 | 127ms | worst=247ms | samples=89,122,90,90,247
2026-10-05 14:50:02 | video-media | UP | 5/5 | 157ms | samples=141,153,242,134,119
----------------------------------------------------------------------------------------------------
2026-10-05 14:55:00 | frontend | UP | 200 | 301ms
2026-10-05 14:55:01 | appwrite | UP | 200 | 456ms
2026-10-05 14:55:02 | r2-media | UP | 5/5 | 139ms | worst=219ms | samples=126,219,96,132,122
2026-10-05 14:55:03 | video-media | UP | 5/5 | 192ms | samples=160,299,125,259,118
----------------------------------------------------------------------------------------------------
====================================================================================================
2026-10-05 15:00:00 | frontend | UP | 200 | 28ms
2026-10-05 15:00:01 | appwrite | UP | 200 | 268ms
2026-10-05 15:00:02 | r2-media | UP | 5/5 | 175ms | worst=289ms | samples=80,136,196,176,289
2026-10-05 15:00:03 | video-media | UP | 5/5 | 183ms | samples=175,155,220,130,239
----------------------------------------------------------------------------------------------------
2026-10-05 15:05:00 | frontend | UP | 200 | 26ms
2026-10-05 15:05:00 | appwrite | UP | 200 | 444ms
2026-10-05 15:05:01 | r2-media | UP | 5/5 | 103ms | worst=130ms | samples=115,72,130,93,109
2026-10-05 15:05:02 | video-media | UP | 5/5 | 179ms | samples=199,141,325,138,94
----------------------------------------------------------------------------------------------------
2026-10-05 15:10:00 | frontend | UP | 200 | 337ms
2026-10-05 15:10:01 | appwrite | UP | 200 | 297ms
2026-10-05 15:10:01 | r2-media | UP | 5/5 | 134ms | worst=200ms | samples=200,100,112,120,138
2026-10-05 15:10:02 | video-media | UP | 5/5 | 157ms | samples=151,125,120,248,145
----------------------------------------------------------------------------------------------------
2026-10-05 15:15:01 | frontend | UP | 200 | 27ms
2026-10-05 15:15:01 | appwrite | UP | 200 | 398ms
2026-10-05 15:15:02 | r2-media | UP | 5/5 | 161ms | worst=325ms | samples=325,128,98,121,136
2026-10-05 15:15:03 | video-media | UP | 5/5 | 190ms | samples=182,116,324,126,204
----------------------------------------------------------------------------------------------------
2026-10-05 15:20:00 | frontend | UP | 200 | 28ms
2026-10-05 15:20:00 | appwrite | UP | 200 | 232ms
2026-10-05 15:20:01 | r2-media | UP | 5/5 | 133ms | worst=212ms | samples=105,97,212,101,150
2026-10-05 15:20:20 | video-media | UP | 5/5 | 167ms | samples=223,142,125,191,154
----------------------------------------------------------------------------------------------------
2026-10-05 15:25:00 | frontend | UP | 200 | 351ms
2026-10-05 15:25:01 | appwrite | UP | 200 | 225ms
2026-10-05 15:25:01 | r2-media | UP | 5/5 | 168ms | worst=262ms | samples=262,200,136,129,115
2026-10-05 15:25:02 | video-media | UP | 5/5 | 146ms | samples=139,98,200,125,171
----------------------------------------------------------------------------------------------------
2026-10-05 15:30:00 | frontend | UP | 200 | 32ms
2026-10-05 15:30:00 | appwrite | UP | 200 | 176ms
2026-10-05 15:30:01 | r2-media | UP | 5/5 | 193ms | worst=325ms | samples=116,105,263,325,158
2026-10-05 15:30:03 | video-media | UP | 5/5 | 149ms | samples=135,140,246,110,115
----------------------------------------------------------------------------------------------------
2026-10-05 15:35:00 | frontend | UP | 200 | 25ms
2026-10-05 15:35:00 | appwrite | UP | 200 | 382ms
2026-10-05 15:35:01 | r2-media | UP | 5/5 | 195ms | worst=454ms | samples=94,126,454,195,108
2026-10-05 15:35:03 | video-media | UP | 5/5 | 229ms | samples=253,131,105,163,497
----------------------------------------------------------------------------------------------------
2026-10-05 15:40:01 | frontend | UP | 200 | 328ms
2026-10-05 15:40:01 | appwrite | UP | 200 | 273ms
2026-10-05 15:40:02 | r2-media | UP | 5/5 | 226ms | worst=696ms | samples=696,143,90,95,109
2026-10-05 15:40:03 | video-media | UP | 5/5 | 178ms | samples=214,116,261,179,124
----------------------------------------------------------------------------------------------------
2026-10-05 15:45:00 | frontend | UP | 200 | 27ms
2026-10-05 15:45:00 | appwrite | UP | 200 | 200ms
2026-10-05 15:45:01 | r2-media | UP | 5/5 | 109ms | worst=142ms | samples=99,88,86,142,132
2026-10-05 15:45:02 | video-media | UP | 5/5 | 209ms | samples=395,197,168,144,143
----------------------------------------------------------------------------------------------------
2026-10-05 15:50:00 | frontend | UP | 200 | 31ms
2026-10-05 15:50:00 | appwrite | UP | 200 | 251ms
2026-10-05 15:50:01 | r2-media | UP | 5/5 | 130ms | worst=203ms | samples=203,97,73,164,114
2026-10-05 15:50:02 | video-media | UP | 5/5 | 160ms | samples=152,124,136,164,228
----------------------------------------------------------------------------------------------------
2026-10-05 15:55:00 | frontend | UP | 200 | 295ms
2026-10-05 15:55:01 | appwrite | UP | 200 | 309ms
2026-10-05 15:55:01 | r2-media | UP | 5/5 | 131ms | worst=259ms | samples=259,88,100,93,118
2026-10-05 15:55:02 | video-media | UP | 5/5 | 129ms | samples=141,126,146,126,107
----------------------------------------------------------------------------------------------------
====================================================================================================
2026-10-05 16:00:00 | frontend | UP | 200 | 29ms
2026-10-05 16:00:00 | appwrite | UP | 200 | 304ms
2026-10-05 16:00:01 | r2-media | UP | 5/5 | 127ms | worst=183ms | samples=113,94,183,122,123
2026-10-05 16:00:03 | video-media | UP | 5/5 | 265ms | samples=254,251,510,158,154
----------------------------------------------------------------------------------------------------
2026-10-05 16:05:01 | frontend | UP | 200 | 262ms
2026-10-05 16:05:01 | appwrite | UP | 200 | 372ms
2026-10-05 16:05:02 | r2-media | UP | 5/5 | 204ms | worst=485ms | samples=256,107,83,485,90
2026-10-05 16:05:03 | video-media | UP | 5/5 | 131ms | samples=178,118,145,106,112
----------------------------------------------------------------------------------------------------
2026-10-05 16:10:00 | frontend | UP | 200 | 31ms
2026-10-05 16:10:01 | appwrite | UP | 200 | 162ms
2026-10-05 16:10:01 | r2-media | UP | 5/5 | 103ms | worst=126ms | samples=90,99,118,82,126
2026-10-05 16:10:02 | video-media | UP | 5/5 | 193ms | samples=314,129,116,143,266
----------------------------------------------------------------------------------------------------
2026-10-05 16:15:00 | frontend | UP | 200 | 34ms
2026-10-05 16:15:00 | appwrite | UP | 200 | 264ms
2026-10-05 16:15:01 | r2-media | UP | 5/5 | 128ms | worst=157ms | samples=129,157,103,132,123
2026-10-05 16:15:02 | video-media | UP | 5/5 | 149ms | samples=149,118,185,187,108
----------------------------------------------------------------------------------------------------
2026-10-05 16:20:00 | frontend | UP | 200 | 261ms
2026-10-05 16:20:00 | appwrite | UP | 200 | 364ms
2026-10-05 16:20:01 | r2-media | UP | 5/5 | 159ms | worst=269ms | samples=269,129,93,138,166
2026-10-05 16:20:02 | video-media | UP | 5/5 | 170ms | samples=240,126,150,150,185
----------------------------------------------------------------------------------------------------
2026-10-05 16:25:00 | frontend | UP | 200 | 30ms
2026-10-05 16:25:00 | appwrite | UP | 200 | 301ms
2026-10-05 16:25:01 | r2-media | UP | 5/5 | 97ms | worst=110ms | samples=101,110,98,86,90
2026-10-05 16:25:23 | video-media | UP | 5/5 | 160ms | samples=216,102,102,246,138
----------------------------------------------------------------------------------------------------
2026-10-05 16:30:01 | frontend | UP | 200 | 280ms
2026-10-05 16:30:01 | appwrite | UP | 200 | 345ms
2026-10-05 16:30:02 | r2-media | UP | 5/5 | 155ms | worst=341ms | samples=341,120,92,102,124
2026-10-05 16:30:03 | video-media | UP | 5/5 | 153ms | samples=231,109,124,128,175
----------------------------------------------------------------------------------------------------
2026-10-05 16:35:00 | frontend | UP | 200 | 27ms
2026-10-05 16:35:01 | appwrite | UP | 200 | 281ms
2026-10-05 16:35:01 | r2-media | UP | 5/5 | 156ms | worst=299ms | samples=108,118,299,110,145
2026-10-05 16:35:02 | video-media | UP | 5/5 | 152ms | samples=184,110,186,134,149
----------------------------------------------------------------------------------------------------
2026-10-05 16:40:00 | frontend | UP | 200 | 25ms
2026-10-05 16:40:01 | appwrite | UP | 200 | 464ms
2026-10-05 16:40:02 | r2-media | UP | 5/5 | 161ms | worst=274ms | samples=274,161,112,152,110
2026-10-05 16:40:03 | video-media | UP | 5/5 | 164ms | samples=219,148,155,158,142
----------------------------------------------------------------------------------------------------
2026-10-05 16:45:00 | frontend | UP | 200 | 410ms
2026-10-05 16:45:00 | appwrite | UP | 200 | 285ms
2026-10-05 16:45:01 | r2-media | UP | 5/5 | 166ms | worst=326ms | samples=107,108,111,326,178
2026-10-05 16:45:02 | video-media | UP | 5/5 | 154ms | samples=135,158,183,145,153
----------------------------------------------------------------------------------------------------
2026-10-05 16:50:00 | frontend | UP | 200 | 27ms
2026-10-05 16:50:00 | appwrite | UP | 200 | 360ms
2026-10-05 16:50:01 | r2-media | UP | 5/5 | 104ms | worst=130ms | samples=81,130,84,100,126
2026-10-05 16:50:02 | video-media | UP | 5/5 | 162ms | samples=135,110,208,257,103
----------------------------------------------------------------------------------------------------
2026-10-05 16:55:00 | frontend | UP | 200 | 27ms
2026-10-05 16:55:01 | appwrite | UP | 200 | 440ms
2026-10-05 16:55:01 | r2-media | UP | 5/5 | 149ms | worst=321ms | samples=321,88,82,106,149
2026-10-05 16:55:02 | video-media | UP | 5/5 | 153ms | samples=258,122,122,137,127
----------------------------------------------------------------------------------------------------
====================================================================================================
2026-10-05 17:00:00 | frontend | UP | 200 | 278ms
2026-10-05 17:00:00 | appwrite | UP | 200 | 238ms
2026-10-05 17:00:01 | r2-media | UP | 5/5 | 154ms | worst=214ms | samples=213,214,144,117,85
2026-10-05 17:00:03 | video-media | UP | 5/5 | 177ms | samples=160,263,175,167,122
----------------------------------------------------------------------------------------------------
2026-10-05 17:05:00 | frontend | UP | 200 | 41ms
2026-10-05 17:05:00 | appwrite | UP | 200 | 259ms
2026-10-05 17:05:01 | r2-media | UP | 5/5 | 148ms | worst=253ms | samples=151,97,116,127,253
2026-10-05 17:05:02 | video-media | UP | 5/5 | 147ms | samples=130,135,170,130,172
----------------------------------------------------------------------------------------------------
2026-10-05 17:10:01 | frontend | UP | 200 | 339ms
2026-10-05 17:10:01 | appwrite | UP | 200 | 514ms
2026-10-05 17:10:02 | r2-media | UP | 5/5 | 131ms | worst=229ms | samples=229,104,95,119,112
2026-10-05 17:10:03 | video-media | UP | 5/5 | 148ms | samples=216,157,125,106,140
----------------------------------------------------------------------------------------------------
2026-10-05 17:15:00 | frontend | UP | 200 | 33ms
2026-10-05 17:15:00 | appwrite | UP | 200 | 324ms
2026-10-05 17:15:01 | r2-media | UP | 5/5 | 173ms | worst=372ms | samples=372,125,114,125,132
2026-10-05 17:15:05 | video-media | UP | 5/5 | 766ms | samples=153,128,3244,182,125
----------------------------------------------------------------------------------------------------
2026-10-05 17:20:00 | frontend | UP | 200 | 25ms
2026-10-05 17:20:00 | appwrite | UP | 200 | 229ms
2026-10-05 17:20:01 | r2-media | UP | 5/5 | 149ms | worst=259ms | samples=259,116,161,103,109
2026-10-05 17:20:02 | video-media | UP | 5/5 | 130ms | samples=128,114,109,154,149
----------------------------------------------------------------------------------------------------
2026-10-05 17:25:00 | frontend | UP | 200 | 268ms
2026-10-05 17:25:00 | appwrite | UP | 200 | 145ms
2026-10-05 17:25:01 | r2-media | UP | 5/5 | 129ms | worst=283ms | samples=283,96,74,96,99
2026-10-05 17:25:02 | video-media | UP | 5/5 | 138ms | samples=202,124,133,106,128
----------------------------------------------------------------------------------------------------
2026-10-05 17:30:00 | frontend | UP | 200 | 37ms
2026-10-05 17:30:00 | appwrite | UP | 200 | 284ms
2026-10-05 17:30:01 | r2-media | UP | 5/5 | 112ms | worst=129ms | samples=106,88,129,122,115
2026-10-05 17:30:18 | video-media | UP | 5/5 | 167ms | samples=229,96,147,235,129
----------------------------------------------------------------------------------------------------
2026-10-05 17:35:00 | frontend | UP | 200 | 37ms
2026-10-05 17:35:00 | appwrite | UP | 200 | 352ms
2026-10-05 17:35:01 | r2-media | UP | 5/5 | 109ms | worst=129ms | samples=129,95,129,91,105
2026-10-05 17:35:02 | video-media | UP | 5/5 | 133ms | samples=139,104,160,129,136
----------------------------------------------------------------------------------------------------
2026-10-05 17:40:00 | frontend | UP | 200 | 269ms
2026-10-05 17:40:00 | appwrite | UP | 200 | 289ms
2026-10-05 17:40:01 | r2-media | UP | 5/5 | 158ms | worst=354ms | samples=354,121,85,117,113
2026-10-05 17:40:03 | video-media | UP | 5/5 | 198ms | samples=344,154,186,142,168
----------------------------------------------------------------------------------------------------
2026-10-05 17:45:00 | frontend | UP | 200 | 32ms
2026-10-05 17:45:00 | appwrite | UP | 200 | 450ms
2026-10-05 17:45:01 | r2-media | UP | 5/5 | 158ms | worst=255ms | samples=227,255,92,113,107
2026-10-05 17:45:02 | video-media | UP | 5/5 | 170ms | samples=164,181,147,207,155
----------------------------------------------------------------------------------------------------
2026-10-05 17:50:00 | frontend | UP | 200 | 30ms
2026-10-05 17:50:00 | appwrite | UP | 200 | 124ms
2026-10-05 17:50:01 | r2-media | UP | 5/5 | 130ms | worst=237ms | samples=100,103,237,109,105
2026-10-05 17:50:02 | video-media | UP | 5/5 | 145ms | samples=204,141,131,126,124
----------------------------------------------------------------------------------------------------
2026-10-05 17:55:01 | frontend | UP | 200 | 264ms
2026-10-05 17:55:01 | appwrite | UP | 200 | 404ms
2026-10-05 17:55:02 | r2-media | UP | 5/5 | 127ms | worst=208ms | samples=208,123,111,96,101
2026-10-05 17:55:03 | video-media | UP | 5/5 | 133ms | samples=150,128,162,138,89
----------------------------------------------------------------------------------------------------
====================================================================================================
2026-10-05 18:00:00 | frontend | UP | 200 | 27ms
2026-10-05 18:00:01 | appwrite | UP | 200 | 313ms
2026-10-05 18:00:02 | r2-media | UP | 5/5 | 173ms | worst=294ms | samples=120,155,163,294,136
2026-10-05 18:00:03 | video-media | UP | 5/5 | 154ms | samples=142,169,123,171,165
----------------------------------------------------------------------------------------------------
2026-10-05 18:05:00 | frontend | UP | 200 | 25ms
2026-10-05 18:05:00 | appwrite | UP | 200 | 212ms
2026-10-05 18:05:01 | r2-media | UP | 5/5 | 107ms | worst=142ms | samples=115,111,83,84,142
2026-10-05 18:05:02 | video-media | UP | 5/5 | 134ms | samples=173,127,109,101,160
----------------------------------------------------------------------------------------------------
2026-10-05 18:10:01 | frontend | UP | 200 | 267ms
2026-10-05 18:10:01 | appwrite | UP | 200 | 155ms
2026-10-05 18:10:02 | r2-media | UP | 5/5 | 116ms | worst=138ms | samples=118,109,105,113,138
2026-10-05 18:10:03 | video-media | UP | 5/5 | 189ms | samples=214,141,106,389,95
----------------------------------------------------------------------------------------------------
2026-10-05 18:15:00 | frontend | UP | 200 | 101ms
2026-10-05 18:15:00 | appwrite | UP | 200 | 218ms
2026-10-05 18:15:01 | r2-media | UP | 5/5 | 186ms | worst=327ms | samples=327,142,220,114,128
2026-10-05 18:15:03 | video-media | UP | 5/5 | 184ms | samples=338,138,148,174,126
----------------------------------------------------------------------------------------------------
2026-10-05 18:20:00 | frontend | UP | 200 | 25ms
2026-10-05 18:20:01 | appwrite | UP | 200 | 211ms
2026-10-05 18:20:01 | r2-media | UP | 5/5 | 114ms | worst=130ms | samples=122,101,91,126,130
2026-10-05 18:20:02 | video-media | UP | 5/5 | 177ms | samples=202,126,170,207,183
----------------------------------------------------------------------------------------------------
2026-10-05 18:25:00 | frontend | UP | 200 | 328ms
2026-10-05 18:25:00 | appwrite | UP | 200 | 313ms
2026-10-05 18:25:01 | r2-media | UP | 5/5 | 110ms | worst=131ms | samples=117,72,110,131,122
2026-10-05 18:25:02 | video-media | UP | 5/5 | 198ms | samples=165,141,129,231,328
----------------------------------------------------------------------------------------------------
2026-10-05 18:30:00 | frontend | UP | 200 | 26ms
2026-10-05 18:30:00 | appwrite | UP | 200 | 229ms
2026-10-05 18:30:01 | r2-media | UP | 5/5 | 139ms | worst=292ms | samples=292,95,97,112,100
2026-10-05 18:30:02 | video-media | UP | 5/5 | 140ms | samples=104,139,192,124,142
----------------------------------------------------------------------------------------------------
2026-10-05 18:35:00 | frontend | UP | 200 | 30ms
2026-10-05 18:35:00 | appwrite | UP | 200 | 228ms
2026-10-05 18:35:01 | r2-media | UP | 5/5 | 191ms | worst=416ms | samples=178,416,95,97,169
2026-10-05 18:35:16 | video-media | UP | 5/5 | 123ms | samples=155,112,106,114,132
----------------------------------------------------------------------------------------------------
2026-10-05 18:40:01 | frontend | UP | 200 | 273ms
2026-10-05 18:40:01 | appwrite | UP | 200 | 420ms
2026-10-05 18:40:02 | r2-media | UP | 5/5 | 158ms | worst=259ms | samples=259,114,121,103,197
2026-10-05 18:40:03 | video-media | UP | 5/5 | 151ms | samples=230,160,127,144,97
----------------------------------------------------------------------------------------------------
2026-10-05 18:45:01 | frontend | UP | 200 | 76ms
2026-10-05 18:45:01 | appwrite | UP | 200 | 491ms
2026-10-05 18:45:02 | r2-media | UP | 5/5 | 130ms | worst=275ms | samples=98,275,83,104,91
2026-10-05 18:45:03 | video-media | UP | 5/5 | 233ms | samples=280,303,164,128,292
----------------------------------------------------------------------------------------------------
2026-10-05 18:50:00 | frontend | UP | 200 | 35ms
2026-10-05 18:50:00 | appwrite | UP | 200 | 300ms
2026-10-05 18:50:01 | r2-media | UP | 5/5 | 92ms | worst=97ms | samples=97,96,92,87,90
2026-10-05 18:50:02 | video-media | UP | 5/5 | 119ms | samples=125,127,104,131,112
----------------------------------------------------------------------------------------------------
2026-10-05 18:55:00 | frontend | UP | 200 | 269ms
2026-10-05 18:55:01 | appwrite | UP | 200 | 378ms
2026-10-05 18:55:01 | r2-media | UP | 5/5 | 108ms | worst=188ms | samples=188,92,80,82,99
2026-10-05 18:55:03 | video-media | UP | 5/5 | 188ms | samples=282,114,286,152,110
----------------------------------------------------------------------------------------------------
====================================================================================================
2026-10-05 19:00:00 | frontend | UP | 200 | 26ms
2026-10-05 19:00:01 | appwrite | UP | 200 | 431ms
2026-10-05 19:00:02 | r2-media | UP | 5/5 | 166ms | worst=394ms | samples=394,126,77,142,91
2026-10-05 19:00:03 | video-media | UP | 5/5 | 176ms | samples=268,215,148,123,127
----------------------------------------------------------------------------------------------------
2026-10-05 19:05:00 | frontend | UP | 200 | 24ms
2026-10-05 19:05:00 | appwrite | UP | 200 | 293ms
2026-10-05 19:05:02 | r2-media | UP | 5/5 | 226ms | worst=633ms | samples=633,97,142,154,106
2026-10-05 19:05:03 | video-media | UP | 5/5 | 185ms | samples=125,212,145,186,261
----------------------------------------------------------------------------------------------------
2026-10-05 19:10:00 | frontend | UP | 200 | 296ms
2026-10-05 19:10:00 | appwrite | UP | 200 | 289ms
2026-10-05 19:10:01 | r2-media | UP | 5/5 | 127ms | worst=167ms | samples=163,97,114,98,167
2026-10-05 19:10:02 | video-media | UP | 5/5 | 168ms | samples=222,129,239,127,126
----------------------------------------------------------------------------------------------------
2026-10-05 19:15:00 | frontend | UP | 200 | 36ms
2026-10-05 19:15:00 | appwrite | UP | 200 | 340ms
2026-10-05 19:15:01 | r2-media | UP | 5/5 | 160ms | worst=370ms | samples=370,87,112,138,93
2026-10-05 19:15:02 | video-media | UP | 5/5 | 203ms | samples=199,232,150,165,269
----------------------------------------------------------------------------------------------------
2026-10-05 19:20:00 | frontend | UP | 200 | 98ms
2026-10-05 19:20:00 | appwrite | UP | 200 | 354ms
2026-10-05 19:20:01 | r2-media | UP | 5/5 | 184ms | worst=332ms | samples=114,145,332,192,138
2026-10-05 19:20:02 | video-media | UP | 5/5 | 151ms | samples=211,126,177,144,97
----------------------------------------------------------------------------------------------------
2026-10-05 19:25:00 | frontend | UP | 200 | 285ms
2026-10-05 19:25:01 | appwrite | UP | 200 | 376ms
2026-10-05 19:25:02 | r2-media | UP | 5/5 | 155ms | worst=271ms | samples=86,105,271,187,129
2026-10-05 19:25:03 | video-media | UP | 5/5 | 165ms | samples=220,157,109,110,232
----------------------------------------------------------------------------------------------------
2026-10-05 19:30:00 | frontend | UP | 200 | 25ms
2026-10-05 19:30:01 | appwrite | UP | 200 | 164ms
2026-10-05 19:30:02 | r2-media | UP | 5/5 | 181ms | worst=305ms | samples=153,123,133,305,192
2026-10-05 19:30:03 | video-media | UP | 5/5 | 153ms | samples=170,181,119,144,152
----------------------------------------------------------------------------------------------------
2026-10-05 19:35:01 | frontend | UP | 200 | 280ms
2026-10-05 19:35:01 | appwrite | UP | 200 | 175ms
2026-10-05 19:35:02 | r2-media | UP | 5/5 | 152ms | worst=285ms | samples=131,146,285,108,92
2026-10-05 19:35:03 | video-media | UP | 5/5 | 181ms | samples=252,207,101,228,117
----------------------------------------------------------------------------------------------------
2026-10-05 19:40:00 | frontend | UP | 200 | 25ms
2026-10-05 19:40:01 | appwrite | UP | 200 | 429ms
2026-10-05 19:40:02 | r2-media | UP | 5/5 | 108ms | worst=117ms | samples=104,103,110,117,110
2026-10-05 19:40:20 | video-media | UP | 5/5 | 142ms | samples=254,113,97,157,90
----------------------------------------------------------------------------------------------------
2026-10-05 19:45:00 | frontend | UP | 200 | 28ms
2026-10-05 19:45:00 | appwrite | UP | 200 | 411ms
2026-10-05 19:45:01 | r2-media | UP | 5/5 | 121ms | worst=189ms | samples=189,97,102,99,120
2026-10-05 19:45:02 | video-media | UP | 5/5 | 146ms | samples=173,140,149,124,147
----------------------------------------------------------------------------------------------------
2026-10-05 19:50:00 | frontend | UP | 200 | 273ms
2026-10-05 19:50:00 | appwrite | UP | 200 | 281ms
2026-10-05 19:50:01 | r2-media | UP | 5/5 | 168ms | worst=277ms | samples=277,131,131,139,165
2026-10-05 19:50:02 | video-media | UP | 5/5 | 176ms | samples=162,264,144,172,139
----------------------------------------------------------------------------------------------------
2026-10-05 19:55:00 | frontend | UP | 200 | 25ms
2026-10-05 19:55:01 | appwrite | UP | 200 | 301ms
2026-10-05 19:55:02 | r2-media | UP | 5/5 | 130ms | worst=264ms | samples=264,102,71,107,108
2026-10-05 19:55:04 | video-media | UP | 5/5 | 411ms | samples=136,107,786,908,121
----------------------------------------------------------------------------------------------------
====================================================================================================
2026-10-05 20:00:00 | frontend | UP | 200 | 274ms
2026-10-05 20:00:01 | appwrite | UP | 200 | 321ms
2026-10-05 20:00:02 | r2-media | UP | 5/5 | 182ms | worst=351ms | samples=149,142,144,351,127
2026-10-05 20:00:04 | video-media | UP | 5/5 | 465ms | samples=984,167,249,766,160
----------------------------------------------------------------------------------------------------
2026-10-05 20:05:00 | frontend | UP | 200 | 25ms
2026-10-05 20:05:00 | appwrite | UP | 200 | 208ms
2026-10-05 20:05:01 | r2-media | UP | 5/5 | 133ms | worst=159ms | samples=159,136,101,135,136
2026-10-05 20:05:05 | video-media | UP | 5/5 | 612ms | samples=133,110,112,1524,1181
----------------------------------------------------------------------------------------------------
2026-10-05 20:10:00 | frontend | UP | 200 | 274ms
2026-10-05 20:10:01 | appwrite | UP | 200 | 344ms
2026-10-05 20:10:02 | r2-media | UP | 5/5 | 170ms | worst=290ms | samples=290,207,139,108,106
2026-10-05 20:10:05 | video-media | UP | 5/5 | 584ms | samples=150,1570,285,798,118
----------------------------------------------------------------------------------------------------
2026-10-05 20:15:00 | frontend | UP | 200 | 25ms
2026-10-05 20:15:00 | appwrite | UP | 200 | 367ms
2026-10-05 20:15:01 | r2-media | UP | 5/5 | 112ms | worst=131ms | samples=98,122,112,100,131
2026-10-05 20:15:02 | video-media | UP | 5/5 | 289ms | samples=133,193,140,777,205
----------------------------------------------------------------------------------------------------
2026-10-05 20:20:00 | frontend | UP | 200 | 81ms
2026-10-05 20:20:01 | appwrite | UP | 200 | 242ms
2026-10-05 20:20:01 | r2-media | UP | 5/5 | 148ms | worst=285ms | samples=285,110,110,128,110
2026-10-05 20:20:05 | video-media | UP | 5/5 | 583ms | samples=987,810,872,145,101
----------------------------------------------------------------------------------------------------
2026-10-05 20:25:00 | frontend | UP | 200 | 282ms
2026-10-05 20:25:01 | appwrite | UP | 200 | 389ms
2026-10-05 20:25:02 | r2-media | UP | 5/5 | 122ms | worst=142ms | samples=142,135,113,108,114
2026-10-05 20:25:05 | video-media | UP | 5/5 | 550ms | samples=788,791,217,811,144
----------------------------------------------------------------------------------------------------
2026-10-05 20:30:00 | frontend | UP | 200 | 24ms
2026-10-05 20:30:01 | appwrite | UP | 200 | 142ms
2026-10-05 20:30:01 | r2-media | UP | 5/5 | 144ms | worst=239ms | samples=120,129,101,239,135
2026-10-05 20:30:05 | video-media | UP | 5/5 | 742ms | samples=885,215,822,969,822
----------------------------------------------------------------------------------------------------
2026-10-05 20:35:01 | frontend | UP | 200 | 305ms
2026-10-05 20:35:01 | appwrite | UP | 200 | 430ms
2026-10-05 20:35:02 | r2-media | UP | 5/5 | 150ms | worst=301ms | samples=301,120,112,126,92
2026-10-05 20:35:05 | video-media | UP | 5/5 | 446ms | samples=115,774,917,293,131
----------------------------------------------------------------------------------------------------
2026-10-05 20:40:00 | frontend | UP | 200 | 25ms
2026-10-05 20:40:00 | appwrite | UP | 200 | 211ms
2026-10-05 20:40:05 | r2-media | UNSTABLE | 5/5 | 903ms | worst=4010ms | samples=111,84,102,4010,211
2026-10-05 20:40:08 | video-media | UP | 5/5 | 534ms | samples=831,108,138,786,810
----------------------------------------------------------------------------------------------------
2026-10-05 20:45:00 | frontend | UP | 200 | 26ms
2026-10-05 20:45:01 | appwrite | UP | 200 | 333ms
2026-10-05 20:45:01 | r2-media | UP | 5/5 | 108ms | worst=151ms | samples=91,151,107,98,94
2026-10-05 20:45:26 | video-media | UP | 5/5 | 302ms | samples=848,118,145,125,275
----------------------------------------------------------------------------------------------------
2026-10-05 20:50:00 | frontend | UP | 200 | 293ms
2026-10-05 20:50:01 | appwrite | UP | 200 | 294ms
2026-10-05 20:50:01 | r2-media | UP | 5/5 | 144ms | worst=243ms | samples=243,110,95,124,149
2026-10-05 20:50:02 | video-media | UP | 5/5 | 125ms | samples=143,141,117,102,126
----------------------------------------------------------------------------------------------------
2026-10-05 20:55:00 | frontend | UP | 200 | 41ms
2026-10-05 20:55:00 | appwrite | UP | 200 | 340ms
2026-10-05 20:55:01 | r2-media | UP | 5/5 | 155ms | worst=213ms | samples=109,183,213,172,101
2026-10-05 20:55:05 | video-media | UP | 5/5 | 722ms | samples=1032,768,793,877,144
----------------------------------------------------------------------------------------------------
====================================================================================================
2026-10-05 21:00:01 | frontend | UP | 200 | 280ms
2026-10-05 21:00:01 | appwrite | UP | 200 | 512ms
2026-10-05 21:00:02 | r2-media | UP | 5/5 | 149ms | worst=219ms | samples=219,175,116,129,109
2026-10-05 21:00:05 | video-media | UP | 5/5 | 613ms | samples=648,776,281,432,929
----------------------------------------------------------------------------------------------------
2026-10-05 21:05:00 | frontend | UP | 200 | 27ms
2026-10-05 21:05:00 | appwrite | UP | 200 | 460ms
2026-10-05 21:05:01 | r2-media | UP | 5/5 | 120ms | worst=148ms | samples=147,148,107,102,96
2026-10-05 21:05:04 | video-media | UP | 5/5 | 566ms | samples=108,805,172,148,1597
----------------------------------------------------------------------------------------------------
2026-10-05 21:10:00 | frontend | UP | 200 | 39ms
2026-10-05 21:10:01 | appwrite | UP | 200 | 123ms
2026-10-05 21:10:02 | r2-media | UP | 5/5 | 177ms | worst=411ms | samples=411,96,130,100,152
2026-10-05 21:10:06 | video-media | UP | 5/5 | 931ms | samples=125,924,2083,776,749
----------------------------------------------------------------------------------------------------
2026-10-05 21:15:01 | frontend | UP | 200 | 268ms
2026-10-05 21:15:01 | appwrite | UP | 200 | 487ms
2026-10-05 21:15:02 | r2-media | UP | 5/5 | 118ms | worst=160ms | samples=160,102,98,119,111
2026-10-05 21:15:04 | video-media | UP | 5/5 | 402ms | samples=162,153,783,747,169
----------------------------------------------------------------------------------------------------
2026-10-05 21:20:00 | frontend | UP | 200 | 38ms
2026-10-05 21:20:00 | appwrite | UP | 200 | 248ms
2026-10-05 21:20:01 | r2-media | UP | 5/5 | 114ms | worst=141ms | samples=103,141,94,121,111
2026-10-05 21:20:04 | video-media | UP | 5/5 | 637ms | samples=155,794,852,140,1248
----------------------------------------------------------------------------------------------------
2026-10-05 21:25:00 | frontend | UP | 200 | 100ms
2026-10-05 21:25:01 | appwrite | UP | 200 | 373ms
2026-10-05 21:25:01 | r2-media | UP | 5/5 | 159ms | worst=305ms | samples=305,98,152,114,126
2026-10-05 21:25:04 | video-media | UP | 5/5 | 518ms | samples=818,133,104,784,751
----------------------------------------------------------------------------------------------------
2026-10-05 21:30:00 | frontend | UP | 200 | 270ms
2026-10-05 21:30:00 | appwrite | UP | 200 | 296ms
2026-10-05 21:30:01 | r2-media | UP | 5/5 | 195ms | worst=331ms | samples=159,119,88,279,331
2026-10-05 21:30:03 | video-media | UP | 5/5 | 236ms | samples=129,213,147,559,133
----------------------------------------------------------------------------------------------------
2026-10-05 21:35:00 | frontend | UP | 200 | 27ms
2026-10-05 21:35:00 | appwrite | UP | 200 | 298ms
2026-10-05 21:35:02 | r2-media | UP | 5/5 | 213ms | worst=309ms | samples=89,224,309,215,230
2026-10-05 21:35:05 | video-media | UP | 5/5 | 572ms | samples=802,615,229,418,796
----------------------------------------------------------------------------------------------------
2026-10-05 21:40:00 | frontend | UP | 200 | 275ms
2026-10-05 21:40:01 | appwrite | UP | 200 | 254ms
2026-10-05 21:40:01 | r2-media | UP | 5/5 | 137ms | worst=221ms | samples=113,97,114,141,221
2026-10-05 21:40:05 | video-media | UP | 5/5 | 626ms | samples=1017,532,745,131,706
----------------------------------------------------------------------------------------------------
2026-10-05 21:45:00 | frontend | UP | 200 | 30ms
2026-10-05 21:45:00 | appwrite | UP | 200 | 229ms
2026-10-05 21:45:01 | r2-media | UP | 5/5 | 127ms | worst=202ms | samples=202,119,90,125,102
2026-10-05 21:45:02 | video-media | UP | 5/5 | 215ms | samples=134,123,160,143,518
----------------------------------------------------------------------------------------------------
2026-10-05 21:50:00 | frontend | UP | 200 | 40ms
2026-10-05 21:50:01 | appwrite | UP | 200 | 262ms
2026-10-05 21:50:01 | r2-media | UP | 5/5 | 148ms | worst=279ms | samples=279,138,122,109,96
2026-10-05 21:50:18 | video-media | UP | 5/5 | 258ms | samples=123,93,541,421,112
----------------------------------------------------------------------------------------------------
2026-10-05 21:55:00 | frontend | UP | 200 | 277ms
2026-10-05 21:55:00 | appwrite | UP | 200 | 152ms
2026-10-05 21:55:01 | r2-media | UP | 5/5 | 152ms | worst=212ms | samples=87,179,116,168,212
2026-10-05 21:55:04 | video-media | UP | 5/5 | 479ms | samples=475,99,444,1026,351
----------------------------------------------------------------------------------------------------
====================================================================================================
2026-10-05 22:00:00 | frontend | UP | 200 | 27ms
2026-10-05 22:00:00 | appwrite | UP | 200 | 284ms
2026-10-05 22:00:02 | r2-media | UP | 5/5 | 232ms | worst=466ms | samples=149,115,109,466,321
2026-10-05 22:00:04 | video-media | UP | 5/5 | 437ms | samples=282,468,128,746,561
----------------------------------------------------------------------------------------------------
2026-10-05 22:05:00 | frontend | UP | 200 | 28ms
2026-10-05 22:05:00 | appwrite | UP | 200 | 289ms
2026-10-05 22:05:01 | r2-media | UP | 5/5 | 122ms | worst=161ms | samples=140,78,161,103,128
2026-10-05 22:05:03 | video-media | UP | 5/5 | 377ms | samples=114,759,784,134,95
----------------------------------------------------------------------------------------------------
2026-10-05 22:10:01 | frontend | UP | 200 | 274ms
2026-10-05 22:10:01 | appwrite | UP | 200 | 373ms
2026-10-05 22:10:02 | r2-media | UP | 5/5 | 116ms | worst=147ms | samples=147,106,99,124,105
2026-10-05 22:10:04 | video-media | UP | 5/5 | 359ms | samples=122,653,93,793,134
----------------------------------------------------------------------------------------------------
2026-10-05 22:15:00 | frontend | UP | 200 | 27ms
2026-10-05 22:15:00 | appwrite | UP | 200 | 363ms
2026-10-05 22:15:01 | r2-media | UP | 5/5 | 140ms | worst=248ms | samples=90,248,99,158,105
2026-10-05 22:15:03 | video-media | UP | 5/5 | 342ms | samples=89,129,497,481,517
----------------------------------------------------------------------------------------------------
2026-10-05 22:20:00 | frontend | UP | 200 | 26ms
2026-10-05 22:20:00 | appwrite | UP | 200 | 292ms
2026-10-05 22:20:01 | r2-media | UP | 5/5 | 117ms | worst=271ms | samples=271,93,67,72,86
2026-10-05 22:20:02 | video-media | UP | 5/5 | 250ms | samples=131,417,167,146,391
----------------------------------------------------------------------------------------------------
2026-10-05 22:25:00 | frontend | UP | 200 | 275ms
2026-10-05 22:25:01 | appwrite | UP | 200 | 536ms
2026-10-05 22:25:01 | r2-media | UP | 5/5 | 127ms | worst=178ms | samples=176,88,87,178,110
2026-10-05 22:25:03 | video-media | UP | 5/5 | 333ms | samples=501,400,403,180,181
----------------------------------------------------------------------------------------------------
2026-10-05 22:30:00 | frontend | UP | 200 | 25ms
2026-10-05 22:30:01 | appwrite | UP | 200 | 204ms
2026-10-05 22:30:01 | r2-media | UP | 5/5 | 129ms | worst=167ms | samples=167,105,98,115,162
2026-10-05 22:30:03 | video-media | UP | 5/5 | 234ms | samples=204,154,141,265,406
----------------------------------------------------------------------------------------------------
2026-10-05 22:35:00 | frontend | UP | 200 | 38ms
2026-10-05 22:35:00 | appwrite | UP | 200 | 214ms
2026-10-05 22:35:01 | r2-media | UP | 5/5 | 120ms | worst=130ms | samples=130,110,117,130,117
2026-10-05 22:35:03 | video-media | UP | 5/5 | 349ms | samples=425,438,476,150,256
----------------------------------------------------------------------------------------------------
2026-10-05 22:40:00 | frontend | UP | 200 | 279ms
2026-10-05 22:40:00 | appwrite | UP | 200 | 349ms
2026-10-05 22:40:01 | r2-media | UP | 5/5 | 136ms | worst=205ms | samples=158,105,205,107,107
2026-10-05 22:40:03 | video-media | UP | 5/5 | 259ms | samples=188,136,120,578,273
----------------------------------------------------------------------------------------------------
2026-10-05 22:45:01 | frontend | UP | 200 | 26ms
2026-10-05 22:45:01 | appwrite | UP | 200 | 295ms
2026-10-05 22:45:02 | r2-media | UP | 5/5 | 122ms | worst=219ms | samples=219,85,108,104,98
2026-10-05 22:45:03 | video-media | UP | 5/5 | 254ms | samples=119,464,310,112,269
----------------------------------------------------------------------------------------------------
2026-10-05 22:50:00 | frontend | UP | 200 | 26ms
2026-10-05 22:50:00 | appwrite | UP | 200 | 362ms
2026-10-05 22:50:01 | r2-media | UP | 5/5 | 136ms | worst=301ms | samples=121,87,301,99,75
2026-10-05 22:50:03 | video-media | UP | 5/5 | 331ms | samples=424,438,271,232,293
----------------------------------------------------------------------------------------------------
2026-10-05 22:55:01 | frontend | UP | 200 | 304ms
2026-10-05 22:55:01 | appwrite | UP | 200 | 304ms
2026-10-05 22:55:02 | r2-media | UP | 5/5 | 120ms | worst=190ms | samples=190,71,164,102,74
2026-10-05 22:55:24 | video-media | UP | 5/5 | 153ms | samples=152,99,290,116,109
----------------------------------------------------------------------------------------------------
====================================================================================================
2026-10-05 23:00:00 | frontend | UP | 200 | 23ms
2026-10-05 23:00:01 | appwrite | UP | 200 | 324ms
2026-10-05 23:00:02 | r2-media | UP | 5/5 | 215ms | worst=533ms | samples=533,123,196,130,94
2026-10-05 23:00:03 | video-media | UP | 5/5 | 146ms | samples=121,118,250,100,143
----------------------------------------------------------------------------------------------------
2026-10-05 23:05:00 | frontend | UP | 200 | 28ms
2026-10-05 23:05:00 | appwrite | UP | 200 | 206ms
2026-10-05 23:05:01 | r2-media | UP | 5/5 | 98ms | worst=111ms | samples=109,77,111,104,93
2026-10-05 23:05:02 | video-media | UP | 5/5 | 299ms | samples=331,124,267,521,252
----------------------------------------------------------------------------------------------------
2026-10-05 23:10:01 | frontend | UP | 200 | 284ms
2026-10-05 23:10:01 | appwrite | UP | 200 | 424ms
2026-10-05 23:10:02 | r2-media | UP | 5/5 | 141ms | worst=186ms | samples=186,137,93,173,116
2026-10-05 23:10:03 | video-media | UP | 5/5 | 197ms | samples=391,115,197,120,164
----------------------------------------------------------------------------------------------------
2026-10-05 23:15:00 | frontend | UP | 200 | 39ms
2026-10-05 23:15:00 | appwrite | UP | 200 | 358ms
2026-10-05 23:15:01 | r2-media | UP | 5/5 | 141ms | worst=302ms | samples=121,302,93,98,93
2026-10-05 23:15:02 | video-media | UP | 5/5 | 153ms | samples=152,186,129,163,136
----------------------------------------------------------------------------------------------------
2026-10-05 23:20:00 | frontend | UP | 200 | 24ms
2026-10-05 23:20:01 | appwrite | UP | 200 | 298ms
2026-10-05 23:20:01 | r2-media | UP | 5/5 | 117ms | worst=184ms | samples=184,83,118,101,102
2026-10-05 23:20:03 | video-media | UP | 5/5 | 283ms | samples=150,620,312,113,220
----------------------------------------------------------------------------------------------------
2026-10-05 23:25:01 | frontend | UP | 200 | 296ms
2026-10-05 23:25:01 | appwrite | UP | 200 | 222ms
2026-10-05 23:25:02 | r2-media | UP | 5/5 | 107ms | worst=202ms | samples=202,72,88,91,86
2026-10-05 23:25:03 | video-media | UP | 5/5 | 248ms | samples=335,239,227,241,201
----------------------------------------------------------------------------------------------------
2026-10-05 23:30:00 | frontend | UP | 200 | 30ms
2026-10-05 23:30:00 | appwrite | UP | 200 | 201ms
2026-10-05 23:30:01 | r2-media | UP | 5/5 | 88ms | worst=101ms | samples=86,101,84,76,93
2026-10-05 23:30:02 | video-media | UP | 5/5 | 155ms | samples=106,112,282,149,127
----------------------------------------------------------------------------------------------------
2026-10-05 23:35:00 | frontend | UP | 200 | 29ms
2026-10-05 23:35:00 | appwrite | UP | 200 | 312ms
2026-10-05 23:35:01 | r2-media | UP | 5/5 | 91ms | worst=110ms | samples=83,77,100,110,86
2026-10-05 23:35:01 | video-media | UP | 5/5 | 107ms | samples=120,95,105,104,112
----------------------------------------------------------------------------------------------------
2026-10-05 23:40:01 | frontend | UP | 200 | 280ms
2026-10-05 23:40:01 | appwrite | UP | 200 | 381ms
2026-10-05 23:40:02 | r2-media | UP | 5/5 | 138ms | worst=210ms | samples=208,92,210,105,78
2026-10-05 23:40:04 | video-media | UP | 5/5 | 282ms | samples=223,843,104,118,124
----------------------------------------------------------------------------------------------------
2026-10-05 23:45:00 | frontend | UP | 200 | 35ms
2026-10-05 23:45:00 | appwrite | UP | 200 | 214ms
2026-10-05 23:45:01 | r2-media | UP | 5/5 | 101ms | worst=119ms | samples=109,102,93,119,82
2026-10-05 23:45:02 | video-media | UP | 5/5 | 136ms | samples=156,167,106,129,123
----------------------------------------------------------------------------------------------------
2026-10-05 23:50:00 | frontend | UP | 200 | 35ms
2026-10-05 23:50:00 | appwrite | UP | 200 | 139ms
2026-10-05 23:50:00 | r2-media | UP | 5/5 | 91ms | worst=144ms | samples=144,68,75,91,79
2026-10-05 23:50:01 | video-media | UP | 5/5 | 136ms | samples=118,137,101,208,116
----------------------------------------------------------------------------------------------------
2026-10-05 23:55:00 | frontend | UP | 200 | 268ms
2026-10-05 23:55:00 | appwrite | UP | 200 | 123ms
2026-10-05 23:55:01 | r2-media | UP | 5/5 | 145ms | worst=282ms | samples=282,179,100,74,92
2026-10-05 23:55:02 | video-media | UP | 5/5 | 251ms | samples=330,116,619,95,97
----------------------------------------------------------------------------------------------------
====================================================================================================
2026-10-06 00:00:01 | frontend | UP | 200 | 281ms
2026-10-06 00:00:01 | appwrite | UP | 200 | 468ms
2026-10-06 00:00:03 | r2-media | UP | 5/5 | 211ms | worst=401ms | samples=273,115,111,401,159
2026-10-06 00:00:20 | video-media | UP | 5/5 | 137ms | samples=246,107,133,112,89
----------------------------------------------------------------------------------------------------
2026-10-06 00:05:00 | frontend | UP | 200 | 285ms
2026-10-06 00:05:00 | appwrite | UP | 200 | 187ms
2026-10-06 00:05:01 | r2-media | UP | 5/5 | 109ms | worst=154ms | samples=92,154,112,101,89
2026-10-06 00:05:02 | video-media | UP | 5/5 | 146ms | samples=144,200,123,165,99
----------------------------------------------------------------------------------------------------
2026-10-06 00:10:01 | frontend | UP | 200 | 26ms
2026-10-06 00:10:01 | appwrite | UP | 200 | 232ms
2026-10-06 00:10:02 | r2-media | UP | 5/5 | 154ms | worst=346ms | samples=346,123,89,111,104
2026-10-06 00:10:02 | video-media | UP | 5/5 | 116ms | samples=114,115,91,112,148
----------------------------------------------------------------------------------------------------
2026-10-06 00:15:01 | frontend | UP | 200 | 273ms
2026-10-06 00:15:01 | appwrite | UP | 200 | 442ms
2026-10-06 00:15:02 | r2-media | UP | 5/5 | 156ms | worst=421ms | samples=421,77,80,101,102
2026-10-06 00:15:03 | video-media | UP | 5/5 | 135ms | samples=203,156,108,81,129
----------------------------------------------------------------------------------------------------
2026-10-06 00:20:00 | frontend | UP | 200 | 25ms
2026-10-06 00:20:00 | appwrite | UP | 200 | 205ms
2026-10-06 00:20:01 | r2-media | UP | 5/5 | 95ms | worst=130ms | samples=94,77,87,91,130
2026-10-06 00:20:02 | video-media | UP | 5/5 | 113ms | samples=104,139,109,101,112
----------------------------------------------------------------------------------------------------
2026-10-06 00:25:00 | frontend | UP | 200 | 32ms
2026-10-06 00:25:00 | appwrite | UP | 200 | 280ms
2026-10-06 00:25:01 | r2-media | UP | 5/5 | 144ms | worst=308ms | samples=308,76,90,168,80
2026-10-06 00:25:02 | video-media | UP | 5/5 | 126ms | samples=179,100,116,116,121
----------------------------------------------------------------------------------------------------
2026-10-06 00:30:01 | frontend | UP | 200 | 428ms
2026-10-06 00:30:01 | appwrite | UP | 200 | 593ms
2026-10-06 00:30:02 | r2-media | UP | 5/5 | 144ms | worst=223ms | samples=190,80,86,145,223
2026-10-06 00:30:03 | video-media | UP | 5/5 | 149ms | samples=248,97,132,168,100
----------------------------------------------------------------------------------------------------
2026-10-06 00:35:00 | frontend | UP | 200 | 28ms
2026-10-06 00:35:00 | appwrite | UP | 200 | 348ms
2026-10-06 00:35:01 | r2-media | UP | 5/5 | 106ms | worst=174ms | samples=95,82,174,86,93
2026-10-06 00:35:02 | video-media | UP | 5/5 | 129ms | samples=107,100,129,188,121
----------------------------------------------------------------------------------------------------
2026-10-06 00:40:00 | frontend | UP | 200 | 30ms
2026-10-06 00:40:00 | appwrite | UP | 200 | 208ms
2026-10-06 00:40:01 | r2-media | UP | 5/5 | 107ms | worst=142ms | samples=142,120,98,96,79
2026-10-06 00:40:02 | video-media | UP | 5/5 | 142ms | samples=171,163,137,116,127
----------------------------------------------------------------------------------------------------
2026-10-06 00:45:00 | frontend | UP | 200 | 283ms
2026-10-06 00:45:00 | appwrite | UP | 200 | 281ms
2026-10-06 00:45:01 | r2-media | UP | 5/5 | 151ms | worst=281ms | samples=93,210,281,90,83
2026-10-06 00:45:02 | video-media | UP | 5/5 | 137ms | samples=106,115,232,124,111
----------------------------------------------------------------------------------------------------
2026-10-06 00:50:00 | frontend | UP | 200 | 31ms
2026-10-06 00:50:00 | appwrite | UP | 200 | 288ms
2026-10-06 00:50:01 | r2-media | UP | 5/5 | 132ms | worst=249ms | samples=111,98,103,101,249
2026-10-06 00:50:02 | video-media | UP | 5/5 | 135ms | samples=108,110,225,122,111
----------------------------------------------------------------------------------------------------
2026-10-06 00:55:01 | frontend | UP | 200 | 289ms
2026-10-06 00:55:01 | appwrite | UP | 200 | 362ms
2026-10-06 00:55:02 | r2-media | UP | 5/5 | 125ms | worst=175ms | samples=155,175,99,90,107
2026-10-06 00:55:02 | video-media | UP | 5/5 | 118ms | samples=157,90,107,114,125
----------------------------------------------------------------------------------------------------
====================================================================================================
2026-10-06 01:00:00 | frontend | UP | 200 | 26ms
2026-10-06 01:00:00 | appwrite | UP | 200 | 216ms
2026-10-06 01:00:01 | r2-media | UP | 5/5 | 84ms | worst=94ms | samples=84,78,92,94,72
2026-10-06 01:00:02 | video-media | UP | 5/5 | 106ms | samples=104,111,118,103,96
----------------------------------------------------------------------------------------------------
2026-10-06 01:05:00 | frontend | UP | 200 | 83ms
2026-10-06 01:05:00 | appwrite | UP | 200 | 270ms
2026-10-06 01:05:01 | r2-media | UP | 5/5 | 82ms | worst=95ms | samples=76,75,95,77,87
2026-10-06 01:05:15 | video-media | UP | 5/5 | 193ms | samples=98,89,170,513,98
----------------------------------------------------------------------------------------------------
2026-10-06 01:10:00 | frontend | UP | 200 | 269ms
2026-10-06 01:10:00 | appwrite | UP | 200 | 216ms
2026-10-06 01:10:01 | r2-media | UP | 5/5 | 127ms | worst=252ms | samples=252,84,144,69,90
2026-10-06 01:10:02 | video-media | UP | 5/5 | 109ms | samples=116,100,96,102,133
----------------------------------------------------------------------------------------------------
2026-10-06 01:15:00 | frontend | UP | 200 | 35ms
2026-10-06 01:15:00 | appwrite | UP | 200 | 216ms
2026-10-06 01:15:01 | r2-media | UP | 5/5 | 111ms | worst=236ms | samples=90,71,236,85,75
2026-10-06 01:15:02 | video-media | UP | 5/5 | 100ms | samples=102,87,98,124,93
----------------------------------------------------------------------------------------------------
2026-10-06 01:20:01 | frontend | UP | 200 | 296ms
2026-10-06 01:20:01 | appwrite | UP | 200 | 386ms
2026-10-06 01:20:02 | r2-media | UP | 5/5 | 121ms | worst=264ms | samples=264,94,94,85,70
2026-10-06 01:20:03 | video-media | UP | 5/5 | 128ms | samples=194,93,131,78,144
----------------------------------------------------------------------------------------------------
2026-10-06 01:25:00 | frontend | UP | 200 | 28ms
2026-10-06 01:25:00 | appwrite | UP | 200 | 283ms
2026-10-06 01:25:01 | r2-media | UP | 5/5 | 83ms | worst=108ms | samples=72,79,79,80,108
2026-10-06 01:25:02 | video-media | UP | 5/5 | 105ms | samples=98,84,126,113,106
----------------------------------------------------------------------------------------------------
2026-10-06 01:30:00 | frontend | UP | 200 | 187ms
2026-10-06 01:30:01 | appwrite | UP | 200 | 306ms
2026-10-06 01:30:02 | r2-media | UP | 5/5 | 118ms | worst=189ms | samples=189,102,79,120,102
2026-10-06 01:30:02 | video-media | UP | 5/5 | 102ms | samples=96,106,124,91,93
----------------------------------------------------------------------------------------------------
2026-10-06 01:35:00 | frontend | UP | 200 | 272ms
2026-10-06 01:35:01 | appwrite | UP | 200 | 292ms
2026-10-06 01:35:01 | r2-media | UP | 5/5 | 110ms | worst=200ms | samples=82,200,85,97,90
2026-10-06 01:35:02 | video-media | UP | 5/5 | 129ms | samples=184,137,105,112,110
----------------------------------------------------------------------------------------------------
2026-10-06 01:40:00 | frontend | UP | 200 | 27ms
2026-10-06 01:40:00 | appwrite | UP | 200 | 274ms
2026-10-06 01:40:01 | r2-media | UP | 5/5 | 77ms | worst=111ms | samples=78,76,59,62,111
2026-10-06 01:40:02 | video-media | UP | 5/5 | 143ms | samples=113,90,116,69,331
----------------------------------------------------------------------------------------------------
2026-10-06 01:45:00 | frontend | UP | 200 | 24ms
2026-10-06 01:45:00 | appwrite | UP | 200 | 271ms
2026-10-06 01:45:01 | r2-media | UP | 5/5 | 145ms | worst=296ms | samples=201,75,72,296,81
2026-10-06 01:45:02 | video-media | UP | 5/5 | 123ms | samples=188,75,100,164,89
----------------------------------------------------------------------------------------------------
2026-10-06 01:50:01 | frontend | UP | 200 | 287ms
2026-10-06 01:50:01 | appwrite | UP | 200 | 475ms
2026-10-06 01:50:02 | r2-media | UP | 5/5 | 105ms | worst=177ms | samples=177,93,76,78,104
2026-10-06 01:50:03 | video-media | UP | 5/5 | 90ms | samples=113,70,89,84,96
----------------------------------------------------------------------------------------------------
2026-10-06 01:55:00 | frontend | UP | 200 | 24ms
2026-10-06 01:55:00 | appwrite | UP | 200 | 342ms
2026-10-06 01:55:00 | r2-media | UP | 5/5 | 76ms | worst=88ms | samples=72,83,88,70,71
2026-10-06 01:55:01 | video-media | UP | 5/5 | 84ms | samples=79,80,80,98,84
----------------------------------------------------------------------------------------------------
====================================================================================================
2026-10-06 02:00:00 | frontend | UP | 200 | 31ms
2026-10-06 02:00:01 | appwrite | UP | 200 | 126ms
2026-10-06 02:00:01 | r2-media | UP | 5/5 | 102ms | worst=172ms | samples=172,108,68,84,81
2026-10-06 02:00:02 | video-media | UP | 5/5 | 100ms | samples=134,114,87,81,87
----------------------------------------------------------------------------------------------------
2026-10-06 02:05:00 | frontend | UP | 200 | 363ms
2026-10-06 02:05:00 | appwrite | UP | 200 | 307ms
2026-10-06 02:05:01 | r2-media | UP | 5/5 | 94ms | worst=148ms | samples=71,105,148,77,72
2026-10-06 02:05:02 | video-media | UP | 5/5 | 121ms | samples=85,90,250,85,96
----------------------------------------------------------------------------------------------------
2026-10-06 02:10:00 | frontend | UP | 200 | 35ms
2026-10-06 02:10:00 | appwrite | UP | 200 | 335ms
2026-10-06 02:10:01 | r2-media | UP | 5/5 | 129ms | worst=241ms | samples=88,127,79,111,241
2026-10-06 02:10:13 | video-media | UP | 5/5 | 130ms | samples=196,98,157,110,91
----------------------------------------------------------------------------------------------------
2026-10-06 02:15:00 | frontend | UP | 200 | 36ms
2026-10-06 02:15:00 | appwrite | UP | 200 | 280ms
2026-10-06 02:15:01 | r2-media | UP | 5/5 | 79ms | worst=92ms | samples=72,92,72,80,82
2026-10-06 02:15:01 | video-media | UP | 5/5 | 138ms | samples=120,174,119,187,94
----------------------------------------------------------------------------------------------------
2026-10-06 02:20:00 | frontend | UP | 200 | 272ms
2026-10-06 02:20:00 | appwrite | UP | 200 | 207ms
2026-10-06 02:20:01 | r2-media | UP | 5/5 | 105ms | worst=230ms | samples=230,84,66,74,74
2026-10-06 02:20:02 | video-media | UP | 5/5 | 106ms | samples=159,95,77,100,99
----------------------------------------------------------------------------------------------------
2026-10-06 02:25:00 | frontend | UP | 200 | 33ms
2026-10-06 02:25:00 | appwrite | UP | 200 | 274ms
2026-10-06 02:25:01 | r2-media | UP | 5/5 | 173ms | worst=328ms | samples=84,79,328,304,74
2026-10-06 02:25:02 | video-media | UP | 5/5 | 85ms | samples=102,82,84,80,78
----------------------------------------------------------------------------------------------------
2026-10-06 02:30:00 | frontend | UP | 200 | 285ms
2026-10-06 02:30:01 | appwrite | UP | 200 | 362ms
2026-10-06 02:30:02 | r2-media | UP | 5/5 | 191ms | worst=439ms | samples=231,114,69,439,105
2026-10-06 02:30:02 | video-media | UP | 5/5 | 85ms | samples=97,89,79,85,79
----------------------------------------------------------------------------------------------------
2026-10-06 02:35:00 | frontend | UP | 200 | 82ms
2026-10-06 02:35:00 | appwrite | UP | 200 | 136ms
2026-10-06 02:35:01 | r2-media | UP | 5/5 | 73ms | worst=86ms | samples=78,77,60,65,86
2026-10-06 02:35:02 | video-media | UP | 5/5 | 105ms | samples=111,89,123,117,89
----------------------------------------------------------------------------------------------------
2026-10-06 02:40:00 | frontend | UP | 200 | 29ms
2026-10-06 02:40:01 | appwrite | UP | 200 | 365ms
2026-10-06 02:40:01 | r2-media | UP | 5/5 | 81ms | worst=153ms | samples=153,64,60,62,69
2026-10-06 02:40:02 | video-media | UP | 5/5 | 95ms | samples=98,107,81,104,85
----------------------------------------------------------------------------------------------------
2026-10-06 02:45:01 | frontend | UP | 200 | 295ms
2026-10-06 02:45:01 | appwrite | UP | 200 | 318ms
2026-10-06 02:45:02 | r2-media | UP | 5/5 | 99ms | worst=158ms | samples=158,82,82,110,65
2026-10-06 02:45:02 | video-media | UP | 5/5 | 89ms | samples=87,69,72,82,138
----------------------------------------------------------------------------------------------------
2026-10-06 02:50:00 | frontend | UP | 200 | 29ms
2026-10-06 02:50:01 | appwrite | UP | 200 | 128ms
2026-10-06 02:50:01 | r2-media | UP | 5/5 | 73ms | worst=86ms | samples=78,86,84,61,59
2026-10-06 02:50:02 | video-media | UP | 5/5 | 90ms | samples=92,98,83,92,85
----------------------------------------------------------------------------------------------------
2026-10-06 02:55:00 | frontend | UP | 200 | 33ms
2026-10-06 02:55:01 | appwrite | UP | 200 | 288ms
2026-10-06 02:55:01 | r2-media | UP | 5/5 | 110ms | worst=219ms | samples=219,119,60,79,77
2026-10-06 02:55:02 | video-media | UP | 5/5 | 80ms | samples=117,68,69,69,79
----------------------------------------------------------------------------------------------------
====================================================================================================
2026-10-06 03:00:01 | frontend | UP | 200 | 508ms
2026-10-06 03:00:01 | appwrite | UP | 200 | 318ms
2026-10-06 03:00:02 | r2-media | UP | 5/5 | 120ms | worst=273ms | samples=273,90,77,86,75
2026-10-06 03:00:03 | video-media | UP | 5/5 | 107ms | samples=191,91,94,83,78
----------------------------------------------------------------------------------------------------
2026-10-06 03:05:01 | frontend | UP | 200 | 155ms
2026-10-06 03:05:01 | appwrite | UP | 200 | 356ms
2026-10-06 03:05:02 | r2-media | UP | 5/5 | 93ms | worst=154ms | samples=104,154,76,62,73
2026-10-06 03:05:02 | video-media | UP | 5/5 | 109ms | samples=92,78,87,99,193
----------------------------------------------------------------------------------------------------
2026-10-06 03:10:00 | frontend | UP | 200 | 26ms
2026-10-06 03:10:00 | appwrite | UP | 200 | 292ms
2026-10-06 03:10:01 | r2-media | UP | 5/5 | 81ms | worst=115ms | samples=107,55,72,58,115
2026-10-06 03:10:02 | video-media | UP | 5/5 | 137ms | samples=120,84,85,306,91
----------------------------------------------------------------------------------------------------
2026-10-06 03:15:00 | frontend | UP | 200 | 266ms
2026-10-06 03:15:00 | appwrite | UP | 200 | 295ms
2026-10-06 03:15:01 | r2-media | UP | 5/5 | 80ms | worst=102ms | samples=102,79,62,63,98
2026-10-06 03:15:13 | video-media | UP | 5/5 | 89ms | samples=108,91,65,107,75
----------------------------------------------------------------------------------------------------
2026-10-06 03:20:00 | frontend | UP | 200 | 29ms
2026-10-06 03:20:00 | appwrite | UP | 200 | 202ms
2026-10-06 03:20:01 | r2-media | UP | 5/5 | 105ms | worst=224ms | samples=224,74,79,74,74
2026-10-06 03:20:02 | video-media | UP | 5/5 | 106ms | samples=102,151,111,80,90
----------------------------------------------------------------------------------------------------
2026-10-06 03:25:00 | frontend | UP | 200 | 27ms
2026-10-06 03:25:00 | appwrite | UP | 200 | 228ms
2026-10-06 03:25:01 | r2-media | UP | 5/5 | 126ms | worst=230ms | samples=64,88,80,170,230
2026-10-06 03:25:02 | video-media | UP | 5/5 | 83ms | samples=100,73,102,60,84
----------------------------------------------------------------------------------------------------
2026-10-06 03:30:00 | frontend | UP | 200 | 280ms
2026-10-06 03:30:00 | appwrite | UP | 200 | 294ms
2026-10-06 03:30:01 | r2-media | UP | 5/5 | 96ms | worst=216ms | samples=59,59,67,216,80
2026-10-06 03:30:02 | video-media | UP | 5/5 | 139ms | samples=78,262,138,116,104
----------------------------------------------------------------------------------------------------
2026-10-06 03:35:01 | frontend | UP | 200 | 165ms
2026-10-06 03:35:01 | appwrite | UP | 200 | 420ms
2026-10-06 03:35:02 | r2-media | UP | 5/5 | 80ms | worst=152ms | samples=152,65,58,68,59
2026-10-06 03:35:02 | video-media | UP | 5/5 | 88ms | samples=91,74,99,70,106
----------------------------------------------------------------------------------------------------
2026-10-06 03:40:01 | frontend | UP | 200 | 264ms
2026-10-06 03:40:01 | appwrite | UP | 200 | 285ms
2026-10-06 03:40:02 | r2-media | UP | 5/5 | 120ms | worst=208ms | samples=161,208,84,63,87
2026-10-06 03:40:02 | video-media | UP | 5/5 | 90ms | samples=110,80,72,92,96
----------------------------------------------------------------------------------------------------
2026-10-06 03:45:00 | frontend | UP | 200 | 29ms
2026-10-06 03:45:00 | appwrite | UP | 200 | 286ms
2026-10-06 03:45:01 | r2-media | UP | 5/5 | 66ms | worst=78ms | samples=62,68,60,64,78
2026-10-06 03:45:01 | video-media | UP | 5/5 | 97ms | samples=146,89,89,70,91
----------------------------------------------------------------------------------------------------
2026-10-06 03:50:00 | frontend | UP | 200 | 40ms
2026-10-06 03:50:00 | appwrite | UP | 200 | 199ms
2026-10-06 03:50:01 | r2-media | UP | 5/5 | 134ms | worst=294ms | samples=294,148,76,71,82
2026-10-06 03:50:02 | video-media | UP | 5/5 | 82ms | samples=98,75,65,74,101
----------------------------------------------------------------------------------------------------
2026-10-06 03:55:01 | frontend | UP | 200 | 282ms
2026-10-06 03:55:01 | appwrite | UP | 200 | 368ms
2026-10-06 03:55:02 | r2-media | UP | 5/5 | 171ms | worst=563ms | samples=563,60,66,79,87
2026-10-06 03:55:03 | video-media | UP | 5/5 | 77ms | samples=120,77,67,68,55
----------------------------------------------------------------------------------------------------
====================================================================================================
2026-10-06 04:00:00 | frontend | UP | 200 | 30ms
2026-10-06 04:00:00 | appwrite | UP | 200 | 214ms
2026-10-06 04:00:01 | r2-media | UP | 5/5 | 92ms | worst=192ms | samples=82,192,62,61,64
2026-10-06 04:00:01 | video-media | UP | 5/5 | 104ms | samples=82,119,119,109,92
----------------------------------------------------------------------------------------------------
2026-10-06 04:05:00 | frontend | UP | 200 | 26ms
2026-10-06 04:05:00 | appwrite | UP | 200 | 216ms
2026-10-06 04:05:00 | r2-media | UP | 5/5 | 66ms | worst=80ms | samples=80,63,58,69,63
2026-10-06 04:05:01 | video-media | UP | 5/5 | 80ms | samples=83,82,84,79,72
----------------------------------------------------------------------------------------------------
2026-10-06 04:10:00 | frontend | UP | 200 | 291ms
2026-10-06 04:10:01 | appwrite | UP | 200 | 121ms
2026-10-06 04:10:01 | r2-media | UP | 5/5 | 103ms | worst=220ms | samples=220,63,81,71,81
2026-10-06 04:10:02 | video-media | UP | 5/5 | 143ms | samples=65,91,98,100,365
----------------------------------------------------------------------------------------------------
2026-10-06 04:15:01 | frontend | UP | 200 | 41ms
2026-10-06 04:15:01 | appwrite | UP | 200 | 299ms
2026-10-06 04:15:02 | r2-media | UP | 5/5 | 101ms | worst=232ms | samples=232,57,75,77,66
2026-10-06 04:15:02 | video-media | UP | 5/5 | 91ms | samples=104,131,66,76,79
----------------------------------------------------------------------------------------------------
2026-10-06 04:20:00 | frontend | UP | 200 | 26ms
2026-10-06 04:20:00 | appwrite | UP | 200 | 216ms
2026-10-06 04:20:00 | r2-media | UP | 5/5 | 61ms | worst=66ms | samples=66,60,60,62,61
2026-10-06 04:20:12 | video-media | UP | 5/5 | 116ms | samples=191,89,152,75,75
----------------------------------------------------------------------------------------------------
2026-10-06 04:25:01 | frontend | UP | 200 | 272ms
2026-10-06 04:25:01 | appwrite | UP | 200 | 241ms
2026-10-06 04:25:02 | r2-media | UP | 5/5 | 95ms | worst=223ms | samples=223,63,55,64,72
2026-10-06 04:25:02 | video-media | UP | 5/5 | 71ms | samples=81,69,68,69,71
----------------------------------------------------------------------------------------------------
2026-10-06 04:30:00 | frontend | UP | 200 | 32ms
2026-10-06 04:30:00 | appwrite | UP | 200 | 281ms
2026-10-06 04:30:01 | r2-media | UP | 5/5 | 81ms | worst=101ms | samples=99,64,63,78,101
2026-10-06 04:30:02 | video-media | UP | 5/5 | 101ms | samples=76,110,113,117,91
----------------------------------------------------------------------------------------------------
2026-10-06 04:35:00 | frontend | UP | 200 | 27ms
2026-10-06 04:35:00 | appwrite | UP | 200 | 345ms
2026-10-06 04:35:01 | r2-media | UP | 5/5 | 67ms | worst=79ms | samples=74,59,68,55,79
2026-10-06 04:35:01 | video-media | UP | 5/5 | 89ms | samples=99,85,94,91,80
----------------------------------------------------------------------------------------------------
2026-10-06 04:40:00 | frontend | UP | 200 | 350ms
2026-10-06 04:40:01 | appwrite | UP | 200 | 367ms
2026-10-06 04:40:01 | r2-media | UP | 5/5 | 94ms | worst=153ms | samples=153,91,64,70,95
2026-10-06 04:40:02 | video-media | UP | 5/5 | 99ms | samples=167,99,81,73,78
----------------------------------------------------------------------------------------------------
2026-10-06 04:45:00 | frontend | UP | 200 | 41ms
2026-10-06 04:45:01 | appwrite | UP | 200 | 212ms
2026-10-06 04:45:01 | r2-media | UP | 5/5 | 87ms | worst=162ms | samples=79,162,61,65,69
2026-10-06 04:45:02 | video-media | UP | 5/5 | 105ms | samples=87,158,127,85,68
----------------------------------------------------------------------------------------------------
2026-10-06 04:50:00 | frontend | UP | 200 | 41ms
2026-10-06 04:50:01 | appwrite | UP | 200 | 275ms
2026-10-06 04:50:01 | r2-media | UP | 5/5 | 88ms | worst=211ms | samples=56,56,55,63,211
2026-10-06 04:50:02 | video-media | UP | 5/5 | 88ms | samples=123,79,76,84,82
----------------------------------------------------------------------------------------------------
2026-10-06 04:55:00 | frontend | UP | 200 | 269ms
2026-10-06 04:55:01 | appwrite | UP | 200 | 360ms
2026-10-06 04:55:01 | r2-media | UP | 5/5 | 99ms | worst=162ms | samples=157,57,51,70,162
2026-10-06 04:55:02 | video-media | UP | 5/5 | 77ms | samples=77,75,77,84,73
----------------------------------------------------------------------------------------------------
====================================================================================================
2026-10-06 05:00:00 | frontend | UP | 200 | 41ms
2026-10-06 05:00:00 | appwrite | UP | 200 | 128ms
2026-10-06 05:00:01 | r2-media | UP | 5/5 | 65ms | worst=74ms | samples=74,69,65,60,61
2026-10-06 05:00:02 | video-media | UP | 5/5 | 115ms | samples=93,89,90,109,197
----------------------------------------------------------------------------------------------------
2026-10-06 05:05:01 | frontend | UP | 200 | 310ms
2026-10-06 05:05:01 | appwrite | UP | 200 | 213ms
2026-10-06 05:05:02 | r2-media | UP | 5/5 | 91ms | worst=149ms | samples=149,62,62,114,69
2026-10-06 05:05:02 | video-media | UP | 5/5 | 82ms | samples=88,67,88,85,83
----------------------------------------------------------------------------------------------------
2026-10-06 05:10:01 | frontend | UP | 200 | 44ms
2026-10-06 05:10:01 | appwrite | UP | 200 | 215ms
2026-10-06 05:10:01 | r2-media | UP | 5/5 | 110ms | worst=154ms | samples=149,83,82,154,84
2026-10-06 05:10:02 | video-media | UP | 5/5 | 81ms | samples=74,94,91,79,71
----------------------------------------------------------------------------------------------------
2026-10-06 05:15:00 | frontend | UP | 200 | 31ms
2026-10-06 05:15:01 | appwrite | UP | 200 | 280ms
2026-10-06 05:15:01 | r2-media | UP | 5/5 | 80ms | worst=96ms | samples=59,80,96,83,83
2026-10-06 05:15:02 | video-media | UP | 5/5 | 82ms | samples=88,72,86,69,98
----------------------------------------------------------------------------------------------------
2026-10-06 05:20:00 | frontend | UP | 200 | 264ms
2026-10-06 05:20:01 | appwrite | UP | 200 | 209ms
2026-10-06 05:20:02 | r2-media | UP | 5/5 | 136ms | worst=246ms | samples=68,211,67,246,91
2026-10-06 05:20:02 | video-media | UP | 5/5 | 114ms | samples=179,101,89,91,111
----------------------------------------------------------------------------------------------------
2026-10-06 05:25:00 | frontend | UP | 200 | 30ms
2026-10-06 05:25:00 | appwrite | UP | 200 | 140ms
2026-10-06 05:25:00 | r2-media | UP | 5/5 | 71ms | worst=75ms | samples=74,75,70,74,62
2026-10-06 05:25:11 | video-media | UP | 5/5 | 157ms | samples=88,86,459,81,74
----------------------------------------------------------------------------------------------------
2026-10-06 05:30:00 | frontend | UP | 200 | 25ms
2026-10-06 05:30:00 | appwrite | UP | 200 | 225ms
2026-10-06 05:30:01 | r2-media | UP | 5/5 | 107ms | worst=236ms | samples=236,76,89,69,66
2026-10-06 05:30:02 | video-media | UP | 5/5 | 96ms | samples=89,79,96,123,96
----------------------------------------------------------------------------------------------------
2026-10-06 05:35:01 | frontend | UP | 200 | 271ms
2026-10-06 05:35:01 | appwrite | UP | 200 | 201ms
2026-10-06 05:35:01 | r2-media | UP | 5/5 | 100ms | worst=214ms | samples=214,63,53,80,90
2026-10-06 05:35:02 | video-media | UP | 5/5 | 81ms | samples=102,83,68,79,74
----------------------------------------------------------------------------------------------------
2026-10-06 05:40:00 | frontend | UP | 200 | 34ms
2026-10-06 05:40:00 | appwrite | UP | 200 | 187ms
2026-10-06 05:40:00 | r2-media | UP | 5/5 | 71ms | worst=84ms | samples=59,74,60,79,84
2026-10-06 05:40:02 | video-media | UP | 5/5 | 172ms | samples=153,99,443,99,66
----------------------------------------------------------------------------------------------------
2026-10-06 05:45:00 | frontend | UP | 200 | 82ms
2026-10-06 05:45:00 | appwrite | UP | 200 | 343ms
2026-10-06 05:45:01 | r2-media | UP | 5/5 | 116ms | worst=287ms | samples=287,79,60,59,96
2026-10-06 05:45:02 | video-media | UP | 5/5 | 108ms | samples=158,123,101,76,83
----------------------------------------------------------------------------------------------------
2026-10-06 05:50:00 | frontend | UP | 200 | 273ms
2026-10-06 05:50:01 | appwrite | UP | 200 | 125ms
2026-10-06 05:50:01 | r2-media | UP | 5/5 | 105ms | worst=239ms | samples=239,60,77,69,82
2026-10-06 05:50:02 | video-media | UP | 5/5 | 127ms | samples=142,126,127,138,104
----------------------------------------------------------------------------------------------------
2026-10-06 05:55:00 | frontend | UP | 200 | 31ms
2026-10-06 05:55:00 | appwrite | UP | 200 | 188ms
2026-10-06 05:55:01 | r2-media | UP | 5/5 | 66ms | worst=73ms | samples=71,73,64,69,56
2026-10-06 05:55:01 | video-media | UP | 5/5 | 125ms | samples=89,93,86,271,89
----------------------------------------------------------------------------------------------------
====================================================================================================
2026-10-06 06:00:00 | frontend | UP | 200 | 29ms
2026-10-06 06:00:00 | appwrite | UP | 200 | 360ms
2026-10-06 06:00:01 | r2-media | UP | 5/5 | 94ms | worst=163ms | samples=163,97,60,93,61
2026-10-06 06:00:02 | video-media | UP | 5/5 | 127ms | samples=249,109,102,95,83
----------------------------------------------------------------------------------------------------
2026-10-06 06:05:01 | frontend | UP | 200 | 272ms
2026-10-06 06:05:01 | appwrite | UP | 200 | 209ms
2026-10-06 06:05:02 | r2-media | UP | 5/5 | 93ms | worst=124ms | samples=124,97,92,87,68
2026-10-06 06:05:02 | video-media | UP | 5/5 | 98ms | samples=162,102,84,72,72
----------------------------------------------------------------------------------------------------
2026-10-06 06:10:00 | frontend | UP | 200 | 83ms
2026-10-06 06:10:00 | appwrite | UP | 200 | 188ms
2026-10-06 06:10:01 | r2-media | UP | 5/5 | 75ms | worst=105ms | samples=62,61,74,73,105
2026-10-06 06:10:01 | video-media | UP | 5/5 | 89ms | samples=79,104,80,79,105
----------------------------------------------------------------------------------------------------
2026-10-06 06:15:00 | frontend | UP | 200 | 34ms
2026-10-06 06:15:01 | appwrite | UP | 200 | 294ms
2026-10-06 06:15:01 | r2-media | UP | 5/5 | 107ms | worst=226ms | samples=226,71,58,112,71
2026-10-06 06:15:02 | video-media | UP | 5/5 | 90ms | samples=103,86,99,84,80
----------------------------------------------------------------------------------------------------
2026-10-06 06:20:01 | frontend | UP | 200 | 273ms
2026-10-06 06:20:01 | appwrite | UP | 200 | 344ms
2026-10-06 06:20:02 | r2-media | UP | 5/5 | 113ms | worst=174ms | samples=174,156,87,71,79
2026-10-06 06:20:02 | video-media | UP | 5/5 | 114ms | samples=138,180,93,82,80
----------------------------------------------------------------------------------------------------
2026-10-06 06:25:00 | frontend | UP | 200 | 28ms
2026-10-06 06:25:01 | appwrite | UP | 200 | 293ms
2026-10-06 06:25:01 | r2-media | UP | 5/5 | 112ms | worst=209ms | samples=60,62,64,165,209
2026-10-06 06:25:02 | video-media | UP | 5/5 | 93ms | samples=80,135,90,70,90
----------------------------------------------------------------------------------------------------
2026-10-06 06:30:00 | frontend | UP | 200 | 29ms
2026-10-06 06:30:00 | appwrite | UP | 200 | 179ms
2026-10-06 06:30:00 | r2-media | UP | 5/5 | 75ms | worst=103ms | samples=68,63,103,76,68
2026-10-06 06:30:11 | video-media | UP | 5/5 | 79ms | samples=97,91,82,69,57
----------------------------------------------------------------------------------------------------
2026-10-06 06:35:01 | frontend | UP | 200 | 265ms
2026-10-06 06:35:01 | appwrite | UP | 200 | 313ms
2026-10-06 06:35:01 | r2-media | UP | 5/5 | 86ms | worst=115ms | samples=115,78,77,85,76
2026-10-06 06:35:02 | video-media | UP | 5/5 | 100ms | samples=143,77,71,117,94
----------------------------------------------------------------------------------------------------
2026-10-06 06:40:00 | frontend | UP | 200 | 30ms
2026-10-06 06:40:01 | appwrite | UP | 200 | 360ms
2026-10-06 06:40:01 | r2-media | UP | 5/5 | 87ms | worst=153ms | samples=153,65,68,80,69
2026-10-06 06:40:02 | video-media | UP | 5/5 | 112ms | samples=195,88,98,103,80
----------------------------------------------------------------------------------------------------
2026-10-06 06:45:01 | frontend | UP | 200 | 285ms
2026-10-06 06:45:01 | appwrite | UP | 200 | 295ms
2026-10-06 06:45:02 | r2-media | UP | 5/5 | 98ms | worst=190ms | samples=190,67,71,87,78
2026-10-06 06:45:02 | video-media | UP | 5/5 | 96ms | samples=109,98,69,107,98
----------------------------------------------------------------------------------------------------
2026-10-06 06:50:00 | frontend | UP | 200 | 27ms
2026-10-06 06:50:00 | appwrite | UP | 200 | 125ms
2026-10-06 06:50:01 | r2-media | UP | 5/5 | 82ms | worst=97ms | samples=97,77,79,73,85
2026-10-06 06:50:02 | video-media | UP | 5/5 | 93ms | samples=102,74,101,116,73
----------------------------------------------------------------------------------------------------
2026-10-06 06:55:01 | frontend | UP | 200 | 44ms
2026-10-06 06:55:01 | appwrite | UP | 200 | 308ms
2026-10-06 06:55:02 | r2-media | UP | 5/5 | 136ms | worst=284ms | samples=284,126,82,73,116
2026-10-06 06:55:03 | video-media | UP | 5/5 | 108ms | samples=193,88,117,77,69
----------------------------------------------------------------------------------------------------
====================================================================================================
2026-10-06 07:00:00 | frontend | UP | 200 | 268ms
2026-10-06 07:00:01 | appwrite | UP | 200 | 423ms
2026-10-06 07:00:01 | r2-media | UP | 5/5 | 147ms | worst=294ms | samples=194,76,84,89,294
2026-10-06 07:00:02 | video-media | UP | 5/5 | 130ms | samples=155,117,179,80,120
----------------------------------------------------------------------------------------------------
2026-10-06 07:05:00 | frontend | UP | 200 | 32ms
2026-10-06 07:05:00 | appwrite | UP | 200 | 218ms
2026-10-06 07:05:01 | r2-media | UP | 5/5 | 104ms | worst=234ms | samples=73,234,80,60,76
2026-10-06 07:05:02 | video-media | UP | 5/5 | 90ms | samples=88,98,85,102,81
----------------------------------------------------------------------------------------------------
2026-10-06 07:10:00 | frontend | UP | 200 | 32ms
2026-10-06 07:10:00 | appwrite | UP | 200 | 333ms
2026-10-06 07:10:01 | r2-media | UP | 5/5 | 141ms | worst=251ms | samples=251,106,199,64,89
2026-10-06 07:10:02 | video-media | UP | 5/5 | 99ms | samples=100,153,95,77,72
----------------------------------------------------------------------------------------------------
2026-10-06 07:15:00 | frontend | UP | 200 | 272ms
2026-10-06 07:15:01 | appwrite | UP | 200 | 301ms
2026-10-06 07:15:01 | r2-media | UP | 5/5 | 105ms | worst=252ms | samples=252,66,64,72,73
2026-10-06 07:15:02 | video-media | UP | 5/5 | 94ms | samples=119,95,81,104,72
----------------------------------------------------------------------------------------------------
2026-10-06 07:20:00 | frontend | UP | 200 | 28ms
2026-10-06 07:20:01 | appwrite | UP | 200 | 283ms
2026-10-06 07:20:01 | r2-media | UP | 5/5 | 99ms | worst=161ms | samples=81,64,96,97,161
2026-10-06 07:20:02 | video-media | UP | 5/5 | 102ms | samples=81,85,87,187,71
----------------------------------------------------------------------------------------------------
2026-10-06 07:25:00 | frontend | UP | 200 | 29ms
2026-10-06 07:25:01 | appwrite | UP | 200 | 295ms
2026-10-06 07:25:01 | r2-media | UP | 5/5 | 147ms | worst=443ms | samples=64,87,63,443,79
2026-10-06 07:25:02 | video-media | UP | 5/5 | 112ms | samples=91,186,98,102,87
----------------------------------------------------------------------------------------------------
2026-10-06 07:30:00 | frontend | UP | 200 | 310ms
2026-10-06 07:30:00 | appwrite | UP | 200 | 193ms
2026-10-06 07:30:01 | r2-media | UP | 5/5 | 87ms | worst=94ms | samples=94,85,87,79,94
2026-10-06 07:30:02 | video-media | UP | 5/5 | 92ms | samples=88,89,100,111,76
----------------------------------------------------------------------------------------------------
2026-10-06 07:35:01 | frontend | UP | 200 | 28ms
2026-10-06 07:35:01 | appwrite | UP | 200 | 411ms
2026-10-06 07:35:02 | r2-media | UP | 5/5 | 79ms | worst=94ms | samples=94,77,76,79,69
2026-10-06 07:35:14 | video-media | UP | 5/5 | 174ms | samples=163,472,87,78,73
----------------------------------------------------------------------------------------------------
2026-10-06 07:40:01 | frontend | UP | 200 | 277ms
2026-10-06 07:40:01 | appwrite | UP | 200 | 331ms
2026-10-06 07:40:02 | r2-media | UP | 5/5 | 110ms | worst=193ms | samples=193,82,80,90,106
2026-10-06 07:40:02 | video-media | UP | 5/5 | 85ms | samples=100,82,77,81,86
----------------------------------------------------------------------------------------------------
2026-10-06 07:45:00 | frontend | UP | 200 | 29ms
2026-10-06 07:45:00 | appwrite | UP | 200 | 348ms
2026-10-06 07:45:01 | r2-media | UP | 5/5 | 90ms | worst=140ms | samples=73,69,78,90,140
2026-10-06 07:45:02 | video-media | UP | 5/5 | 125ms | samples=238,92,105,98,94
----------------------------------------------------------------------------------------------------
2026-10-06 07:50:00 | frontend | UP | 200 | 29ms
2026-10-06 07:50:01 | appwrite | UP | 200 | 454ms
2026-10-06 07:50:02 | r2-media | UP | 5/5 | 130ms | worst=174ms | samples=174,157,150,74,99
2026-10-06 07:50:02 | video-media | UP | 5/5 | 99ms | samples=119,89,106,82,100
----------------------------------------------------------------------------------------------------
2026-10-06 07:55:00 | frontend | UP | 200 | 280ms
2026-10-06 07:55:01 | appwrite | UP | 200 | 497ms
2026-10-06 07:55:02 | r2-media | UP | 5/5 | 142ms | worst=264ms | samples=70,208,264,84,84
2026-10-06 07:55:02 | video-media | UP | 5/5 | 97ms | samples=93,118,85,108,84
----------------------------------------------------------------------------------------------------
====================================================================================================
2026-10-06 08:00:01 | frontend | UP | 200 | 51ms
2026-10-06 08:00:01 | appwrite | UP | 200 | 265ms
2026-10-06 08:00:02 | r2-media | UP | 5/5 | 173ms | worst=358ms | samples=91,176,102,358,138
2026-10-06 08:00:03 | video-media | UP | 5/5 | 116ms | samples=175,87,98,108,115
----------------------------------------------------------------------------------------------------
2026-10-06 08:05:01 | frontend | UP | 200 | 276ms
2026-10-06 08:05:01 | appwrite | UP | 200 | 422ms
2026-10-06 08:05:02 | r2-media | UP | 5/5 | 102ms | worst=173ms | samples=75,173,68,64,134
2026-10-06 08:05:02 | video-media | UP | 5/5 | 91ms | samples=76,81,82,98,122
----------------------------------------------------------------------------------------------------
2026-10-06 08:10:00 | frontend | UP | 200 | 105ms
2026-10-06 08:10:00 | appwrite | UP | 200 | 226ms
2026-10-06 08:10:01 | r2-media | UP | 5/5 | 130ms | worst=273ms | samples=273,87,88,92,114
2026-10-06 08:10:02 | video-media | UP | 5/5 | 106ms | samples=110,139,87,84,111
----------------------------------------------------------------------------------------------------
2026-10-06 08:15:00 | frontend | UP | 200 | 30ms
2026-10-06 08:15:00 | appwrite | UP | 200 | 405ms
2026-10-06 08:15:01 | r2-media | UP | 5/5 | 105ms | worst=148ms | samples=148,95,94,103,85
2026-10-06 08:15:02 | video-media | UP | 5/5 | 119ms | samples=195,117,93,93,98
----------------------------------------------------------------------------------------------------
2026-10-06 08:20:00 | frontend | UP | 200 | 265ms
2026-10-06 08:20:01 | appwrite | UP | 200 | 285ms
2026-10-06 08:20:01 | r2-media | UP | 5/5 | 133ms | worst=223ms | samples=223,181,79,97,86
2026-10-06 08:20:02 | video-media | UP | 5/5 | 107ms | samples=150,85,104,120,76
----------------------------------------------------------------------------------------------------
2026-10-06 08:25:00 | frontend | UP | 200 | 26ms
2026-10-06 08:25:01 | appwrite | UP | 200 | 307ms
2026-10-06 08:25:01 | r2-media | UP | 5/5 | 113ms | worst=160ms | samples=84,155,160,98,71
2026-10-06 08:25:02 | video-media | UP | 5/5 | 134ms | samples=88,186,208,86,103
----------------------------------------------------------------------------------------------------
2026-10-06 08:30:00 | frontend | UP | 200 | 30ms
2026-10-06 08:30:00 | appwrite | UP | 200 | 440ms
2026-10-06 08:30:01 | r2-media | UP | 5/5 | 123ms | worst=221ms | samples=93,106,117,78,221
2026-10-06 08:30:02 | video-media | UP | 5/5 | 151ms | samples=100,79,101,112,367
----------------------------------------------------------------------------------------------------
2026-10-06 08:35:00 | frontend | UP | 200 | 266ms
2026-10-06 08:35:00 | appwrite | UP | 200 | 129ms
2026-10-06 08:35:01 | r2-media | UP | 5/5 | 78ms | worst=89ms | samples=83,74,70,89,76
2026-10-06 08:35:01 | video-media | UP | 5/5 | 110ms | samples=151,125,126,76,72
----------------------------------------------------------------------------------------------------
2026-10-06 08:40:00 | frontend | UP | 200 | 27ms
2026-10-06 08:40:00 | appwrite | UP | 200 | 291ms
2026-10-06 08:40:01 | r2-media | UP | 5/5 | 138ms | worst=354ms | samples=354,88,91,79,81
2026-10-06 08:40:16 | video-media | UP | 5/5 | 176ms | samples=180,66,457,101,76
----------------------------------------------------------------------------------------------------
2026-10-06 08:45:00 | frontend | UP | 200 | 282ms
2026-10-06 08:45:00 | appwrite | UP | 200 | 224ms
2026-10-06 08:45:01 | r2-media | UP | 5/5 | 129ms | worst=237ms | samples=237,87,75,153,97
2026-10-06 08:45:02 | video-media | UP | 5/5 | 115ms | samples=119,135,106,96,123
----------------------------------------------------------------------------------------------------
2026-10-06 08:50:01 | frontend | UP | 200 | 127ms
2026-10-06 08:50:01 | appwrite | UP | 200 | 135ms
2026-10-06 08:50:01 | r2-media | UP | 5/5 | 114ms | worst=204ms | samples=204,74,123,83,89
2026-10-06 08:50:02 | video-media | UP | 5/5 | 114ms | samples=102,129,98,153,90
----------------------------------------------------------------------------------------------------
2026-10-06 08:55:00 | frontend | UP | 200 | 25ms
2026-10-06 08:55:00 | appwrite | UP | 200 | 287ms
2026-10-06 08:55:01 | r2-media | UP | 5/5 | 81ms | worst=92ms | samples=81,90,76,69,92
2026-10-06 08:55:01 | video-media | UP | 5/5 | 102ms | samples=107,107,110,100,88
----------------------------------------------------------------------------------------------------
====================================================================================================
2026-10-06 09:00:01 | frontend | UP | 200 | 263ms
2026-10-06 09:00:01 | appwrite | UP | 200 | 460ms
2026-10-06 09:00:02 | r2-media | UP | 5/5 | 125ms | worst=220ms | samples=220,139,80,102,85
2026-10-06 09:00:03 | video-media | UP | 5/5 | 164ms | samples=314,185,106,123,96
----------------------------------------------------------------------------------------------------
2026-10-06 09:05:00 | frontend | UP | 200 | 25ms
2026-10-06 09:05:00 | appwrite | UP | 200 | 284ms
2026-10-06 09:05:01 | r2-media | UP | 5/5 | 85ms | worst=110ms | samples=94,76,69,80,110
2026-10-06 09:05:01 | video-media | UP | 5/5 | 147ms | samples=113,161,175,161,126
----------------------------------------------------------------------------------------------------
2026-10-06 09:10:00 | frontend | UP | 200 | 29ms
2026-10-06 09:10:00 | appwrite | UP | 200 | 319ms
2026-10-06 09:10:01 | r2-media | UP | 5/5 | 109ms | worst=176ms | samples=176,85,93,106,88
2026-10-06 09:10:02 | video-media | UP | 5/5 | 111ms | samples=143,111,106,87,110
----------------------------------------------------------------------------------------------------
2026-10-06 09:15:01 | frontend | UP | 200 | 365ms
2026-10-06 09:15:01 | appwrite | UP | 200 | 525ms
2026-10-06 09:15:02 | r2-media | UP | 5/5 | 125ms | worst=232ms | samples=232,111,102,113,70
2026-10-06 09:15:03 | video-media | UP | 5/5 | 134ms | samples=196,119,127,92,140
----------------------------------------------------------------------------------------------------
2026-10-06 09:20:00 | frontend | UP | 200 | 25ms
2026-10-06 09:20:00 | appwrite | UP | 200 | 215ms
2026-10-06 09:20:01 | r2-media | UP | 5/5 | 96ms | worst=109ms | samples=109,90,88,105,89
2026-10-06 09:20:01 | video-media | UP | 5/5 | 131ms | samples=147,91,107,216,94
----------------------------------------------------------------------------------------------------
2026-10-06 09:25:00 | frontend | UP | 200 | 38ms
2026-10-06 09:25:01 | appwrite | UP | 200 | 415ms
2026-10-06 09:25:02 | r2-media | UP | 5/5 | 126ms | worst=224ms | samples=224,112,101,84,113
2026-10-06 09:25:03 | video-media | UP | 5/5 | 140ms | samples=111,184,164,143,98
----------------------------------------------------------------------------------------------------
2026-10-06 09:30:00 | frontend | UP | 200 | 271ms
2026-10-06 09:30:00 | appwrite | UP | 200 | 287ms
2026-10-06 09:30:01 | r2-media | UP | 5/5 | 96ms | worst=140ms | samples=90,79,88,86,140
2026-10-06 09:30:02 | video-media | UP | 5/5 | 112ms | samples=127,100,125,122,86
----------------------------------------------------------------------------------------------------
2026-10-06 09:35:00 | frontend | UP | 200 | 42ms
2026-10-06 09:35:00 | appwrite | UP | 200 | 285ms
2026-10-06 09:35:01 | r2-media | UP | 5/5 | 93ms | worst=108ms | samples=108,95,94,81,88
2026-10-06 09:35:02 | video-media | UP | 5/5 | 111ms | samples=90,81,109,125,152
----------------------------------------------------------------------------------------------------
2026-10-06 09:40:00 | frontend | UP | 200 | 26ms
2026-10-06 09:40:00 | appwrite | UP | 200 | 240ms
2026-10-06 09:40:01 | r2-media | UP | 5/5 | 140ms | worst=194ms | samples=194,93,145,90,180
2026-10-06 09:40:02 | video-media | UP | 5/5 | 139ms | samples=165,116,171,130,117
----------------------------------------------------------------------------------------------------
2026-10-06 09:45:00 | frontend | UP | 200 | 267ms
2026-10-06 09:45:00 | appwrite | UP | 200 | 280ms
2026-10-06 09:45:02 | r2-media | UP | 5/5 | 195ms | worst=456ms | samples=231,111,101,456,80
2026-10-06 09:45:17 | video-media | UP | 5/5 | 124ms | samples=139,107,188,90,100
----------------------------------------------------------------------------------------------------
2026-10-06 09:50:00 | frontend | UP | 200 | 27ms
2026-10-06 09:50:01 | appwrite | UP | 200 | 297ms
2026-10-06 09:50:01 | r2-media | UP | 5/5 | 149ms | worst=258ms | samples=258,123,69,154,141
2026-10-06 09:50:02 | video-media | UP | 5/5 | 118ms | samples=111,123,121,111,128
----------------------------------------------------------------------------------------------------
2026-10-06 09:55:00 | frontend | UP | 200 | 87ms
2026-10-06 09:55:00 | appwrite | UP | 200 | 252ms
2026-10-06 09:55:01 | r2-media | UP | 5/5 | 120ms | worst=167ms | samples=110,83,138,103,167
2026-10-06 09:55:02 | video-media | UP | 5/5 | 112ms | samples=143,99,109,106,105
----------------------------------------------------------------------------------------------------
====================================================================================================
2026-10-06 10:00:00 | frontend | UP | 200 | 271ms
2026-10-06 10:00:00 | appwrite | UP | 200 | 251ms
2026-10-06 10:00:01 | r2-media | UP | 5/5 | 110ms | worst=143ms | samples=143,109,78,99,122
2026-10-06 10:00:02 | video-media | UP | 5/5 | 235ms | samples=362,479,121,126,88
----------------------------------------------------------------------------------------------------
2026-10-06 10:05:00 | frontend | UP | 200 | 25ms
2026-10-06 10:05:00 | appwrite | UP | 200 | 363ms
2026-10-06 10:05:01 | r2-media | UP | 5/5 | 103ms | worst=128ms | samples=95,128,86,91,116
2026-10-06 10:05:02 | video-media | UP | 5/5 | 128ms | samples=111,142,124,135,129
----------------------------------------------------------------------------------------------------
2026-10-06 10:10:00 | frontend | UP | 200 | 30ms
2026-10-06 10:10:00 | appwrite | UP | 200 | 155ms
2026-10-06 10:10:01 | r2-media | UP | 5/5 | 139ms | worst=208ms | samples=152,208,155,89,93
2026-10-06 10:10:02 | video-media | UP | 5/5 | 122ms | samples=118,101,126,156,109
----------------------------------------------------------------------------------------------------
2026-10-06 10:15:00 | frontend | UP | 200 | 270ms
2026-10-06 10:15:00 | appwrite | UP | 200 | 459ms
2026-10-06 10:15:01 | r2-media | UP | 5/5 | 150ms | worst=257ms | samples=120,257,114,134,125
2026-10-06 10:15:02 | video-media | UP | 5/5 | 147ms | samples=136,108,245,146,100
----------------------------------------------------------------------------------------------------
2026-10-06 10:20:01 | frontend | UP | 200 | 89ms
2026-10-06 10:20:01 | appwrite | UP | 200 | 328ms
2026-10-06 10:20:02 | r2-media | UP | 5/5 | 137ms | worst=213ms | samples=213,105,124,119,126
2026-10-06 10:20:03 | video-media | UP | 5/5 | 134ms | samples=261,109,82,92,129
----------------------------------------------------------------------------------------------------
2026-10-06 10:25:01 | frontend | UP | 200 | 273ms
2026-10-06 10:25:01 | appwrite | UP | 200 | 566ms
2026-10-06 10:25:03 | r2-media | UP | 5/5 | 223ms | worst=720ms | samples=720,91,88,104,116
2026-10-06 10:25:03 | video-media | UP | 5/5 | 130ms | samples=137,94,130,69,224
----------------------------------------------------------------------------------------------------
2026-10-06 10:30:00 | frontend | UP | 200 | 29ms
2026-10-06 10:30:01 | appwrite | UP | 200 | 444ms
2026-10-06 10:30:02 | r2-media | UP | 5/5 | 113ms | worst=129ms | samples=129,123,123,87,107
2026-10-06 10:30:02 | video-media | UP | 5/5 | 119ms | samples=115,103,118,143,118
----------------------------------------------------------------------------------------------------
2026-10-06 10:35:00 | frontend | UP | 200 | 31ms
2026-10-06 10:35:01 | appwrite | UP | 200 | 371ms
2026-10-06 10:35:01 | r2-media | UP | 5/5 | 100ms | worst=108ms | samples=108,107,86,99,103
2026-10-06 10:35:02 | video-media | UP | 5/5 | 131ms | samples=139,91,137,167,121
----------------------------------------------------------------------------------------------------
2026-10-06 10:40:00 | frontend | UP | 200 | 274ms
2026-10-06 10:40:01 | appwrite | UP | 200 | 304ms
2026-10-06 10:40:02 | r2-media | UP | 5/5 | 147ms | worst=205ms | samples=205,205,96,127,104
2026-10-06 10:40:03 | video-media | UP | 5/5 | 154ms | samples=175,133,115,161,187
----------------------------------------------------------------------------------------------------
2026-10-06 10:45:00 | frontend | UP | 200 | 40ms
2026-10-06 10:45:01 | appwrite | UP | 200 | 415ms
2026-10-06 10:45:02 | r2-media | UP | 5/5 | 197ms | worst=521ms | samples=104,138,122,102,521
2026-10-06 10:45:03 | video-media | UP | 5/5 | 162ms | samples=286,116,123,127,158
----------------------------------------------------------------------------------------------------
2026-10-06 10:50:00 | frontend | UP | 200 | 33ms
2026-10-06 10:50:00 | appwrite | UP | 200 | 145ms
2026-10-06 10:50:01 | r2-media | UP | 5/5 | 112ms | worst=167ms | samples=103,87,104,99,167
2026-10-06 10:50:17 | video-media | UP | 5/5 | 172ms | samples=468,78,140,98,77
----------------------------------------------------------------------------------------------------
2026-10-06 10:55:00 | frontend | UP | 200 | 271ms
2026-10-06 10:55:00 | appwrite | UP | 200 | 286ms
2026-10-06 10:55:01 | r2-media | UP | 5/5 | 157ms | worst=416ms | samples=416,86,97,97,92
2026-10-06 10:55:02 | video-media | UP | 5/5 | 136ms | samples=105,76,243,107,149
----------------------------------------------------------------------------------------------------
====================================================================================================
2026-10-06 11:00:00 | frontend | UP | 200 | 41ms
2026-10-06 11:00:00 | appwrite | UP | 200 | 398ms
2026-10-06 11:00:01 | r2-media | UP | 5/5 | 166ms | worst=281ms | samples=101,252,281,113,85
2026-10-06 11:00:03 | video-media | UP | 5/5 | 256ms | samples=538,141,134,213,258
----------------------------------------------------------------------------------------------------
2026-10-06 11:05:01 | frontend | UP | 200 | 270ms
2026-10-06 11:05:01 | appwrite | UP | 200 | 229ms
2026-10-06 11:05:02 | r2-media | UP | 5/5 | 182ms | worst=351ms | samples=228,351,78,133,121
2026-10-06 11:05:03 | video-media | UP | 5/5 | 152ms | samples=246,164,137,106,108
----------------------------------------------------------------------------------------------------
2026-10-06 11:10:01 | frontend | UP | 200 | 29ms
2026-10-06 11:10:01 | appwrite | UP | 200 | 253ms
2026-10-06 11:10:02 | r2-media | UP | 5/5 | 146ms | worst=207ms | samples=104,112,207,137,173
2026-10-06 11:10:03 | video-media | UP | 5/5 | 144ms | samples=139,154,186,120,121
----------------------------------------------------------------------------------------------------
2026-10-06 11:15:01 | frontend | UP | 200 | 29ms
2026-10-06 11:15:01 | appwrite | UP | 200 | 385ms
2026-10-06 11:15:02 | r2-media | UP | 5/5 | 204ms | worst=441ms | samples=112,441,273,85,110
2026-10-06 11:15:03 | video-media | UP | 5/5 | 165ms | samples=170,189,168,192,110
----------------------------------------------------------------------------------------------------
2026-10-06 11:20:00 | frontend | UP | 200 | 268ms
2026-10-06 11:20:00 | appwrite | UP | 200 | 240ms
2026-10-06 11:20:01 | r2-media | UP | 5/5 | 98ms | worst=111ms | samples=86,101,111,88,104
2026-10-06 11:20:02 | video-media | UP | 5/5 | 185ms | samples=231,158,117,199,221
----------------------------------------------------------------------------------------------------
2026-10-06 11:25:00 | frontend | UP | 200 | 100ms
2026-10-06 11:25:01 | appwrite | UP | 200 | 729ms
2026-10-06 11:25:02 | r2-media | UP | 5/5 | 145ms | worst=278ms | samples=278,95,105,108,143
2026-10-06 11:25:03 | video-media | UP | 5/5 | 148ms | samples=191,167,168,111,106
----------------------------------------------------------------------------------------------------
2026-10-06 11:30:00 | frontend | UP | 200 | 38ms
2026-10-06 11:30:00 | appwrite | UP | 200 | 710ms
2026-10-06 11:30:01 | r2-media | UP | 5/5 | 131ms | worst=159ms | samples=120,105,159,129,145
2026-10-06 11:30:02 | video-media | UP | 5/5 | 196ms | samples=264,121,158,278,163
----------------------------------------------------------------------------------------------------
2026-10-06 11:35:01 | frontend | UP | 200 | 279ms
2026-10-06 11:35:01 | appwrite | UP | 200 | 299ms
2026-10-06 11:35:02 | r2-media | UP | 5/5 | 108ms | worst=129ms | samples=106,129,107,75,126
2026-10-06 11:35:03 | video-media | UP | 5/5 | 141ms | samples=140,116,177,140,132
----------------------------------------------------------------------------------------------------
2026-10-06 11:40:00 | frontend | UP | 200 | 40ms
2026-10-06 11:40:01 | appwrite | UP | 200 | 321ms
2026-10-06 11:40:02 | r2-media | UP | 5/5 | 157ms | worst=246ms | samples=246,118,113,123,189
2026-10-06 11:40:03 | video-media | UP | 5/5 | 141ms | samples=120,107,119,152,207
----------------------------------------------------------------------------------------------------
2026-10-06 11:45:00 | frontend | UP | 200 | 37ms
2026-10-06 11:45:00 | appwrite | UP | 200 | 233ms
2026-10-06 11:45:01 | r2-media | UP | 5/5 | 116ms | worst=175ms | samples=117,175,93,106,93
2026-10-06 11:45:02 | video-media | UP | 5/5 | 292ms | samples=239,264,383,295,282
----------------------------------------------------------------------------------------------------
2026-10-06 11:50:00 | frontend | UP | 200 | 285ms
2026-10-06 11:50:00 | appwrite | UP | 200 | 275ms
2026-10-06 11:50:01 | r2-media | UP | 5/5 | 112ms | worst=128ms | samples=103,128,104,110,118
2026-10-06 11:50:03 | video-media | UP | 5/5 | 217ms | samples=206,283,174,251,171
----------------------------------------------------------------------------------------------------
2026-10-06 11:55:00 | frontend | UP | 200 | 31ms
2026-10-06 11:55:00 | appwrite | UP | 200 | 291ms
2026-10-06 11:55:01 | r2-media | UP | 5/5 | 162ms | worst=368ms | samples=105,88,368,147,105
2026-10-06 11:55:35 | video-media | UP | 5/5 | 233ms | samples=231,181,138,411,205
----------------------------------------------------------------------------------------------------
====================================================================================================
2026-10-06 12:00:01 | frontend | UP | 200 | 305ms
2026-10-06 12:00:01 | appwrite | UP | 200 | 265ms
2026-10-06 12:00:02 | r2-media | UP | 5/5 | 150ms | worst=212ms | samples=212,122,171,119,127
2026-10-06 12:00:03 | video-media | UP | 5/5 | 197ms | samples=210,183,208,185,201
----------------------------------------------------------------------------------------------------
2026-10-06 12:05:00 | frontend | UP | 200 | 41ms
2026-10-06 12:05:01 | appwrite | UP | 200 | 305ms
2026-10-06 12:05:01 | r2-media | UP | 5/5 | 138ms | worst=193ms | samples=96,155,132,193,115
2026-10-06 12:05:02 | video-media | UP | 5/5 | 161ms | samples=197,149,108,214,141
----------------------------------------------------------------------------------------------------
2026-10-06 12:10:01 | frontend | UP | 200 | 44ms
2026-10-06 12:10:03 | appwrite | UP | 200 | 2301ms
2026-10-06 12:10:04 | r2-media | UP | 5/5 | 146ms | worst=277ms | samples=277,120,90,106,137
2026-10-06 12:10:05 | video-media | UP | 5/5 | 176ms | samples=228,205,206,103,141
----------------------------------------------------------------------------------------------------
2026-10-06 12:15:00 | frontend | UP | 200 | 288ms
2026-10-06 12:15:02 | appwrite | UP | 200 | 1814ms
2026-10-06 12:15:03 | r2-media | UP | 5/5 | 219ms | worst=384ms | samples=100,181,384,108,322
2026-10-06 12:15:04 | video-media | UP | 5/5 | 166ms | samples=148,189,147,262,86
----------------------------------------------------------------------------------------------------
2026-10-06 12:20:00 | frontend | UP | 200 | 37ms
2026-10-06 12:20:00 | appwrite | UP | 200 | 273ms
2026-10-06 12:20:04 | r2-media | UNSTABLE | 5/5 | 749ms | worst=1780ms | samples=693,561,1780,553,161
2026-10-06 12:20:15 | video-media | UP | 5/5 | 2054ms | samples=924,8432,321,204,393
----------------------------------------------------------------------------------------------------
2026-10-06 12:25:01 | frontend | UP | 200 | 336ms
2026-10-06 12:25:01 | appwrite | UP | 200 | 293ms
2026-10-06 12:25:02 | r2-media | UP | 5/5 | 140ms | worst=259ms | samples=259,105,78,173,89
2026-10-06 12:25:03 | video-media | UP | 5/5 | 231ms | samples=303,503,119,132,101
----------------------------------------------------------------------------------------------------
2026-10-06 12:30:00 | frontend | UP | 200 | 27ms
2026-10-06 12:30:01 | appwrite | UP | 200 | 591ms
2026-10-06 12:30:01 | r2-media | UP | 5/5 | 131ms | worst=206ms | samples=206,103,97,137,114
2026-10-06 12:30:02 | video-media | UP | 5/5 | 129ms | samples=147,161,139,94,104
----------------------------------------------------------------------------------------------------
2026-10-06 12:35:00 | frontend | UP | 200 | 29ms
2026-10-06 12:35:00 | appwrite | UP | 200 | 208ms
2026-10-06 12:35:01 | r2-media | UP | 5/5 | 129ms | worst=197ms | samples=104,91,117,136,197
2026-10-06 12:35:02 | video-media | UP | 5/5 | 160ms | samples=155,140,142,244,119
----------------------------------------------------------------------------------------------------
2026-10-06 12:40:00 | frontend | UP | 200 | 268ms
2026-10-06 12:40:00 | appwrite | UP | 200 | 298ms
2026-10-06 12:40:01 | r2-media | UP | 5/5 | 146ms | worst=216ms | samples=104,121,193,216,98
2026-10-06 12:40:02 | video-media | UP | 5/5 | 170ms | samples=151,185,255,114,148
----------------------------------------------------------------------------------------------------
2026-10-06 12:45:00 | frontend | UP | 200 | 26ms
2026-10-06 12:45:01 | appwrite | UP | 200 | 142ms
2026-10-06 12:45:01 | r2-media | UP | 5/5 | 145ms | worst=229ms | samples=229,133,153,99,112
2026-10-06 12:45:03 | video-media | UP | 5/5 | 168ms | samples=234,169,172,134,133
----------------------------------------------------------------------------------------------------
2026-10-06 12:50:01 | frontend | UP | 200 | 271ms
2026-10-06 12:50:01 | appwrite | UP | 200 | 156ms
2026-10-06 12:50:02 | r2-media | UP | 5/5 | 135ms | worst=202ms | samples=202,163,124,106,81
2026-10-06 12:50:03 | video-media | UP | 5/5 | 148ms | samples=174,218,137,101,114
----------------------------------------------------------------------------------------------------
2026-10-06 12:55:00 | frontend | UP | 200 | 81ms
2026-10-06 12:55:00 | appwrite | UP | 200 | 234ms
2026-10-06 12:55:01 | r2-media | UP | 5/5 | 110ms | worst=141ms | samples=97,118,91,141,103
2026-10-06 12:55:02 | video-media | UP | 5/5 | 164ms | samples=209,159,131,131,190
----------------------------------------------------------------------------------------------------
====================================================================================================
2026-10-06 13:00:00 | frontend | UP | 200 | 26ms
2026-10-06 13:00:00 | appwrite | UP | 200 | 549ms
2026-10-06 13:00:01 | r2-media | UP | 5/5 | 140ms | worst=298ms | samples=298,100,105,78,119
2026-10-06 13:00:21 | video-media | UP | 5/5 | 138ms | samples=168,141,129,134,120
----------------------------------------------------------------------------------------------------
2026-10-06 13:05:00 | frontend | UP | 200 | 282ms
2026-10-06 13:05:01 | appwrite | UP | 200 | 434ms
2026-10-06 13:05:01 | r2-media | UP | 5/5 | 150ms | worst=311ms | samples=311,116,104,115,108
2026-10-06 13:05:03 | video-media | UP | 5/5 | 217ms | samples=252,232,187,316,101
----------------------------------------------------------------------------------------------------
2026-10-06 13:10:00 | frontend | UP | 200 | 27ms
2026-10-06 13:10:00 | appwrite | UP | 200 | 350ms
2026-10-06 13:10:01 | r2-media | UP | 5/5 | 181ms | worst=290ms | samples=162,146,142,290,167
2026-10-06 13:10:03 | video-media | UP | 5/5 | 180ms | samples=171,172,164,213,183
----------------------------------------------------------------------------------------------------
2026-10-06 13:15:01 | frontend | UP | 200 | 270ms
2026-10-06 13:15:01 | appwrite | UP | 200 | 365ms
2026-10-06 13:15:02 | r2-media | UP | 5/5 | 217ms | worst=519ms | samples=202,519,150,112,104
2026-10-06 13:15:04 | video-media | UP | 5/5 | 197ms | samples=280,138,172,118,277
----------------------------------------------------------------------------------------------------
2026-10-06 13:20:00 | frontend | UP | 200 | 31ms
2026-10-06 13:20:00 | appwrite | UP | 200 | 310ms
2026-10-06 13:20:01 | r2-media | UP | 5/5 | 136ms | worst=183ms | samples=183,148,124,94,131
2026-10-06 13:20:02 | video-media | UP | 5/5 | 237ms | samples=188,148,360,266,225
----------------------------------------------------------------------------------------------------
2026-10-06 13:25:00 | frontend | UP | 200 | 28ms
2026-10-06 13:25:00 | appwrite | UP | 200 | 284ms
2026-10-06 13:25:01 | r2-media | UP | 5/5 | 146ms | worst=314ms | samples=314,90,118,120,91
2026-10-06 13:25:02 | video-media | UP | 5/5 | 185ms | samples=232,290,141,125,141
----------------------------------------------------------------------------------------------------
2026-10-06 13:30:00 | frontend | UP | 200 | 267ms
2026-10-06 13:30:01 | appwrite | UP | 200 | 1203ms
2026-10-06 13:30:02 | r2-media | UP | 5/5 | 131ms | worst=214ms | samples=214,152,116,83,94
2026-10-06 13:30:03 | video-media | UP | 5/5 | 183ms | samples=329,170,119,145,154
----------------------------------------------------------------------------------------------------
2026-10-06 13:35:00 | frontend | UP | 200 | 30ms
2026-10-06 13:35:02 | appwrite | UP | 200 | 1309ms
2026-10-06 13:35:02 | r2-media | UP | 5/5 | 136ms | worst=266ms | samples=266,98,115,90,115
2026-10-06 13:35:04 | video-media | UP | 5/5 | 273ms | samples=256,86,111,774,142
----------------------------------------------------------------------------------------------------
2026-10-06 13:40:00 | frontend | UP | 200 | 31ms
2026-10-06 13:40:01 | appwrite | UP | 200 | 367ms
2026-10-06 13:40:01 | r2-media | UP | 5/5 | 151ms | worst=307ms | samples=307,101,91,135,123
2026-10-06 13:40:03 | video-media | UP | 5/5 | 197ms | samples=406,111,138,95,236
----------------------------------------------------------------------------------------------------
2026-10-06 13:45:00 | frontend | UP | 200 | 283ms
2026-10-06 13:45:00 | appwrite | UP | 200 | 214ms
2026-10-06 13:45:01 | r2-media | UP | 5/5 | 130ms | worst=228ms | samples=228,97,108,124,97
2026-10-06 13:45:02 | video-media | UP | 5/5 | 257ms | samples=374,526,129,138,122
----------------------------------------------------------------------------------------------------
2026-10-06 13:50:00 | frontend | UP | 200 | 28ms
2026-10-06 13:50:00 | appwrite | UP | 200 | 195ms
2026-10-06 13:50:01 | r2-media | UP | 5/5 | 147ms | worst=222ms | samples=167,99,222,105,146
2026-10-06 13:50:02 | video-media | UP | 5/5 | 153ms | samples=116,257,141,148,107
----------------------------------------------------------------------------------------------------
2026-10-06 13:55:00 | frontend | UP | 200 | 34ms
2026-10-06 13:55:00 | appwrite | UP | 200 | 200ms
2026-10-06 13:55:01 | r2-media | UP | 5/5 | 119ms | worst=224ms | samples=101,81,98,224,94
2026-10-06 13:55:03 | video-media | UP | 5/5 | 317ms | samples=258,702,436,103,90
----------------------------------------------------------------------------------------------------
====================================================================================================
2026-10-06 14:00:01 | frontend | UP | 200 | 380ms
2026-10-06 14:00:01 | appwrite | UP | 200 | 283ms
2026-10-06 14:00:02 | r2-media | UP | 5/5 | 184ms | worst=277ms | samples=277,207,165,118,153
2026-10-06 14:00:04 | video-media | UP | 5/5 | 233ms | samples=597,229,142,111,86
----------------------------------------------------------------------------------------------------
2026-10-06 14:05:00 | frontend | UP | 200 | 26ms
2026-10-06 14:05:00 | appwrite | UP | 200 | 159ms
2026-10-06 14:05:01 | r2-media | UP | 5/5 | 130ms | worst=148ms | samples=147,144,148,112,99
2026-10-06 14:05:22 | video-media | UP | 5/5 | 235ms | samples=547,107,116,126,281
----------------------------------------------------------------------------------------------------
2026-10-06 14:10:00 | frontend | UP | 200 | 28ms
2026-10-06 14:10:01 | appwrite | UP | 200 | 287ms
2026-10-06 14:10:02 | r2-media | UP | 5/5 | 151ms | worst=237ms | samples=237,101,103,163,152
2026-10-06 14:10:03 | video-media | UP | 5/5 | 172ms | samples=191,128,309,113,122
----------------------------------------------------------------------------------------------------
2026-10-06 14:15:00 | frontend | UP | 200 | 276ms
2026-10-06 14:15:01 | appwrite | UP | 200 | 434ms
2026-10-06 14:15:02 | r2-media | UP | 5/5 | 154ms | worst=291ms | samples=291,113,123,149,96
2026-10-06 14:15:04 | video-media | UP | 5/5 | 323ms | samples=154,262,717,246,240
----------------------------------------------------------------------------------------------------
2026-10-06 14:20:00 | frontend | UP | 200 | 26ms
2026-10-06 14:20:01 | appwrite | UP | 200 | 229ms
2026-10-06 14:20:02 | r2-media | UP | 5/5 | 151ms | worst=333ms | samples=89,130,113,333,93
2026-10-06 14:20:03 | video-media | UP | 5/5 | 196ms | samples=172,293,157,235,126
----------------------------------------------------------------------------------------------------
2026-10-06 14:25:00 | frontend | UP | 200 | 27ms
2026-10-06 14:25:00 | appwrite | UP | 200 | 357ms
2026-10-06 14:25:01 | r2-media | UP | 5/5 | 112ms | worst=120ms | samples=112,120,110,111,110
2026-10-06 14:25:02 | video-media | UP | 5/5 | 148ms | samples=167,117,156,147,153
----------------------------------------------------------------------------------------------------
2026-10-06 14:30:00 | frontend | UP | 200 | 280ms
2026-10-06 14:30:00 | appwrite | UP | 200 | 277ms
2026-10-06 14:30:01 | r2-media | UP | 5/5 | 152ms | worst=266ms | samples=266,111,111,134,140
2026-10-06 14:30:03 | video-media | UP | 5/5 | 272ms | samples=166,453,484,144,114
----------------------------------------------------------------------------------------------------
2026-10-06 14:35:00 | frontend | UP | 200 | 30ms
2026-10-06 14:35:01 | appwrite | UP | 200 | 223ms
2026-10-06 14:35:01 | r2-media | UP | 5/5 | 134ms | worst=319ms | samples=319,104,81,92,78
2026-10-06 14:35:03 | video-media | UP | 5/5 | 234ms | samples=578,116,144,208,125
----------------------------------------------------------------------------------------------------
2026-10-06 14:40:00 | frontend | UP | 200 | 27ms
2026-10-06 14:40:00 | appwrite | UP | 200 | 245ms
2026-10-06 14:40:01 | r2-media | UP | 5/5 | 185ms | worst=445ms | samples=100,172,121,90,445
2026-10-06 14:40:02 | video-media | UP | 5/5 | 208ms | samples=196,168,387,181,111
----------------------------------------------------------------------------------------------------
2026-10-06 14:45:01 | frontend | UP | 200 | 291ms
2026-10-06 14:45:01 | appwrite | UP | 200 | 495ms
2026-10-06 14:45:02 | r2-media | UP | 5/5 | 161ms | worst=345ms | samples=345,124,110,80,150
2026-10-06 14:45:04 | video-media | UP | 5/5 | 249ms | samples=313,369,133,316,117
----------------------------------------------------------------------------------------------------
2026-10-06 14:50:00 | frontend | UP | 200 | 42ms
2026-10-06 14:50:01 | appwrite | UP | 200 | 207ms
2026-10-06 14:50:01 | r2-media | UP | 5/5 | 125ms | worst=186ms | samples=121,186,79,120,121
2026-10-06 14:50:02 | video-media | UP | 5/5 | 152ms | samples=279,104,143,101,137
----------------------------------------------------------------------------------------------------
2026-10-06 14:55:00 | frontend | UP | 200 | 27ms
2026-10-06 14:55:00 | appwrite | UP | 200 | 286ms
2026-10-06 14:55:01 | r2-media | UP | 5/5 | 140ms | worst=184ms | samples=184,139,137,143,101
2026-10-06 14:55:03 | video-media | UP | 5/5 | 256ms | samples=440,106,119,342,277
----------------------------------------------------------------------------------------------------
====================================================================================================
2026-10-06 15:00:00 | frontend | UP | 200 | 285ms
2026-10-06 15:00:02 | appwrite | UP | 200 | 1784ms
2026-10-06 15:00:03 | r2-media | UP | 5/5 | 155ms | worst=274ms | samples=274,112,128,127,134
2026-10-06 15:00:04 | video-media | UP | 5/5 | 217ms | samples=289,150,125,406,115
----------------------------------------------------------------------------------------------------
2026-10-06 15:05:00 | frontend | UP | 200 | 119ms
2026-10-06 15:05:01 | appwrite | UP | 200 | 192ms
2026-10-06 15:05:01 | r2-media | UP | 5/5 | 116ms | worst=185ms | samples=185,78,94,105,122
2026-10-06 15:05:02 | video-media | UP | 5/5 | 180ms | samples=118,121,243,116,303
----------------------------------------------------------------------------------------------------
2026-10-06 15:10:01 | frontend | UP | 200 | 282ms
2026-10-06 15:10:01 | appwrite | UP | 200 | 152ms
2026-10-06 15:10:02 | r2-media | UP | 5/5 | 171ms | worst=358ms | samples=358,110,149,93,149
2026-10-06 15:10:21 | video-media | UP | 5/5 | 258ms | samples=110,429,435,151,169
----------------------------------------------------------------------------------------------------
2026-10-06 15:15:01 | frontend | UP | 200 | 31ms
2026-10-06 15:15:01 | appwrite | UP | 200 | 160ms
2026-10-06 15:15:02 | r2-media | UP | 5/5 | 197ms | worst=309ms | samples=184,104,295,309,95
2026-10-06 15:15:03 | video-media | UP | 5/5 | 214ms | samples=168,252,144,174,335
----------------------------------------------------------------------------------------------------
2026-10-06 15:20:00 | frontend | UP | 200 | 24ms
2026-10-06 15:20:00 | appwrite | UP | 200 | 432ms
2026-10-06 15:20:01 | r2-media | UP | 5/5 | 113ms | worst=123ms | samples=113,123,113,105,112
2026-10-06 15:20:02 | video-media | UP | 5/5 | 188ms | samples=246,154,150,124,266
----------------------------------------------------------------------------------------------------
2026-10-06 15:25:01 | frontend | UP | 200 | 272ms
2026-10-06 15:25:01 | appwrite | UP | 200 | 300ms
2026-10-06 15:25:02 | r2-media | UP | 5/5 | 163ms | worst=295ms | samples=295,99,87,105,231
2026-10-06 15:25:03 | video-media | UP | 5/5 | 224ms | samples=435,295,146,126,118
----------------------------------------------------------------------------------------------------
2026-10-06 15:30:00 | frontend | UP | 200 | 28ms
2026-10-06 15:30:01 | appwrite | UP | 200 | 296ms
2026-10-06 15:30:02 | r2-media | UP | 5/5 | 153ms | worst=219ms | samples=127,115,149,219,155
2026-10-06 15:30:03 | video-media | UP | 5/5 | 276ms | samples=251,336,298,385,114
----------------------------------------------------------------------------------------------------
2026-10-06 15:35:01 | frontend | UP | 200 | 26ms
2026-10-06 15:35:01 | appwrite | UP | 200 | 314ms
2026-10-06 15:35:02 | r2-media | UP | 5/5 | 194ms | worst=446ms | samples=130,91,446,225,79
2026-10-06 15:35:03 | video-media | UP | 5/5 | 199ms | samples=273,211,127,113,274
----------------------------------------------------------------------------------------------------
2026-10-06 15:40:00 | frontend | UP | 200 | 272ms
2026-10-06 15:40:00 | appwrite | UP | 200 | 351ms
2026-10-06 15:40:01 | r2-media | UP | 5/5 | 138ms | worst=226ms | samples=92,100,120,226,155
2026-10-06 15:40:03 | video-media | UP | 5/5 | 258ms | samples=130,321,150,262,431
----------------------------------------------------------------------------------------------------
2026-10-06 15:45:00 | frontend | UP | 200 | 27ms
2026-10-06 15:45:01 | appwrite | UP | 200 | 213ms
2026-10-06 15:45:01 | r2-media | UP | 5/5 | 127ms | worst=196ms | samples=196,102,116,111,112
2026-10-06 15:45:03 | video-media | UP | 5/5 | 242ms | samples=272,132,257,258,292
----------------------------------------------------------------------------------------------------
2026-10-06 15:50:01 | frontend | UP | 200 | 285ms
2026-10-06 15:50:01 | appwrite | UP | 200 | 298ms
2026-10-06 15:50:02 | r2-media | UP | 5/5 | 185ms | worst=358ms | samples=358,278,142,77,74
2026-10-06 15:50:03 | video-media | UP | 5/5 | 239ms | samples=261,135,269,277,254
----------------------------------------------------------------------------------------------------
2026-10-06 15:55:00 | frontend | UP | 200 | 26ms
2026-10-06 15:55:00 | appwrite | UP | 200 | 354ms
2026-10-06 15:55:01 | r2-media | UP | 5/5 | 98ms | worst=127ms | samples=127,101,73,95,96
2026-10-06 15:55:02 | video-media | UP | 5/5 | 183ms | samples=146,281,255,129,104
----------------------------------------------------------------------------------------------------
====================================================================================================
2026-10-06 16:00:00 | frontend | UP | 200 | 29ms
2026-10-06 16:00:01 | appwrite | UP | 200 | 374ms
2026-10-06 16:00:01 | r2-media | UP | 5/5 | 129ms | worst=195ms | samples=195,124,108,103,118
2026-10-06 16:00:03 | video-media | UP | 5/5 | 198ms | samples=309,134,259,130,162
----------------------------------------------------------------------------------------------------
2026-10-06 16:05:00 | frontend | UP | 200 | 293ms
2026-10-06 16:05:00 | appwrite | UP | 200 | 210ms
2026-10-06 16:05:01 | r2-media | UP | 5/5 | 107ms | worst=175ms | samples=106,104,64,89,175
2026-10-06 16:05:02 | video-media | UP | 5/5 | 199ms | samples=119,114,486,141,136
----------------------------------------------------------------------------------------------------
2026-10-06 16:10:00 | frontend | UP | 200 | 31ms
2026-10-06 16:10:00 | appwrite | UP | 200 | 202ms
2026-10-06 16:10:01 | r2-media | UP | 5/5 | 155ms | worst=366ms | samples=366,88,111,124,90
2026-10-06 16:10:02 | video-media | UP | 5/5 | 224ms | samples=281,129,157,386,169
----------------------------------------------------------------------------------------------------
2026-10-06 16:15:00 | frontend | UP | 200 | 27ms
2026-10-06 16:15:00 | appwrite | UP | 200 | 284ms
2026-10-06 16:15:01 | r2-media | UP | 5/5 | 115ms | worst=166ms | samples=166,106,106,122,76
2026-10-06 16:15:18 | video-media | UP | 5/5 | 159ms | samples=154,143,111,252,137
----------------------------------------------------------------------------------------------------
2026-10-06 16:20:00 | frontend | UP | 200 | 268ms
2026-10-06 16:20:01 | appwrite | UP | 200 | 369ms
2026-10-06 16:20:01 | r2-media | UP | 5/5 | 124ms | worst=187ms | samples=187,80,128,117,110
2026-10-06 16:20:02 | video-media | UP | 5/5 | 125ms | samples=126,182,117,100,103
----------------------------------------------------------------------------------------------------
2026-10-06 16:25:01 | frontend | UP | 200 | 36ms
2026-10-06 16:25:01 | appwrite | UP | 200 | 293ms
2026-10-06 16:25:02 | r2-media | UP | 5/5 | 141ms | worst=171ms | samples=171,120,128,120,170
2026-10-06 16:25:03 | video-media | UP | 5/5 | 170ms | samples=236,262,134,108,113
----------------------------------------------------------------------------------------------------
2026-10-06 16:30:01 | frontend | UP | 200 | 286ms
2026-10-06 16:30:01 | appwrite | UP | 200 | 328ms
2026-10-06 16:30:02 | r2-media | UP | 5/5 | 149ms | worst=254ms | samples=254,118,133,119,122
2026-10-06 16:30:03 | video-media | UP | 5/5 | 157ms | samples=214,147,133,193,98
----------------------------------------------------------------------------------------------------
2026-10-06 16:35:00 | frontend | UP | 200 | 44ms
2026-10-06 16:35:00 | appwrite | UP | 200 | 140ms
2026-10-06 16:35:01 | r2-media | UP | 5/5 | 105ms | worst=128ms | samples=113,90,94,128,101
2026-10-06 16:35:02 | video-media | UP | 5/5 | 166ms | samples=182,117,123,110,300
----------------------------------------------------------------------------------------------------
2026-10-06 16:40:00 | frontend | UP | 200 | 33ms
2026-10-06 16:40:00 | appwrite | UP | 200 | 133ms
2026-10-06 16:40:01 | r2-media | UP | 5/5 | 137ms | worst=181ms | samples=181,168,96,99,143
2026-10-06 16:40:02 | video-media | UP | 5/5 | 191ms | samples=400,169,134,133,120
----------------------------------------------------------------------------------------------------
2026-10-06 16:45:00 | frontend | UP | 200 | 283ms
2026-10-06 16:45:01 | appwrite | UP | 200 | 297ms
2026-10-06 16:45:02 | r2-media | UP | 5/5 | 176ms | worst=424ms | samples=424,118,103,105,131
2026-10-06 16:45:03 | video-media | UP | 5/5 | 135ms | samples=159,138,140,126,112
----------------------------------------------------------------------------------------------------
2026-10-06 16:50:00 | frontend | UP | 200 | 42ms
2026-10-06 16:50:00 | appwrite | UP | 200 | 214ms
2026-10-06 16:50:01 | r2-media | UP | 5/5 | 162ms | worst=364ms | samples=75,112,92,364,167
2026-10-06 16:50:03 | video-media | UP | 5/5 | 188ms | samples=250,123,143,287,137
----------------------------------------------------------------------------------------------------
2026-10-06 16:55:00 | frontend | UP | 200 | 27ms
2026-10-06 16:55:01 | appwrite | UP | 200 | 378ms
2026-10-06 16:55:01 | r2-media | UP | 5/5 | 97ms | worst=103ms | samples=103,97,91,99,99
2026-10-06 16:55:02 | video-media | UP | 5/5 | 206ms | samples=118,236,288,158,232
----------------------------------------------------------------------------------------------------
====================================================================================================
2026-10-06 17:00:01 | frontend | UP | 200 | 280ms
2026-10-06 17:00:01 | appwrite | UP | 200 | 318ms
2026-10-06 17:00:02 | r2-media | UP | 5/5 | 177ms | worst=314ms | samples=257,314,103,90,121
2026-10-06 17:00:03 | video-media | UP | 5/5 | 154ms | samples=150,132,95,258,135
----------------------------------------------------------------------------------------------------
2026-10-06 17:05:00 | frontend | UP | 200 | 26ms
2026-10-06 17:05:01 | appwrite | UP | 200 | 442ms
2026-10-06 17:05:01 | r2-media | UP | 5/5 | 122ms | worst=194ms | samples=114,194,92,106,107
2026-10-06 17:05:03 | video-media | UP | 5/5 | 286ms | samples=391,355,201,358,126
----------------------------------------------------------------------------------------------------
2026-10-06 17:10:00 | frontend | UP | 200 | 28ms
2026-10-06 17:10:01 | appwrite | UP | 200 | 210ms
2026-10-06 17:10:02 | r2-media | UP | 5/5 | 184ms | worst=319ms | samples=137,198,128,140,319
2026-10-06 17:10:03 | video-media | UP | 5/5 | 137ms | samples=140,162,145,120,120
----------------------------------------------------------------------------------------------------
2026-10-06 17:15:00 | frontend | UP | 200 | 271ms
2026-10-06 17:15:01 | appwrite | UP | 200 | 302ms
2026-10-06 17:15:02 | r2-media | UP | 5/5 | 171ms | worst=260ms | samples=260,124,86,157,232
2026-10-06 17:15:03 | video-media | UP | 5/5 | 190ms | samples=206,131,303,243,71
----------------------------------------------------------------------------------------------------
2026-10-06 17:20:01 | frontend | UP | 200 | 33ms
2026-10-06 17:20:01 | appwrite | UP | 200 | 285ms
2026-10-06 17:20:02 | r2-media | UP | 5/5 | 137ms | worst=197ms | samples=197,130,144,123,94
2026-10-06 17:20:21 | video-media | UP | 5/5 | 220ms | samples=215,511,106,130,141
----------------------------------------------------------------------------------------------------
2026-10-06 17:25:00 | frontend | UP | 200 | 39ms
2026-10-06 17:25:00 | appwrite | UP | 200 | 283ms
2026-10-06 17:25:01 | r2-media | UP | 5/5 | 146ms | worst=220ms | samples=211,120,92,90,220
2026-10-06 17:25:03 | video-media | UP | 5/5 | 210ms | samples=121,262,173,167,328
----------------------------------------------------------------------------------------------------
2026-10-06 17:30:00 | frontend | UP | 200 | 288ms
2026-10-06 17:30:00 | appwrite | UP | 200 | 219ms
2026-10-06 17:30:01 | r2-media | UP | 5/5 | 123ms | worst=190ms | samples=104,113,190,94,114
2026-10-06 17:30:02 | video-media | UP | 5/5 | 134ms | samples=134,139,150,145,106
----------------------------------------------------------------------------------------------------
2026-10-06 17:35:00 | frontend | UP | 200 | 99ms
2026-10-06 17:35:00 | appwrite | UP | 200 | 292ms
2026-10-06 17:35:01 | r2-media | UP | 5/5 | 152ms | worst=322ms | samples=114,102,105,322,119
2026-10-06 17:35:02 | video-media | UP | 5/5 | 135ms | samples=143,218,118,105,91
----------------------------------------------------------------------------------------------------
2026-10-06 17:40:00 | frontend | UP | 200 | 29ms
2026-10-06 17:40:00 | appwrite | UP | 200 | 235ms
2026-10-06 17:40:04 | r2-media | UNSTABLE | 5/5 | 771ms | worst=3300ms | samples=226,3300,115,117,99
2026-10-06 17:40:05 | video-media | UP | 5/5 | 212ms | samples=402,241,116,94,210
----------------------------------------------------------------------------------------------------
2026-10-06 17:45:00 | frontend | UP | 200 | 285ms
2026-10-06 17:45:00 | appwrite | UP | 200 | 251ms
2026-10-06 17:45:01 | r2-media | UP | 5/5 | 131ms | worst=244ms | samples=244,88,112,110,104
2026-10-06 17:45:02 | video-media | UP | 5/5 | 143ms | samples=124,103,113,250,127
----------------------------------------------------------------------------------------------------
2026-10-06 17:50:00 | frontend | UP | 200 | 27ms
2026-10-06 17:50:00 | appwrite | UP | 200 | 201ms
2026-10-06 17:50:01 | r2-media | UP | 5/5 | 128ms | worst=223ms | samples=223,115,94,132,79
2026-10-06 17:50:02 | video-media | UP | 5/5 | 128ms | samples=137,131,116,134,123
----------------------------------------------------------------------------------------------------
2026-10-06 17:55:00 | frontend | UP | 200 | 26ms
2026-10-06 17:55:00 | appwrite | UP | 200 | 119ms
2026-10-06 17:55:01 | r2-media | UP | 5/5 | 135ms | worst=239ms | samples=239,113,104,118,103
2026-10-06 17:55:02 | video-media | UP | 5/5 | 203ms | samples=261,198,107,148,304
----------------------------------------------------------------------------------------------------
====================================================================================================
2026-10-06 18:00:01 | frontend | UP | 200 | 291ms
2026-10-06 18:00:01 | appwrite | UP | 200 | 267ms
2026-10-06 18:00:02 | r2-media | UP | 5/5 | 155ms | worst=247ms | samples=247,136,168,121,104
2026-10-06 18:00:03 | video-media | UP | 5/5 | 200ms | samples=251,204,180,274,91
----------------------------------------------------------------------------------------------------
2026-10-06 18:05:01 | frontend | UP | 200 | 27ms
2026-10-06 18:05:01 | appwrite | UP | 200 | 294ms
2026-10-06 18:05:02 | r2-media | UP | 5/5 | 154ms | worst=214ms | samples=112,124,117,203,214
2026-10-06 18:05:03 | video-media | UP | 5/5 | 185ms | samples=156,268,271,96,138
----------------------------------------------------------------------------------------------------
2026-10-06 18:10:00 | frontend | UP | 200 | 36ms
2026-10-06 18:10:00 | appwrite | UP | 200 | 144ms
2026-10-06 18:10:01 | r2-media | UP | 5/5 | 123ms | worst=159ms | samples=128,102,119,159,107
2026-10-06 18:10:02 | video-media | UP | 5/5 | 151ms | samples=128,133,213,166,119
----------------------------------------------------------------------------------------------------
2026-10-06 18:15:00 | frontend | UP | 200 | 283ms
2026-10-06 18:15:01 | appwrite | UP | 200 | 271ms
2026-10-06 18:15:01 | r2-media | UP | 5/5 | 150ms | worst=256ms | samples=256,125,109,172,92
2026-10-06 18:15:02 | video-media | UP | 5/5 | 159ms | samples=244,132,158,110,151
----------------------------------------------------------------------------------------------------
2026-10-06 18:20:01 | frontend | UP | 200 | 29ms
2026-10-06 18:20:01 | appwrite | UP | 200 | 221ms
2026-10-06 18:20:02 | r2-media | UP | 5/5 | 168ms | worst=316ms | samples=316,125,105,131,164
2026-10-06 18:20:03 | video-media | UP | 5/5 | 218ms | samples=325,244,158,178,187
----------------------------------------------------------------------------------------------------
2026-10-06 18:25:00 | frontend | UP | 200 | 26ms
2026-10-06 18:25:00 | appwrite | UP | 200 | 212ms
2026-10-06 18:25:01 | r2-media | UP | 5/5 | 184ms | worst=266ms | samples=112,266,161,116,265
2026-10-06 18:25:22 | video-media | UP | 5/5 | 138ms | samples=227,141,102,92,128
----------------------------------------------------------------------------------------------------
2026-10-06 18:30:01 | frontend | UP | 200 | 290ms
2026-10-06 18:30:01 | appwrite | UP | 200 | 372ms
2026-10-06 18:30:02 | r2-media | UP | 5/5 | 153ms | worst=255ms | samples=255,112,168,117,115
2026-10-06 18:30:03 | video-media | UP | 5/5 | 160ms | samples=174,170,93,194,171
----------------------------------------------------------------------------------------------------
2026-10-06 18:35:00 | frontend | UP | 200 | 26ms
2026-10-06 18:35:00 | appwrite | UP | 200 | 208ms
2026-10-06 18:35:00 | r2-media | UP | 5/5 | 95ms | worst=122ms | samples=122,90,79,83,105
2026-10-06 18:35:02 | video-media | UP | 5/5 | 165ms | samples=274,130,133,139,150
----------------------------------------------------------------------------------------------------
2026-10-06 18:40:01 | frontend | UP | 200 | 30ms
2026-10-06 18:40:01 | appwrite | UP | 200 | 268ms
2026-10-06 18:40:02 | r2-media | UP | 5/5 | 161ms | worst=290ms | samples=290,111,167,119,120
2026-10-06 18:40:03 | video-media | UP | 5/5 | 123ms | samples=136,141,99,144,97
----------------------------------------------------------------------------------------------------
2026-10-06 18:45:01 | frontend | UP | 200 | 286ms
2026-10-06 18:45:01 | appwrite | UP | 200 | 303ms
2026-10-06 18:45:02 | r2-media | UP | 5/5 | 230ms | worst=467ms | samples=327,121,467,148,91
2026-10-06 18:45:04 | video-media | UP | 5/5 | 246ms | samples=288,297,136,266,244
----------------------------------------------------------------------------------------------------
2026-10-06 18:50:00 | frontend | UP | 200 | 27ms
2026-10-06 18:50:01 | appwrite | UP | 200 | 224ms
2026-10-06 18:50:01 | r2-media | UP | 5/5 | 111ms | worst=118ms | samples=115,114,97,114,118
2026-10-06 18:50:02 | video-media | UP | 5/5 | 126ms | samples=130,132,145,111,115
----------------------------------------------------------------------------------------------------
2026-10-06 18:55:00 | frontend | UP | 200 | 31ms
2026-10-06 18:55:00 | appwrite | UP | 200 | 141ms
2026-10-06 18:55:01 | r2-media | UP | 5/5 | 137ms | worst=270ms | samples=270,108,93,106,108
2026-10-06 18:55:02 | video-media | UP | 5/5 | 171ms | samples=128,107,158,312,154
----------------------------------------------------------------------------------------------------
====================================================================================================
2026-10-06 19:00:00 | frontend | UP | 200 | 277ms
2026-10-06 19:00:00 | appwrite | UP | 200 | 195ms
2026-10-06 19:00:01 | r2-media | UP | 5/5 | 155ms | worst=308ms | samples=308,116,97,138,118
2026-10-06 19:00:03 | video-media | UP | 5/5 | 225ms | samples=362,111,266,267,122
----------------------------------------------------------------------------------------------------
2026-10-06 19:05:00 | frontend | UP | 200 | 39ms
2026-10-06 19:05:00 | appwrite | UP | 200 | 136ms
2026-10-06 19:05:01 | r2-media | UP | 5/5 | 145ms | worst=254ms | samples=103,142,254,120,110
2026-10-06 19:05:02 | video-media | UP | 5/5 | 199ms | samples=252,260,164,137,184
----------------------------------------------------------------------------------------------------
2026-10-06 19:10:01 | frontend | UP | 200 | 420ms
2026-10-06 19:10:01 | appwrite | UP | 200 | 440ms
2026-10-06 19:10:02 | r2-media | UP | 5/5 | 159ms | worst=298ms | samples=193,109,100,98,298
2026-10-06 19:10:03 | video-media | UP | 5/5 | 141ms | samples=241,124,97,125,120
----------------------------------------------------------------------------------------------------
2026-10-06 19:15:00 | frontend | UP | 200 | 28ms
2026-10-06 19:15:00 | appwrite | UP | 200 | 289ms
2026-10-06 19:15:01 | r2-media | UP | 5/5 | 131ms | worst=151ms | samples=147,145,151,105,107
2026-10-06 19:15:02 | video-media | UP | 5/5 | 134ms | samples=159,137,161,123,92
----------------------------------------------------------------------------------------------------
2026-10-06 19:20:00 | frontend | UP | 200 | 27ms
2026-10-06 19:20:00 | appwrite | UP | 200 | 258ms
2026-10-06 19:20:01 | r2-media | UP | 5/5 | 196ms | worst=364ms | samples=364,277,104,136,103
2026-10-06 19:20:03 | video-media | UP | 5/5 | 247ms | samples=272,311,132,363,161
----------------------------------------------------------------------------------------------------
2026-10-06 19:25:01 | frontend | UP | 200 | 269ms
2026-10-06 19:25:01 | appwrite | UP | 200 | 319ms
2026-10-06 19:25:02 | r2-media | UP | 5/5 | 232ms | worst=478ms | samples=326,91,478,162,104
2026-10-06 19:25:04 | video-media | UP | 5/5 | 229ms | samples=602,125,117,185,116
----------------------------------------------------------------------------------------------------
2026-10-06 19:30:00 | frontend | UP | 200 | 31ms
2026-10-06 19:30:01 | appwrite | UP | 200 | 145ms
2026-10-06 19:30:02 | r2-media | UP | 5/5 | 162ms | worst=250ms | samples=119,128,132,183,250
2026-10-06 19:30:24 | video-media | UP | 5/5 | 216ms | samples=426,113,138,259,146
----------------------------------------------------------------------------------------------------
2026-10-06 19:35:00 | frontend | UP | 200 | 26ms
2026-10-06 19:35:00 | appwrite | UP | 200 | 271ms
2026-10-06 19:35:01 | r2-media | UP | 5/5 | 127ms | worst=234ms | samples=105,109,234,114,76
2026-10-06 19:35:02 | video-media | UP | 5/5 | 289ms | samples=567,340,180,255,106
----------------------------------------------------------------------------------------------------
2026-10-06 19:40:00 | frontend | UP | 200 | 268ms
2026-10-06 19:40:01 | appwrite | UP | 200 | 375ms
2026-10-06 19:40:02 | r2-media | UP | 5/5 | 144ms | worst=302ms | samples=302,128,105,85,104
2026-10-06 19:40:03 | video-media | UP | 5/5 | 328ms | samples=779,286,207,262,107
----------------------------------------------------------------------------------------------------
2026-10-06 19:45:00 | frontend | UP | 200 | 39ms
2026-10-06 19:45:01 | appwrite | UP | 200 | 278ms
2026-10-06 19:45:02 | r2-media | UP | 5/5 | 189ms | worst=311ms | samples=158,159,124,311,193
2026-10-06 19:45:03 | video-media | UP | 5/5 | 250ms | samples=417,402,160,148,126
----------------------------------------------------------------------------------------------------
2026-10-06 19:50:01 | frontend | UP | 200 | 282ms
2026-10-06 19:50:01 | appwrite | UP | 200 | 186ms
2026-10-06 19:50:02 | r2-media | UP | 5/5 | 170ms | worst=264ms | samples=262,264,107,101,120
2026-10-06 19:50:03 | video-media | UP | 5/5 | 185ms | samples=170,150,314,120,174
----------------------------------------------------------------------------------------------------
2026-10-06 19:55:00 | frontend | UP | 200 | 30ms
2026-10-06 19:55:00 | appwrite | UP | 200 | 302ms
2026-10-06 19:55:01 | r2-media | UP | 5/5 | 164ms | worst=384ms | samples=384,137,89,117,96
2026-10-06 19:55:02 | video-media | UP | 5/5 | 199ms | samples=524,115,113,123,121
----------------------------------------------------------------------------------------------------
====================================================================================================
2026-10-06 20:00:00 | frontend | UP | 200 | 34ms
2026-10-06 20:00:00 | appwrite | UP | 200 | 369ms
2026-10-06 20:00:01 | r2-media | UP | 5/5 | 198ms | worst=353ms | samples=353,120,108,206,204
2026-10-06 20:00:04 | video-media | UP | 5/5 | 371ms | samples=203,132,761,507,252
----------------------------------------------------------------------------------------------------
2026-10-06 20:05:00 | frontend | UP | 200 | 332ms
2026-10-06 20:05:01 | appwrite | UP | 200 | 223ms
2026-10-06 20:05:02 | r2-media | UP | 5/5 | 156ms | worst=273ms | samples=273,188,79,114,130
2026-10-06 20:05:07 | video-media | UP | 5/5 | 1035ms | samples=772,195,2736,1343,131
----------------------------------------------------------------------------------------------------
2026-10-06 20:10:00 | frontend | UP | 200 | 51ms
2026-10-06 20:10:00 | appwrite | UP | 200 | 186ms
2026-10-06 20:10:01 | r2-media | UP | 5/5 | 113ms | worst=141ms | samples=141,107,109,106,105
2026-10-06 20:10:04 | video-media | UP | 5/5 | 680ms | samples=774,850,836,818,126
----------------------------------------------------------------------------------------------------
2026-10-06 20:15:00 | frontend | UP | 200 | 213ms
2026-10-06 20:15:01 | appwrite | UP | 200 | 391ms
2026-10-06 20:15:02 | r2-media | UP | 5/5 | 143ms | worst=302ms | samples=302,100,101,114,102
2026-10-06 20:15:05 | video-media | UP | 5/5 | 637ms | samples=127,1284,359,106,1310
----------------------------------------------------------------------------------------------------
2026-10-06 20:20:00 | frontend | UP | 200 | 278ms
2026-10-06 20:20:01 | appwrite | UP | 200 | 208ms
2026-10-06 20:20:02 | r2-media | UP | 5/5 | 159ms | worst=347ms | samples=105,347,121,116,107
2026-10-06 20:20:06 | video-media | UP | 5/5 | 876ms | samples=725,102,1928,215,1410
----------------------------------------------------------------------------------------------------
2026-10-06 20:25:00 | frontend | UP | 200 | 28ms
2026-10-06 20:25:00 | appwrite | UP | 200 | 282ms
2026-10-06 20:25:01 | r2-media | UP | 5/5 | 123ms | worst=158ms | samples=98,130,118,111,158
2026-10-06 20:25:05 | video-media | UP | 5/5 | 745ms | samples=810,116,819,1813,169
----------------------------------------------------------------------------------------------------
2026-10-06 20:30:00 | frontend | UP | 200 | 41ms
2026-10-06 20:30:00 | appwrite | UP | 200 | 234ms
2026-10-06 20:30:01 | r2-media | UP | 5/5 | 157ms | worst=310ms | samples=310,129,144,90,116
2026-10-06 20:30:07 | video-media | UP | 5/5 | 1099ms | samples=1508,749,783,856,1599
----------------------------------------------------------------------------------------------------
2026-10-06 20:35:00 | frontend | UP | 200 | 283ms
2026-10-06 20:35:01 | appwrite | UP | 200 | 323ms
2026-10-06 20:35:02 | r2-media | UP | 5/5 | 156ms | worst=278ms | samples=278,180,132,121,72
2026-10-06 20:35:24 | video-media | UP | 5/5 | 1050ms | samples=2385,118,782,123,1846
----------------------------------------------------------------------------------------------------
2026-10-06 20:40:00 | frontend | UP | 200 | 27ms
2026-10-06 20:40:00 | appwrite | UP | 200 | 410ms
2026-10-06 20:40:01 | r2-media | UP | 5/5 | 129ms | worst=205ms | samples=162,79,95,107,205
2026-10-06 20:40:06 | video-media | UP | 5/5 | 1037ms | samples=126,791,114,2572,1584
----------------------------------------------------------------------------------------------------
2026-10-06 20:45:01 | frontend | UP | 200 | 276ms
2026-10-06 20:45:01 | appwrite | UP | 200 | 216ms
2026-10-06 20:45:02 | r2-media | UP | 5/5 | 159ms | worst=235ms | samples=235,234,117,96,114
2026-10-06 20:45:05 | video-media | UP | 5/5 | 514ms | samples=782,106,829,745,109
----------------------------------------------------------------------------------------------------
2026-10-06 20:50:01 | frontend | UP | 200 | 44ms
2026-10-06 20:50:01 | appwrite | UP | 200 | 146ms
2026-10-06 20:50:02 | r2-media | UP | 5/5 | 149ms | worst=252ms | samples=123,84,168,122,252
2026-10-06 20:50:03 | video-media | UP | 5/5 | 270ms | samples=106,216,107,793,130
----------------------------------------------------------------------------------------------------
2026-10-06 20:55:00 | frontend | UP | 200 | 27ms
2026-10-06 20:55:00 | appwrite | UP | 200 | 280ms
2026-10-06 20:55:01 | r2-media | UP | 5/5 | 109ms | worst=152ms | samples=116,81,98,152,102
2026-10-06 20:55:03 | video-media | UP | 5/5 | 335ms | samples=193,1018,232,113,122
----------------------------------------------------------------------------------------------------
====================================================================================================
2026-10-06 21:00:00 | frontend | UP | 200 | 271ms
2026-10-06 21:00:00 | appwrite | UP | 200 | 329ms
2026-10-06 21:00:01 | r2-media | UP | 5/5 | 139ms | worst=244ms | samples=244,120,113,93,126
2026-10-06 21:00:04 | video-media | UP | 5/5 | 390ms | samples=129,179,118,1295,231
----------------------------------------------------------------------------------------------------
2026-10-06 21:05:00 | frontend | UP | 200 | 28ms
2026-10-06 21:05:00 | appwrite | UP | 200 | 299ms
2026-10-06 21:05:01 | r2-media | UP | 5/5 | 144ms | worst=262ms | samples=95,95,124,147,262
2026-10-06 21:05:03 | video-media | UP | 5/5 | 270ms | samples=111,189,173,124,754
----------------------------------------------------------------------------------------------------
2026-10-06 21:10:01 | frontend | UP | 200 | 270ms
2026-10-06 21:10:01 | appwrite | UP | 200 | 220ms
2026-10-06 21:10:02 | r2-media | UP | 5/5 | 169ms | worst=253ms | samples=99,253,238,126,133
2026-10-06 21:10:06 | video-media | UP | 5/5 | 795ms | samples=2070,96,807,133,872
----------------------------------------------------------------------------------------------------
2026-10-06 21:15:00 | frontend | UP | 200 | 34ms
2026-10-06 21:15:01 | appwrite | UP | 200 | 211ms
2026-10-06 21:15:01 | r2-media | UP | 5/5 | 114ms | worst=145ms | samples=89,130,81,128,145
2026-10-06 21:15:03 | video-media | UP | 5/5 | 318ms | samples=227,133,148,765,317
----------------------------------------------------------------------------------------------------
2026-10-06 21:20:00 | frontend | UP | 200 | 26ms
2026-10-06 21:20:01 | appwrite | UP | 200 | 353ms
2026-10-06 21:20:02 | r2-media | UP | 5/5 | 194ms | worst=393ms | samples=393,84,117,231,145
2026-10-06 21:20:03 | video-media | UP | 5/5 | 315ms | samples=290,544,135,478,132
----------------------------------------------------------------------------------------------------
2026-10-06 21:25:00 | frontend | UP | 200 | 306ms
2026-10-06 21:25:01 | appwrite | UP | 200 | 431ms
2026-10-06 21:25:02 | r2-media | UP | 5/5 | 208ms | worst=522ms | samples=87,101,522,230,100
2026-10-06 21:25:05 | video-media | UP | 5/5 | 663ms | samples=783,124,740,758,911
----------------------------------------------------------------------------------------------------
2026-10-06 21:30:00 | frontend | UP | 200 | 34ms
2026-10-06 21:30:00 | appwrite | UP | 200 | 191ms
2026-10-06 21:30:01 | r2-media | UP | 5/5 | 106ms | worst=157ms | samples=94,97,82,101,157
2026-10-06 21:30:04 | video-media | UP | 5/5 | 455ms | samples=555,128,452,222,920
----------------------------------------------------------------------------------------------------
2026-10-06 21:35:01 | frontend | UP | 200 | 270ms
2026-10-06 21:35:01 | appwrite | UP | 200 | 270ms
2026-10-06 21:35:01 | r2-media | UP | 5/5 | 102ms | worst=117ms | samples=117,112,97,95,91
2026-10-06 21:35:05 | video-media | UP | 5/5 | 621ms | samples=721,757,254,1243,130
----------------------------------------------------------------------------------------------------
2026-10-06 21:40:00 | frontend | UP | 200 | 42ms
2026-10-06 21:40:00 | appwrite | UP | 200 | 171ms
2026-10-06 21:40:01 | r2-media | UP | 5/5 | 140ms | worst=278ms | samples=278,112,91,107,114
2026-10-06 21:40:26 | video-media | UP | 5/5 | 593ms | samples=847,846,744,424,107
----------------------------------------------------------------------------------------------------
2026-10-06 21:45:00 | frontend | UP | 200 | 27ms
2026-10-06 21:45:00 | appwrite | UP | 200 | 304ms
2026-10-06 21:45:01 | r2-media | UP | 5/5 | 153ms | worst=226ms | samples=226,125,136,124,156
2026-10-06 21:45:04 | video-media | UP | 5/5 | 446ms | samples=440,762,785,127,117
----------------------------------------------------------------------------------------------------
2026-10-06 21:50:00 | frontend | UP | 200 | 329ms
2026-10-06 21:50:01 | appwrite | UP | 200 | 376ms
2026-10-06 21:50:01 | r2-media | UP | 5/5 | 134ms | worst=166ms | samples=145,166,105,105,149
2026-10-06 21:50:03 | video-media | UP | 5/5 | 196ms | samples=143,111,147,116,464
----------------------------------------------------------------------------------------------------
2026-10-06 21:55:00 | frontend | UP | 200 | 27ms
2026-10-06 21:55:00 | appwrite | UP | 200 | 125ms
2026-10-06 21:55:01 | r2-media | UP | 5/5 | 157ms | worst=365ms | samples=132,83,97,110,365
2026-10-06 21:55:03 | video-media | UP | 5/5 | 423ms | samples=293,738,277,372,439
----------------------------------------------------------------------------------------------------
====================================================================================================
2026-10-06 22:00:01 | frontend | UP | 200 | 354ms
2026-10-06 22:00:01 | appwrite | UP | 200 | 347ms
2026-10-06 22:00:02 | r2-media | UP | 5/5 | 140ms | worst=177ms | samples=177,98,127,130,172
2026-10-06 22:00:05 | video-media | UP | 5/5 | 585ms | samples=212,764,831,802,318
----------------------------------------------------------------------------------------------------
2026-10-06 22:05:00 | frontend | UP | 200 | 31ms
2026-10-06 22:05:00 | appwrite | UP | 200 | 231ms
2026-10-06 22:05:01 | r2-media | UP | 5/5 | 93ms | worst=113ms | samples=113,91,84,101,78
2026-10-06 22:05:04 | video-media | UP | 5/5 | 587ms | samples=786,138,450,711,853
----------------------------------------------------------------------------------------------------
2026-10-06 22:10:00 | frontend | UP | 200 | 31ms
2026-10-06 22:10:01 | appwrite | UP | 200 | 187ms
2026-10-06 22:10:02 | r2-media | UP | 5/5 | 141ms | worst=198ms | samples=130,161,75,198,144
2026-10-06 22:10:03 | video-media | UP | 5/5 | 253ms | samples=128,431,397,179,130
----------------------------------------------------------------------------------------------------
2026-10-06 22:15:00 | frontend | UP | 200 | 278ms
2026-10-06 22:15:00 | appwrite | UP | 200 | 273ms
2026-10-06 22:15:01 | r2-media | UP | 5/5 | 150ms | worst=367ms | samples=122,87,93,367,84
2026-10-06 22:15:03 | video-media | UP | 5/5 | 351ms | samples=189,466,132,117,852
----------------------------------------------------------------------------------------------------
2026-10-06 22:20:00 | frontend | UP | 200 | 80ms
2026-10-06 22:20:01 | appwrite | UP | 200 | 357ms
2026-10-06 22:20:02 | r2-media | UP | 5/5 | 128ms | worst=201ms | samples=149,201,84,97,109
2026-10-06 22:20:03 | video-media | UP | 5/5 | 233ms | samples=138,109,311,497,110
----------------------------------------------------------------------------------------------------
2026-10-06 22:25:00 | frontend | UP | 200 | 31ms
2026-10-06 22:25:00 | appwrite | UP | 200 | 458ms
2026-10-06 22:25:01 | r2-media | UP | 5/5 | 129ms | worst=225ms | samples=125,99,112,86,225
2026-10-06 22:25:02 | video-media | UP | 5/5 | 171ms | samples=168,80,120,114,373
----------------------------------------------------------------------------------------------------
2026-10-06 22:30:00 | frontend | UP | 200 | 267ms
2026-10-06 22:30:00 | appwrite | UP | 200 | 200ms
2026-10-06 22:30:01 | r2-media | UP | 5/5 | 149ms | worst=269ms | samples=269,97,111,108,163
2026-10-06 22:30:03 | video-media | UP | 5/5 | 411ms | samples=464,112,524,497,458
----------------------------------------------------------------------------------------------------
2026-10-06 22:35:00 | frontend | UP | 200 | 33ms
2026-10-06 22:35:01 | appwrite | UP | 200 | 306ms
2026-10-06 22:35:02 | r2-media | UP | 5/5 | 212ms | worst=394ms | samples=394,145,305,126,92
2026-10-06 22:35:04 | video-media | UP | 5/5 | 291ms | samples=154,120,146,728,309
----------------------------------------------------------------------------------------------------
2026-10-06 22:40:01 | frontend | UP | 200 | 292ms
2026-10-06 22:40:01 | appwrite | UP | 200 | 223ms
2026-10-06 22:40:02 | r2-media | UP | 5/5 | 145ms | worst=332ms | samples=332,115,97,91,94
2026-10-06 22:40:04 | video-media | UP | 5/5 | 390ms | samples=486,454,126,424,463
----------------------------------------------------------------------------------------------------
2026-10-06 22:45:01 | frontend | UP | 200 | 26ms
2026-10-06 22:45:01 | appwrite | UP | 200 | 220ms
2026-10-06 22:45:02 | r2-media | UP | 5/5 | 143ms | worst=280ms | samples=108,92,106,129,280
2026-10-06 22:45:18 | video-media | UP | 5/5 | 200ms | samples=375,104,132,274,119
----------------------------------------------------------------------------------------------------
2026-10-06 22:50:00 | frontend | UP | 200 | 79ms
2026-10-06 22:50:01 | appwrite | UP | 200 | 287ms
2026-10-06 22:50:02 | r2-media | UP | 5/5 | 160ms | worst=305ms | samples=109,157,105,128,305
2026-10-06 22:50:03 | video-media | UP | 5/5 | 215ms | samples=139,105,427,129,278
----------------------------------------------------------------------------------------------------
2026-10-06 22:55:00 | frontend | UP | 200 | 366ms
2026-10-06 22:55:01 | appwrite | UP | 200 | 285ms
2026-10-06 22:55:02 | r2-media | UP | 5/5 | 157ms | worst=266ms | samples=266,94,86,76,263
2026-10-06 22:55:03 | video-media | UP | 5/5 | 153ms | samples=144,204,135,147,135
----------------------------------------------------------------------------------------------------
====================================================================================================
2026-10-06 23:00:00 | frontend | UP | 200 | 33ms
2026-10-06 23:00:00 | appwrite | UP | 200 | 247ms
2026-10-06 23:00:01 | r2-media | UP | 5/5 | 122ms | worst=172ms | samples=134,103,86,172,117
2026-10-06 23:00:03 | video-media | UP | 5/5 | 277ms | samples=211,178,261,446,291
----------------------------------------------------------------------------------------------------
2026-10-06 23:05:01 | frontend | UP | 200 | 290ms
2026-10-06 23:05:01 | appwrite | UP | 200 | 319ms
2026-10-06 23:05:02 | r2-media | UP | 5/5 | 185ms | worst=449ms | samples=156,128,449,92,102
2026-10-06 23:05:04 | video-media | UP | 5/5 | 260ms | samples=310,256,378,272,84
----------------------------------------------------------------------------------------------------
2026-10-06 23:10:00 | frontend | UP | 200 | 33ms
2026-10-06 23:10:01 | appwrite | UP | 200 | 323ms
2026-10-06 23:10:02 | r2-media | UP | 5/5 | 176ms | worst=300ms | samples=300,218,104,113,149
2026-10-06 23:10:03 | video-media | UP | 5/5 | 208ms | samples=115,354,212,91,271
----------------------------------------------------------------------------------------------------
2026-10-06 23:15:01 | frontend | UP | 200 | 36ms
2026-10-06 23:15:01 | appwrite | UP | 200 | 399ms
2026-10-06 23:15:02 | r2-media | UP | 5/5 | 132ms | worst=202ms | samples=202,114,107,104,134
2026-10-06 23:15:04 | video-media | UP | 5/5 | 295ms | samples=125,257,203,747,147
----------------------------------------------------------------------------------------------------
2026-10-06 23:20:01 | frontend | UP | 200 | 348ms
2026-10-06 23:20:01 | appwrite | UP | 200 | 217ms
2026-10-06 23:20:02 | r2-media | UP | 5/5 | 146ms | worst=342ms | samples=117,342,91,100,82
2026-10-06 23:20:03 | video-media | UP | 5/5 | 231ms | samples=175,406,303,157,116
----------------------------------------------------------------------------------------------------
2026-10-06 23:25:01 | frontend | UP | 200 | 25ms
2026-10-06 23:25:01 | appwrite | UP | 200 | 201ms
2026-10-06 23:25:01 | r2-media | UP | 5/5 | 118ms | worst=170ms | samples=81,90,90,170,162
2026-10-06 23:25:02 | video-media | UP | 5/5 | 134ms | samples=115,157,87,198,115
----------------------------------------------------------------------------------------------------
2026-10-06 23:30:01 | frontend | UP | 200 | 28ms
2026-10-06 23:30:01 | appwrite | UP | 200 | 412ms
2026-10-06 23:30:02 | r2-media | UP | 5/5 | 201ms | worst=443ms | samples=443,195,98,135,135
2026-10-06 23:30:03 | video-media | UP | 5/5 | 119ms | samples=116,112,174,109,86
----------------------------------------------------------------------------------------------------
2026-10-06 23:35:01 | frontend | UP | 200 | 268ms
2026-10-06 23:35:01 | appwrite | UP | 200 | 215ms
2026-10-06 23:35:02 | r2-media | UP | 5/5 | 162ms | worst=229ms | samples=178,195,229,123,87
2026-10-06 23:35:03 | video-media | UP | 5/5 | 177ms | samples=317,124,111,244,89
----------------------------------------------------------------------------------------------------
2026-10-06 23:40:01 | frontend | UP | 200 | 30ms
2026-10-06 23:40:01 | appwrite | UP | 200 | 229ms
2026-10-06 23:40:02 | r2-media | UP | 5/5 | 119ms | worst=178ms | samples=83,109,178,131,98
2026-10-06 23:40:03 | video-media | UP | 5/5 | 323ms | samples=113,344,733,318,107
----------------------------------------------------------------------------------------------------
2026-10-06 23:45:00 | frontend | UP | 200 | 25ms
2026-10-06 23:45:00 | appwrite | UP | 200 | 210ms
2026-10-06 23:45:01 | r2-media | UP | 5/5 | 177ms | worst=471ms | samples=471,103,119,107,88
2026-10-06 23:45:02 | video-media | UP | 5/5 | 169ms | samples=137,159,160,149,240
----------------------------------------------------------------------------------------------------
2026-10-06 23:50:00 | frontend | UP | 200 | 283ms
2026-10-06 23:50:00 | appwrite | UP | 200 | 261ms
2026-10-06 23:50:01 | r2-media | UP | 5/5 | 163ms | worst=330ms | samples=330,90,181,111,104
2026-10-06 23:50:22 | video-media | UP | 5/5 | 105ms | samples=98,121,126,73,109
----------------------------------------------------------------------------------------------------
2026-10-06 23:55:00 | frontend | UP | 200 | 100ms
2026-10-06 23:55:01 | appwrite | UP | 200 | 377ms
2026-10-06 23:55:02 | r2-media | UP | 5/5 | 139ms | worst=271ms | samples=271,117,103,114,93
2026-10-06 23:55:02 | video-media | UP | 5/5 | 131ms | samples=159,106,88,198,107
----------------------------------------------------------------------------------------------------
====================================================================================================
2026-10-07 00:00:00 | frontend | UP | 200 | 275ms
2026-10-07 00:00:01 | appwrite | UP | 200 | 384ms
2026-10-07 00:00:02 | r2-media | UP | 5/5 | 153ms | worst=288ms | samples=105,288,123,142,111
2026-10-07 00:00:03 | video-media | UP | 5/5 | 150ms | samples=188,148,154,114,146
----------------------------------------------------------------------------------------------------
2026-10-07 00:05:01 | frontend | UP | 200 | 281ms
2026-10-07 00:05:01 | appwrite | UP | 200 | 284ms
2026-10-07 00:05:02 | r2-media | UP | 5/5 | 178ms | worst=300ms | samples=104,121,285,300,83
2026-10-07 00:05:03 | video-media | UP | 5/5 | 126ms | samples=149,128,123,131,100
----------------------------------------------------------------------------------------------------
2026-10-07 00:10:00 | frontend | UP | 200 | 40ms
2026-10-07 00:10:01 | appwrite | UP | 200 | 208ms
2026-10-07 00:10:01 | r2-media | UP | 5/5 | 111ms | worst=144ms | samples=144,94,92,108,119
2026-10-07 00:10:03 | video-media | UP | 5/5 | 190ms | samples=169,202,235,238,109
----------------------------------------------------------------------------------------------------
2026-10-07 00:15:01 | frontend | UP | 200 | 31ms
2026-10-07 00:15:01 | appwrite | UP | 200 | 280ms
2026-10-07 00:15:02 | r2-media | UP | 5/5 | 132ms | worst=181ms | samples=181,145,68,128,140
2026-10-07 00:15:03 | video-media | UP | 5/5 | 140ms | samples=123,150,107,127,195
----------------------------------------------------------------------------------------------------
2026-10-07 00:20:01 | frontend | UP | 200 | 282ms
2026-10-07 00:20:01 | appwrite | UP | 200 | 222ms
2026-10-07 00:20:02 | r2-media | UP | 5/5 | 131ms | worst=253ms | samples=253,102,92,98,114
2026-10-07 00:20:03 | video-media | UP | 5/5 | 141ms | samples=118,127,176,153,135
----------------------------------------------------------------------------------------------------
2026-10-07 00:25:00 | frontend | UP | 200 | 77ms
2026-10-07 00:25:00 | appwrite | UP | 200 | 203ms
2026-10-07 00:25:01 | r2-media | UP | 5/5 | 84ms | worst=101ms | samples=88,74,69,88,101
2026-10-07 00:25:02 | video-media | UP | 5/5 | 128ms | samples=138,146,118,106,135
----------------------------------------------------------------------------------------------------
2026-10-07 00:30:01 | frontend | UP | 200 | 33ms
2026-10-07 00:30:01 | appwrite | UP | 200 | 279ms
2026-10-07 00:30:02 | r2-media | UP | 5/5 | 131ms | worst=255ms | samples=255,82,131,96,91
2026-10-07 00:30:02 | video-media | UP | 5/5 | 113ms | samples=124,140,98,74,132
----------------------------------------------------------------------------------------------------
2026-10-07 00:35:01 | frontend | UP | 200 | 272ms
2026-10-07 00:35:01 | appwrite | UP | 200 | 363ms
2026-10-07 00:35:02 | r2-media | UP | 5/5 | 116ms | worst=219ms | samples=127,219,82,77,78
2026-10-07 00:35:02 | video-media | UP | 5/5 | 124ms | samples=143,149,113,103,114
----------------------------------------------------------------------------------------------------
2026-10-07 00:40:00 | frontend | UP | 200 | 27ms
2026-10-07 00:40:00 | appwrite | UP | 200 | 258ms
2026-10-07 00:40:01 | r2-media | UP | 5/5 | 90ms | worst=132ms | samples=79,83,70,87,132
2026-10-07 00:40:02 | video-media | UP | 5/5 | 102ms | samples=90,131,93,101,96
----------------------------------------------------------------------------------------------------
2026-10-07 00:45:00 | frontend | UP | 200 | 27ms
2026-10-07 00:45:00 | appwrite | UP | 200 | 335ms
2026-10-07 00:45:01 | r2-media | UP | 5/5 | 162ms | worst=234ms | samples=234,176,167,76,160
2026-10-07 00:45:02 | video-media | UP | 5/5 | 113ms | samples=111,107,88,155,107
----------------------------------------------------------------------------------------------------
2026-10-07 00:50:00 | frontend | UP | 200 | 275ms
2026-10-07 00:50:01 | appwrite | UP | 200 | 440ms
2026-10-07 00:50:01 | r2-media | UP | 5/5 | 140ms | worst=314ms | samples=314,79,92,124,93
2026-10-07 00:50:02 | video-media | UP | 5/5 | 136ms | samples=218,122,95,124,124
----------------------------------------------------------------------------------------------------
2026-10-07 00:55:00 | frontend | UP | 200 | 33ms
2026-10-07 00:55:00 | appwrite | UP | 200 | 266ms
2026-10-07 00:55:01 | r2-media | UP | 5/5 | 131ms | worst=248ms | samples=80,94,80,153,248
2026-10-07 00:55:15 | video-media | UP | 5/5 | 111ms | samples=156,97,67,103,136
----------------------------------------------------------------------------------------------------
====================================================================================================
2026-10-07 01:00:00 | frontend | UP | 200 | 75ms
2026-10-07 01:00:00 | appwrite | UP | 200 | 223ms
2026-10-07 01:00:01 | r2-media | UP | 5/5 | 93ms | worst=144ms | samples=86,68,74,97,144
2026-10-07 01:00:01 | video-media | UP | 5/5 | 142ms | samples=182,111,198,111,111
----------------------------------------------------------------------------------------------------
2026-10-07 01:05:01 | frontend | UP | 200 | 300ms
2026-10-07 01:05:01 | appwrite | UP | 200 | 358ms
2026-10-07 01:05:01 | r2-media | UP | 5/5 | 87ms | worst=108ms | samples=108,73,100,70,86
2026-10-07 01:05:02 | video-media | UP | 5/5 | 107ms | samples=135,114,105,105,80
----------------------------------------------------------------------------------------------------
2026-10-07 01:10:00 | frontend | UP | 200 | 30ms
2026-10-07 01:10:00 | appwrite | UP | 200 | 266ms
2026-10-07 01:10:01 | r2-media | UP | 5/5 | 143ms | worst=328ms | samples=328,80,97,91,120
2026-10-07 01:10:02 | video-media | UP | 5/5 | 127ms | samples=123,94,133,181,107
----------------------------------------------------------------------------------------------------
2026-10-07 01:15:01 | frontend | UP | 200 | 281ms
2026-10-07 01:15:01 | appwrite | UP | 200 | 207ms
2026-10-07 01:15:02 | r2-media | UP | 5/5 | 142ms | worst=353ms | samples=353,87,98,83,92
2026-10-07 01:15:03 | video-media | UP | 5/5 | 187ms | samples=254,418,84,81,102
----------------------------------------------------------------------------------------------------
2026-10-07 01:20:01 | frontend | UP | 200 | 42ms
2026-10-07 01:20:01 | appwrite | UP | 200 | 294ms
2026-10-07 01:20:02 | r2-media | UP | 5/5 | 144ms | worst=249ms | samples=176,98,249,107,91
2026-10-07 01:20:03 | video-media | UP | 5/5 | 107ms | samples=109,89,159,106,74
----------------------------------------------------------------------------------------------------
2026-10-07 01:25:00 | frontend | UP | 200 | 27ms
2026-10-07 01:25:00 | appwrite | UP | 200 | 197ms
2026-10-07 01:25:00 | r2-media | UP | 5/5 | 86ms | worst=117ms | samples=76,83,117,82,72
2026-10-07 01:25:01 | video-media | UP | 5/5 | 155ms | samples=100,147,92,103,335
----------------------------------------------------------------------------------------------------
2026-10-07 01:30:01 | frontend | UP | 200 | 289ms
2026-10-07 01:30:01 | appwrite | UP | 200 | 233ms
2026-10-07 01:30:02 | r2-media | UP | 5/5 | 108ms | worst=178ms | samples=178,95,70,91,107
2026-10-07 01:30:03 | video-media | UP | 5/5 | 92ms | samples=101,98,81,90,92
----------------------------------------------------------------------------------------------------
2026-10-07 01:35:00 | frontend | UP | 200 | 29ms
2026-10-07 01:35:01 | appwrite | UP | 200 | 356ms
2026-10-07 01:35:01 | r2-media | UP | 5/5 | 141ms | worst=229ms | samples=96,74,229,105,205
2026-10-07 01:35:02 | video-media | UP | 5/5 | 134ms | samples=110,234,109,137,81
----------------------------------------------------------------------------------------------------
2026-10-07 01:40:00 | frontend | UP | 200 | 29ms
2026-10-07 01:40:01 | appwrite | UP | 200 | 378ms
2026-10-07 01:40:02 | r2-media | UP | 5/5 | 170ms | worst=380ms | samples=380,86,98,221,68
2026-10-07 01:40:03 | video-media | UP | 5/5 | 122ms | samples=200,94,95,87,134
----------------------------------------------------------------------------------------------------
2026-10-07 01:45:00 | frontend | UP | 200 | 297ms
2026-10-07 01:45:01 | appwrite | UP | 200 | 295ms
2026-10-07 01:45:01 | r2-media | UP | 5/5 | 115ms | worst=158ms | samples=87,115,79,136,158
2026-10-07 01:45:03 | video-media | UP | 5/5 | 227ms | samples=471,159,178,157,171
----------------------------------------------------------------------------------------------------
2026-10-07 01:50:01 | frontend | UP | 200 | 40ms
2026-10-07 01:50:01 | appwrite | UP | 200 | 206ms
2026-10-07 01:50:02 | r2-media | UP | 5/5 | 129ms | worst=262ms | samples=159,76,67,262,81
2026-10-07 01:50:02 | video-media | UP | 5/5 | 110ms | samples=104,78,92,102,174
----------------------------------------------------------------------------------------------------
2026-10-07 01:55:00 | frontend | UP | 200 | 28ms
2026-10-07 01:55:00 | appwrite | UP | 200 | 286ms
2026-10-07 01:55:01 | r2-media | UP | 5/5 | 78ms | worst=91ms | samples=76,77,75,91,71
2026-10-07 01:55:02 | video-media | UP | 5/5 | 91ms | samples=91,93,97,79,95
----------------------------------------------------------------------------------------------------
====================================================================================================
2026-10-07 02:00:00 | frontend | UP | 200 | 357ms
2026-10-07 02:00:01 | appwrite | UP | 200 | 446ms
2026-10-07 02:00:02 | r2-media | UP | 5/5 | 137ms | worst=246ms | samples=246,113,84,130,113
2026-10-07 02:00:14 | video-media | UP | 5/5 | 93ms | samples=119,78,87,85,100
----------------------------------------------------------------------------------------------------
2026-10-07 02:05:00 | frontend | UP | 200 | 27ms
2026-10-07 02:05:00 | appwrite | UP | 200 | 200ms
2026-10-07 02:05:00 | r2-media | UP | 5/5 | 76ms | worst=93ms | samples=74,85,61,68,93
2026-10-07 02:05:01 | video-media | UP | 5/5 | 102ms | samples=110,121,88,92,102
----------------------------------------------------------------------------------------------------
2026-10-07 02:10:00 | frontend | UP | 200 | 28ms
2026-10-07 02:10:00 | appwrite | UP | 200 | 294ms
2026-10-07 02:10:01 | r2-media | UP | 5/5 | 106ms | worst=179ms | samples=179,101,80,72,101
2026-10-07 02:10:02 | video-media | UP | 5/5 | 114ms | samples=142,95,83,165,87
----------------------------------------------------------------------------------------------------
2026-10-07 02:15:01 | frontend | UP | 200 | 282ms
2026-10-07 02:15:01 | appwrite | UP | 200 | 227ms
2026-10-07 02:15:02 | r2-media | UP | 5/5 | 149ms | worst=261ms | samples=261,92,237,85,74
2026-10-07 02:15:03 | video-media | UP | 5/5 | 86ms | samples=103,87,98,70,76
----------------------------------------------------------------------------------------------------
2026-10-07 02:20:00 | frontend | UP | 200 | 24ms
2026-10-07 02:20:00 | appwrite | UP | 200 | 66ms
2026-10-07 02:20:01 | r2-media | UP | 5/5 | 89ms | worst=115ms | samples=76,68,102,84,115
2026-10-07 02:20:01 | video-media | UP | 5/5 | 104ms | samples=87,117,72,107,137
----------------------------------------------------------------------------------------------------
2026-10-07 02:25:00 | frontend | UP | 200 | 38ms
2026-10-07 02:25:00 | appwrite | UP | 200 | 201ms
2026-10-07 02:25:01 | r2-media | UP | 5/5 | 93ms | worst=140ms | samples=140,69,70,114,76
2026-10-07 02:25:01 | video-media | UP | 5/5 | 102ms | samples=129,70,145,80,90
----------------------------------------------------------------------------------------------------
2026-10-07 02:30:01 | frontend | UP | 200 | 296ms
2026-10-07 02:30:01 | appwrite | UP | 200 | 204ms
2026-10-07 02:30:01 | r2-media | UP | 5/5 | 107ms | worst=154ms | samples=154,91,101,88,101
2026-10-07 02:30:02 | video-media | UP | 5/5 | 113ms | samples=113,70,107,115,164
----------------------------------------------------------------------------------------------------
2026-10-07 02:35:00 | frontend | UP | 200 | 33ms
2026-10-07 02:35:00 | appwrite | UP | 200 | 218ms
2026-10-07 02:35:01 | r2-media | UP | 5/5 | 157ms | worst=417ms | samples=73,67,417,168,62
2026-10-07 02:35:02 | video-media | UP | 5/5 | 88ms | samples=88,67,87,91,108
----------------------------------------------------------------------------------------------------
2026-10-07 02:40:00 | frontend | UP | 200 | 28ms
2026-10-07 02:40:00 | appwrite | UP | 200 | 119ms
2026-10-07 02:40:01 | r2-media | UP | 5/5 | 75ms | worst=82ms | samples=72,82,72,76,77
2026-10-07 02:40:01 | video-media | UP | 5/5 | 78ms | samples=80,70,79,78,85
----------------------------------------------------------------------------------------------------
2026-10-07 02:45:01 | frontend | UP | 200 | 272ms
2026-10-07 02:45:01 | appwrite | UP | 200 | 322ms
2026-10-07 02:45:02 | r2-media | UP | 5/5 | 154ms | worst=476ms | samples=476,74,65,94,65
2026-10-07 02:45:03 | video-media | UP | 5/5 | 117ms | samples=100,72,74,251,89
----------------------------------------------------------------------------------------------------
2026-10-07 02:50:00 | frontend | UP | 200 | 25ms
2026-10-07 02:50:01 | appwrite | UP | 200 | 195ms
2026-10-07 02:50:01 | r2-media | UP | 5/5 | 70ms | worst=87ms | samples=67,66,75,56,87
2026-10-07 02:50:02 | video-media | UP | 5/5 | 95ms | samples=116,97,91,89,83
----------------------------------------------------------------------------------------------------
2026-10-07 02:55:00 | frontend | UP | 200 | 44ms
2026-10-07 02:55:01 | appwrite | UP | 200 | 281ms
2026-10-07 02:55:01 | r2-media | UP | 5/5 | 86ms | worst=183ms | samples=183,64,54,66,67
2026-10-07 02:55:02 | video-media | UP | 5/5 | 99ms | samples=106,101,114,92,85
----------------------------------------------------------------------------------------------------
====================================================================================================
2026-10-07 03:00:00 | frontend | UP | 200 | 271ms
2026-10-07 03:00:00 | appwrite | UP | 200 | 212ms
2026-10-07 03:00:01 | r2-media | UP | 5/5 | 117ms | worst=293ms | samples=72,64,84,76,293
2026-10-07 03:00:02 | video-media | UP | 5/5 | 118ms | samples=167,75,101,148,99
----------------------------------------------------------------------------------------------------
2026-10-07 03:05:00 | frontend | UP | 200 | 44ms
2026-10-07 03:05:00 | appwrite | UP | 200 | 199ms
2026-10-07 03:05:01 | r2-media | UP | 5/5 | 73ms | worst=79ms | samples=78,76,79,65,70
2026-10-07 03:05:12 | video-media | UP | 5/5 | 94ms | samples=99,69,79,134,90
----------------------------------------------------------------------------------------------------
2026-10-07 03:10:01 | frontend | UP | 200 | 270ms
2026-10-07 03:10:01 | appwrite | UP | 200 | 341ms
2026-10-07 03:10:02 | r2-media | UP | 5/5 | 94ms | worst=166ms | samples=166,62,87,88,69
2026-10-07 03:10:03 | video-media | UP | 5/5 | 165ms | samples=103,96,71,70,489
----------------------------------------------------------------------------------------------------
2026-10-07 03:15:00 | frontend | UP | 200 | 33ms
2026-10-07 03:15:00 | appwrite | UP | 200 | 206ms
2026-10-07 03:15:01 | r2-media | UP | 5/5 | 83ms | worst=124ms | samples=76,63,80,124,75
2026-10-07 03:15:02 | video-media | UP | 5/5 | 153ms | samples=98,85,88,415,79
----------------------------------------------------------------------------------------------------
2026-10-07 03:20:00 | frontend | UP | 200 | 32ms
2026-10-07 03:20:00 | appwrite | UP | 200 | 285ms
2026-10-07 03:20:01 | r2-media | UP | 5/5 | 111ms | worst=262ms | samples=262,99,73,58,65
2026-10-07 03:20:02 | video-media | UP | 5/5 | 112ms | samples=77,72,92,207,113
----------------------------------------------------------------------------------------------------
2026-10-07 03:25:00 | frontend | UP | 200 | 307ms
2026-10-07 03:25:01 | appwrite | UP | 200 | 369ms
2026-10-07 03:25:01 | r2-media | UP | 5/5 | 94ms | worst=196ms | samples=196,63,80,73,61
2026-10-07 03:25:02 | video-media | UP | 5/5 | 78ms | samples=101,82,65,81,63
----------------------------------------------------------------------------------------------------
2026-10-07 03:30:00 | frontend | UP | 200 | 78ms
2026-10-07 03:30:01 | appwrite | UP | 200 | 259ms
2026-10-07 03:30:02 | r2-media | UP | 5/5 | 116ms | worst=180ms | samples=75,155,180,95,79
2026-10-07 03:30:02 | video-media | UP | 5/5 | 90ms | samples=116,98,80,86,72
----------------------------------------------------------------------------------------------------
2026-10-07 03:35:00 | frontend | UP | 200 | 29ms
2026-10-07 03:35:01 | appwrite | UP | 200 | 361ms
2026-10-07 03:35:01 | r2-media | UP | 5/5 | 86ms | worst=162ms | samples=73,75,60,60,162
2026-10-07 03:35:02 | video-media | UP | 5/5 | 96ms | samples=105,86,81,116,95
----------------------------------------------------------------------------------------------------
2026-10-07 03:40:00 | frontend | UP | 200 | 272ms
2026-10-07 03:40:01 | appwrite | UP | 200 | 276ms
2026-10-07 03:40:01 | r2-media | UP | 5/5 | 86ms | worst=117ms | samples=78,68,89,79,117
2026-10-07 03:40:02 | video-media | UP | 5/5 | 96ms | samples=73,92,84,163,71
----------------------------------------------------------------------------------------------------
2026-10-07 03:45:00 | frontend | UP | 200 | 30ms
2026-10-07 03:45:00 | appwrite | UP | 200 | 261ms
2026-10-07 03:45:01 | r2-media | UP | 5/5 | 59ms | worst=63ms | samples=57,63,59,59,60
2026-10-07 03:45:01 | video-media | UP | 5/5 | 83ms | samples=78,92,84,99,66
----------------------------------------------------------------------------------------------------
2026-10-07 03:50:00 | frontend | UP | 200 | 26ms
2026-10-07 03:50:01 | appwrite | UP | 200 | 123ms
2026-10-07 03:50:01 | r2-media | UP | 5/5 | 76ms | worst=92ms | samples=78,74,61,75,92
2026-10-07 03:50:02 | video-media | UP | 5/5 | 91ms | samples=122,74,74,100,89
----------------------------------------------------------------------------------------------------
2026-10-07 03:55:00 | frontend | UP | 200 | 272ms
2026-10-07 03:55:01 | appwrite | UP | 200 | 352ms
2026-10-07 03:55:01 | r2-media | UP | 5/5 | 73ms | worst=81ms | samples=81,69,61,74,80
2026-10-07 03:55:02 | video-media | UP | 5/5 | 99ms | samples=90,114,108,107,77
----------------------------------------------------------------------------------------------------
====================================================================================================
2026-10-07 04:00:01 | frontend | UP | 200 | 29ms
2026-10-07 04:00:01 | appwrite | UP | 200 | 446ms
2026-10-07 04:00:02 | r2-media | UP | 5/5 | 102ms | worst=193ms | samples=193,100,63,79,79
2026-10-07 04:00:02 | video-media | UP | 5/5 | 90ms | samples=110,82,84,94,83
----------------------------------------------------------------------------------------------------
2026-10-07 04:05:00 | frontend | UP | 200 | 28ms
2026-10-07 04:05:00 | appwrite | UP | 200 | 202ms
2026-10-07 04:05:01 | r2-media | UP | 5/5 | 70ms | worst=109ms | samples=64,62,109,55,61
2026-10-07 04:05:01 | video-media | UP | 5/5 | 89ms | samples=85,86,125,89,61
----------------------------------------------------------------------------------------------------
2026-10-07 04:10:00 | frontend | UP | 200 | 268ms
2026-10-07 04:10:00 | appwrite | UP | 200 | 212ms
2026-10-07 04:10:01 | r2-media | UP | 5/5 | 102ms | worst=244ms | samples=244,65,61,59,81
2026-10-07 04:10:14 | video-media | UP | 5/5 | 77ms | samples=73,76,68,89,82
----------------------------------------------------------------------------------------------------
2026-10-07 04:15:00 | frontend | UP | 200 | 27ms
2026-10-07 04:15:00 | appwrite | UP | 200 | 160ms
2026-10-07 04:15:01 | r2-media | UP | 5/5 | 71ms | worst=81ms | samples=68,69,81,74,65
2026-10-07 04:15:01 | video-media | UP | 5/5 | 96ms | samples=176,84,84,65,72
----------------------------------------------------------------------------------------------------
2026-10-07 04:20:00 | frontend | UP | 200 | 273ms
2026-10-07 04:20:01 | appwrite | UP | 200 | 344ms
2026-10-07 04:20:01 | r2-media | UP | 5/5 | 112ms | worst=309ms | samples=309,65,64,63,63
2026-10-07 04:20:02 | video-media | UP | 5/5 | 105ms | samples=100,162,77,83,106
----------------------------------------------------------------------------------------------------
2026-10-07 04:25:00 | frontend | UP | 200 | 25ms
2026-10-07 04:25:00 | appwrite | UP | 200 | 218ms
2026-10-07 04:25:00 | r2-media | UP | 5/5 | 69ms | worst=81ms | samples=57,61,81,73,75
2026-10-07 04:25:01 | video-media | UP | 5/5 | 78ms | samples=76,69,86,78,81
----------------------------------------------------------------------------------------------------
2026-10-07 04:30:01 | frontend | UP | 200 | 372ms
2026-10-07 04:30:01 | appwrite | UP | 200 | 273ms
2026-10-07 04:30:02 | r2-media | UP | 5/5 | 129ms | worst=376ms | samples=376,71,60,68,72
2026-10-07 04:30:03 | video-media | UP | 5/5 | 86ms | samples=106,88,79,84,75
----------------------------------------------------------------------------------------------------
2026-10-07 04:35:00 | frontend | UP | 200 | 27ms
2026-10-07 04:35:00 | appwrite | UP | 200 | 355ms
2026-10-07 04:35:01 | r2-media | UP | 5/5 | 63ms | worst=77ms | samples=67,60,77,58,56
2026-10-07 04:35:01 | video-media | UP | 5/5 | 83ms | samples=81,86,85,82,82
----------------------------------------------------------------------------------------------------
2026-10-07 04:40:00 | frontend | UP | 200 | 28ms
2026-10-07 04:40:00 | appwrite | UP | 200 | 205ms
2026-10-07 04:40:01 | r2-media | UP | 5/5 | 97ms | worst=232ms | samples=232,61,59,54,79
2026-10-07 04:40:02 | video-media | UP | 5/5 | 100ms | samples=159,85,108,86,66
----------------------------------------------------------------------------------------------------
2026-10-07 04:45:01 | frontend | UP | 200 | 289ms
2026-10-07 04:45:01 | appwrite | UP | 200 | 209ms
2026-10-07 04:45:01 | r2-media | UP | 5/5 | 92ms | worst=149ms | samples=149,83,63,81,87
2026-10-07 04:45:02 | video-media | UP | 5/5 | 109ms | samples=176,78,91,122,82
----------------------------------------------------------------------------------------------------
2026-10-07 04:50:00 | frontend | UP | 200 | 25ms
2026-10-07 04:50:01 | appwrite | UP | 200 | 418ms
2026-10-07 04:50:01 | r2-media | UP | 5/5 | 91ms | worst=172ms | samples=69,69,73,172,73
2026-10-07 04:50:02 | video-media | UP | 5/5 | 82ms | samples=91,77,104,74,65
----------------------------------------------------------------------------------------------------
2026-10-07 04:55:00 | frontend | UP | 200 | 26ms
2026-10-07 04:55:00 | appwrite | UP | 200 | 199ms
2026-10-07 04:55:01 | r2-media | UP | 5/5 | 74ms | worst=93ms | samples=61,93,67,73,77
2026-10-07 04:55:02 | video-media | UP | 5/5 | 71ms | samples=72,68,71,74,70
----------------------------------------------------------------------------------------------------
====================================================================================================
2026-10-07 05:00:00 | frontend | UP | 200 | 263ms
2026-10-07 05:00:01 | appwrite | UP | 200 | 273ms
2026-10-07 05:00:01 | r2-media | UP | 5/5 | 82ms | worst=157ms | samples=157,55,53,68,77
2026-10-07 05:00:02 | video-media | UP | 5/5 | 111ms | samples=182,138,84,76,76
----------------------------------------------------------------------------------------------------
2026-10-07 05:05:00 | frontend | UP | 200 | 32ms
2026-10-07 05:05:00 | appwrite | UP | 200 | 355ms
2026-10-07 05:05:00 | r2-media | UP | 5/5 | 62ms | worst=71ms | samples=64,61,60,57,71
2026-10-07 05:05:01 | video-media | UP | 5/5 | 80ms | samples=92,83,78,72,77
----------------------------------------------------------------------------------------------------
2026-10-07 05:10:00 | frontend | UP | 200 | 29ms
2026-10-07 05:10:00 | appwrite | UP | 200 | 130ms
2026-10-07 05:10:01 | r2-media | UP | 5/5 | 110ms | worst=232ms | samples=232,150,58,53,59
2026-10-07 05:10:01 | video-media | UP | 5/5 | 86ms | samples=78,79,84,105,85
----------------------------------------------------------------------------------------------------
2026-10-07 05:15:01 | frontend | UP | 200 | 275ms
2026-10-07 05:15:01 | appwrite | UP | 200 | 379ms
2026-10-07 05:15:02 | r2-media | UP | 5/5 | 102ms | worst=172ms | samples=172,87,90,79,82
2026-10-07 05:15:12 | video-media | UP | 5/5 | 84ms | samples=102,106,66,82,67
----------------------------------------------------------------------------------------------------
2026-10-07 05:20:00 | frontend | UP | 200 | 28ms
2026-10-07 05:20:01 | appwrite | UP | 200 | 268ms
2026-10-07 05:20:01 | r2-media | UP | 5/5 | 92ms | worst=129ms | samples=62,82,82,108,129
2026-10-07 05:20:02 | video-media | UP | 5/5 | 94ms | samples=83,117,84,98,92
----------------------------------------------------------------------------------------------------
2026-10-07 05:25:00 | frontend | UP | 200 | 29ms
2026-10-07 05:25:00 | appwrite | UP | 200 | 155ms
2026-10-07 05:25:01 | r2-media | UP | 5/5 | 87ms | worst=146ms | samples=146,97,60,57,75
2026-10-07 05:25:01 | video-media | UP | 5/5 | 93ms | samples=145,91,77,73,80
----------------------------------------------------------------------------------------------------
2026-10-07 05:30:01 | frontend | UP | 200 | 268ms
2026-10-07 05:30:01 | appwrite | UP | 200 | 247ms
2026-10-07 05:30:02 | r2-media | UP | 5/5 | 146ms | worst=441ms | samples=441,81,60,72,77
2026-10-07 05:30:02 | video-media | UP | 5/5 | 84ms | samples=103,85,83,73,80
----------------------------------------------------------------------------------------------------
2026-10-07 05:35:00 | frontend | UP | 200 | 82ms
2026-10-07 05:35:00 | appwrite | UP | 200 | 272ms
2026-10-07 05:35:01 | r2-media | UP | 5/5 | 83ms | worst=127ms | samples=127,57,77,72,82
2026-10-07 05:35:02 | video-media | UP | 5/5 | 94ms | samples=95,95,84,83,113
----------------------------------------------------------------------------------------------------
2026-10-07 05:40:00 | frontend | UP | 200 | 36ms
2026-10-07 05:40:00 | appwrite | UP | 200 | 365ms
2026-10-07 05:40:01 | r2-media | UP | 5/5 | 81ms | worst=160ms | samples=160,77,60,56,55
2026-10-07 05:40:02 | video-media | UP | 5/5 | 153ms | samples=96,72,88,439,71
----------------------------------------------------------------------------------------------------
2026-10-07 05:45:01 | frontend | UP | 200 | 278ms
2026-10-07 05:45:01 | appwrite | UP | 200 | 290ms
2026-10-07 05:45:02 | r2-media | UP | 5/5 | 117ms | worst=268ms | samples=268,85,76,69,87
2026-10-07 05:45:03 | video-media | UP | 5/5 | 124ms | samples=324,80,68,71,81
----------------------------------------------------------------------------------------------------
2026-10-07 05:50:00 | frontend | UP | 200 | 29ms
2026-10-07 05:50:00 | appwrite | UP | 200 | 184ms
2026-10-07 05:50:01 | r2-media | UP | 5/5 | 84ms | worst=113ms | samples=67,78,113,79,83
2026-10-07 05:50:01 | video-media | UP | 5/5 | 82ms | samples=96,79,94,73,71
----------------------------------------------------------------------------------------------------
2026-10-07 05:55:00 | frontend | UP | 200 | 26ms
2026-10-07 05:55:01 | appwrite | UP | 200 | 281ms
2026-10-07 05:55:01 | r2-media | UP | 5/5 | 110ms | worst=268ms | samples=268,76,71,68,69
2026-10-07 05:55:02 | video-media | UP | 5/5 | 90ms | samples=121,87,89,75,79
----------------------------------------------------------------------------------------------------
====================================================================================================
2026-10-07 06:00:00 | frontend | UP | 200 | 278ms
2026-10-07 06:00:01 | appwrite | UP | 200 | 211ms
2026-10-07 06:00:01 | r2-media | UP | 5/5 | 105ms | worst=201ms | samples=104,67,201,79,76
2026-10-07 06:00:02 | video-media | UP | 5/5 | 107ms | samples=198,87,80,97,75
----------------------------------------------------------------------------------------------------
2026-10-07 06:05:00 | frontend | UP | 200 | 27ms
2026-10-07 06:05:01 | appwrite | UP | 200 | 206ms
2026-10-07 06:05:01 | r2-media | UP | 5/5 | 126ms | worst=216ms | samples=148,216,127,68,74
2026-10-07 06:05:02 | video-media | UP | 5/5 | 82ms | samples=106,78,79,76,72
----------------------------------------------------------------------------------------------------
2026-10-07 06:10:00 | frontend | UP | 200 | 100ms
2026-10-07 06:10:00 | appwrite | UP | 200 | 200ms
2026-10-07 06:10:01 | r2-media | UP | 5/5 | 77ms | worst=88ms | samples=64,81,73,79,88
2026-10-07 06:10:02 | video-media | UP | 5/5 | 98ms | samples=87,82,88,126,111
----------------------------------------------------------------------------------------------------
2026-10-07 06:15:01 | frontend | UP | 200 | 264ms
2026-10-07 06:15:01 | appwrite | UP | 200 | 143ms
2026-10-07 06:15:01 | r2-media | UP | 5/5 | 85ms | worst=110ms | samples=81,89,74,75,110
2026-10-07 06:15:03 | video-media | UP | 5/5 | 174ms | samples=126,76,87,104,480
----------------------------------------------------------------------------------------------------
2026-10-07 06:20:00 | frontend | UP | 200 | 28ms
2026-10-07 06:20:00 | appwrite | UP | 200 | 190ms
2026-10-07 06:20:00 | r2-media | UP | 5/5 | 69ms | worst=83ms | samples=83,68,63,59,72
2026-10-07 06:20:12 | video-media | UP | 5/5 | 89ms | samples=89,71,84,112,91
----------------------------------------------------------------------------------------------------
2026-10-07 06:25:00 | frontend | UP | 200 | 27ms
2026-10-07 06:25:00 | appwrite | UP | 200 | 191ms
2026-10-07 06:25:01 | r2-media | UP | 5/5 | 94ms | worst=204ms | samples=204,61,75,60,74
2026-10-07 06:25:02 | video-media | UP | 5/5 | 88ms | samples=84,77,86,77,116
----------------------------------------------------------------------------------------------------
2026-10-07 06:30:00 | frontend | UP | 200 | 272ms
2026-10-07 06:30:00 | appwrite | UP | 200 | 352ms
2026-10-07 06:30:01 | r2-media | UP | 5/5 | 105ms | worst=204ms | samples=83,80,76,204,86
2026-10-07 06:30:02 | video-media | UP | 5/5 | 91ms | samples=83,77,84,108,103
----------------------------------------------------------------------------------------------------
2026-10-07 06:35:00 | frontend | UP | 200 | 38ms
2026-10-07 06:35:00 | appwrite | UP | 200 | 136ms
2026-10-07 06:35:00 | r2-media | UP | 5/5 | 81ms | worst=102ms | samples=102,80,68,72,86
2026-10-07 06:35:01 | video-media | UP | 5/5 | 113ms | samples=197,82,104,94,88
----------------------------------------------------------------------------------------------------
2026-10-07 06:40:01 | frontend | UP | 200 | 370ms
2026-10-07 06:40:01 | appwrite | UP | 200 | 316ms
2026-10-07 06:40:02 | r2-media | UP | 5/5 | 118ms | worst=267ms | samples=267,77,99,82,69
2026-10-07 06:40:03 | video-media | UP | 5/5 | 99ms | samples=186,86,71,82,72
----------------------------------------------------------------------------------------------------
2026-10-07 06:45:00 | frontend | UP | 200 | 26ms
2026-10-07 06:45:01 | appwrite | UP | 200 | 209ms
2026-10-07 06:45:01 | r2-media | UP | 5/5 | 75ms | worst=87ms | samples=78,81,87,62,71
2026-10-07 06:45:02 | video-media | UP | 5/5 | 90ms | samples=76,88,107,94,85
----------------------------------------------------------------------------------------------------
2026-10-07 06:50:00 | frontend | UP | 200 | 42ms
2026-10-07 06:50:00 | appwrite | UP | 200 | 296ms
2026-10-07 06:50:01 | r2-media | UP | 5/5 | 96ms | worst=179ms | samples=179,97,71,67,66
2026-10-07 06:50:01 | video-media | UP | 5/5 | 88ms | samples=94,71,86,115,77
----------------------------------------------------------------------------------------------------
2026-10-07 06:55:01 | frontend | UP | 200 | 266ms
2026-10-07 06:55:01 | appwrite | UP | 200 | 167ms
2026-10-07 06:55:02 | r2-media | UP | 5/5 | 107ms | worst=194ms | samples=194,87,89,78,91
2026-10-07 06:55:02 | video-media | UP | 5/5 | 105ms | samples=110,79,117,99,123
----------------------------------------------------------------------------------------------------
====================================================================================================
2026-10-07 07:00:01 | frontend | UP | 200 | 30ms
2026-10-07 07:00:01 | appwrite | UP | 200 | 428ms
2026-10-07 07:00:02 | r2-media | UP | 5/5 | 111ms | worst=209ms | samples=209,93,79,67,109
2026-10-07 07:00:03 | video-media | UP | 5/5 | 114ms | samples=166,116,93,113,83
----------------------------------------------------------------------------------------------------
2026-10-07 07:05:00 | frontend | UP | 200 | 25ms
2026-10-07 07:05:00 | appwrite | UP | 200 | 295ms
2026-10-07 07:05:01 | r2-media | UP | 5/5 | 84ms | worst=95ms | samples=95,85,72,79,91
2026-10-07 07:05:02 | video-media | UP | 5/5 | 106ms | samples=184,90,89,94,77
----------------------------------------------------------------------------------------------------
2026-10-07 07:10:01 | frontend | UP | 200 | 268ms
2026-10-07 07:10:01 | appwrite | UP | 200 | 208ms
2026-10-07 07:10:01 | r2-media | UP | 5/5 | 110ms | worst=248ms | samples=248,88,75,74,67
2026-10-07 07:10:02 | video-media | UP | 5/5 | 83ms | samples=84,86,83,88,78
----------------------------------------------------------------------------------------------------
2026-10-07 07:15:00 | frontend | UP | 200 | 26ms
2026-10-07 07:15:00 | appwrite | UP | 200 | 269ms
2026-10-07 07:15:01 | r2-media | UP | 5/5 | 145ms | worst=260ms | samples=260,71,86,71,241
2026-10-07 07:15:02 | video-media | UP | 5/5 | 106ms | samples=135,89,102,125,82
----------------------------------------------------------------------------------------------------
2026-10-07 07:20:00 | frontend | UP | 200 | 26ms
2026-10-07 07:20:00 | appwrite | UP | 200 | 202ms
2026-10-07 07:20:01 | r2-media | UP | 5/5 | 85ms | worst=100ms | samples=100,98,79,66,84
2026-10-07 07:20:01 | video-media | UP | 5/5 | 93ms | samples=83,106,103,108,68
----------------------------------------------------------------------------------------------------
2026-10-07 07:25:01 | frontend | UP | 200 | 273ms
2026-10-07 07:25:01 | appwrite | UP | 200 | 282ms
2026-10-07 07:25:01 | r2-media | UP | 5/5 | 82ms | worst=160ms | samples=160,57,67,70,60
2026-10-07 07:25:16 | video-media | UP | 5/5 | 100ms | samples=115,74,81,122,108
----------------------------------------------------------------------------------------------------
2026-10-07 07:30:00 | frontend | UP | 200 | 28ms
2026-10-07 07:30:00 | appwrite | UP | 200 | 193ms
2026-10-07 07:30:00 | r2-media | UP | 5/5 | 73ms | worst=82ms | samples=70,82,74,60,79
2026-10-07 07:30:01 | video-media | UP | 5/5 | 100ms | samples=84,89,92,127,112
----------------------------------------------------------------------------------------------------
2026-10-07 07:35:00 | frontend | UP | 200 | 28ms
2026-10-07 07:35:00 | appwrite | UP | 200 | 386ms
2026-10-07 07:35:01 | r2-media | UP | 5/5 | 124ms | worst=255ms | samples=108,116,64,77,255
2026-10-07 07:35:02 | video-media | UP | 5/5 | 125ms | samples=200,88,69,171,98
----------------------------------------------------------------------------------------------------
2026-10-07 07:40:00 | frontend | UP | 200 | 282ms
2026-10-07 07:40:01 | appwrite | UP | 200 | 443ms
2026-10-07 07:40:01 | r2-media | UP | 5/5 | 114ms | worst=225ms | samples=225,95,101,76,74
2026-10-07 07:40:02 | video-media | UP | 5/5 | 108ms | samples=178,110,80,87,85
----------------------------------------------------------------------------------------------------
2026-10-07 07:45:00 | frontend | UP | 200 | 76ms
2026-10-07 07:45:01 | appwrite | UP | 200 | 286ms
2026-10-07 07:45:01 | r2-media | UP | 5/5 | 110ms | worst=222ms | samples=81,91,222,92,68
2026-10-07 07:45:02 | video-media | UP | 5/5 | 122ms | samples=130,143,182,76,82
----------------------------------------------------------------------------------------------------
2026-10-07 07:50:00 | frontend | UP | 200 | 36ms
2026-10-07 07:50:00 | appwrite | UP | 200 | 331ms
2026-10-07 07:50:01 | r2-media | UP | 5/5 | 76ms | worst=85ms | samples=79,69,85,80,71
2026-10-07 07:50:01 | video-media | UP | 5/5 | 93ms | samples=95,94,76,76,128
----------------------------------------------------------------------------------------------------
2026-10-07 07:55:01 | frontend | UP | 200 | 273ms
2026-10-07 07:55:01 | appwrite | UP | 200 | 166ms
2026-10-07 07:55:02 | r2-media | UP | 5/5 | 111ms | worst=255ms | samples=255,81,76,73,74
2026-10-07 07:55:02 | video-media | UP | 5/5 | 105ms | samples=102,96,73,126,129
----------------------------------------------------------------------------------------------------
====================================================================================================
2026-10-07 08:00:00 | frontend | UP | 200 | 37ms
2026-10-07 08:00:00 | appwrite | UP | 200 | 422ms
2026-10-07 08:00:01 | r2-media | UP | 5/5 | 88ms | worst=120ms | samples=87,80,76,120,80
2026-10-07 08:00:02 | video-media | UP | 5/5 | 108ms | samples=88,124,104,96,128
----------------------------------------------------------------------------------------------------
2026-10-07 08:05:00 | frontend | UP | 200 | 29ms
2026-10-07 08:05:00 | appwrite | UP | 200 | 412ms
2026-10-07 08:05:01 | r2-media | UP | 5/5 | 75ms | worst=80ms | samples=80,72,78,68,79
2026-10-07 08:05:02 | video-media | UP | 5/5 | 103ms | samples=88,135,117,107,71
----------------------------------------------------------------------------------------------------
2026-10-07 08:10:00 | frontend | UP | 200 | 271ms
2026-10-07 08:10:01 | appwrite | UP | 200 | 200ms
2026-10-07 08:10:01 | r2-media | UP | 5/5 | 124ms | worst=248ms | samples=248,114,79,98,81
2026-10-07 08:10:02 | video-media | UP | 5/5 | 103ms | samples=112,81,101,87,136
----------------------------------------------------------------------------------------------------
2026-10-07 08:15:00 | frontend | UP | 200 | 27ms
2026-10-07 08:15:00 | appwrite | UP | 200 | 286ms
2026-10-07 08:15:01 | r2-media | UP | 5/5 | 129ms | worst=171ms | samples=123,86,100,171,165
2026-10-07 08:15:02 | video-media | UP | 5/5 | 114ms | samples=134,119,131,95,91
----------------------------------------------------------------------------------------------------
2026-10-07 08:20:00 | frontend | UP | 200 | 27ms
2026-10-07 08:20:00 | appwrite | UP | 200 | 362ms
2026-10-07 08:20:01 | r2-media | UP | 5/5 | 103ms | worst=128ms | samples=128,91,110,87,101
2026-10-07 08:20:02 | video-media | UP | 5/5 | 112ms | samples=209,114,90,70,78
----------------------------------------------------------------------------------------------------
2026-10-07 08:25:00 | frontend | UP | 200 | 289ms
2026-10-07 08:25:00 | appwrite | UP | 200 | 276ms
2026-10-07 08:25:01 | r2-media | UP | 5/5 | 112ms | worst=165ms | samples=82,64,159,94,165
2026-10-07 08:25:02 | video-media | UP | 5/5 | 104ms | samples=157,106,91,81,89
----------------------------------------------------------------------------------------------------
2026-10-07 08:30:01 | frontend | UP | 200 | 32ms
2026-10-07 08:30:01 | appwrite | UP | 200 | 371ms
2026-10-07 08:30:02 | r2-media | UP | 5/5 | 112ms | worst=168ms | samples=168,89,131,101,71
2026-10-07 08:30:17 | video-media | UP | 5/5 | 120ms | samples=199,105,94,94,109
----------------------------------------------------------------------------------------------------
2026-10-07 08:35:01 | frontend | UP | 200 | 283ms
2026-10-07 08:35:01 | appwrite | UP | 200 | 278ms
2026-10-07 08:35:02 | r2-media | UP | 5/5 | 108ms | worst=211ms | samples=93,211,77,72,87
2026-10-07 08:35:03 | video-media | UP | 5/5 | 182ms | samples=89,121,493,103,107
----------------------------------------------------------------------------------------------------
2026-10-07 08:40:01 | frontend | UP | 200 | 36ms
2026-10-07 08:40:01 | appwrite | UP | 200 | 175ms
2026-10-07 08:40:02 | r2-media | UP | 5/5 | 173ms | worst=417ms | samples=87,75,417,213,76
2026-10-07 08:40:03 | video-media | UP | 5/5 | 120ms | samples=115,104,89,211,82
----------------------------------------------------------------------------------------------------
2026-10-07 08:45:00 | frontend | UP | 200 | 26ms
2026-10-07 08:45:00 | appwrite | UP | 200 | 198ms
2026-10-07 08:45:01 | r2-media | UP | 5/5 | 83ms | worst=107ms | samples=86,68,68,107,87
2026-10-07 08:45:02 | video-media | UP | 5/5 | 193ms | samples=101,86,91,215,475
----------------------------------------------------------------------------------------------------
2026-10-07 08:50:01 | frontend | UP | 200 | 281ms
2026-10-07 08:50:01 | appwrite | UP | 200 | 321ms
2026-10-07 08:50:02 | r2-media | UP | 5/5 | 99ms | worst=172ms | samples=172,70,75,99,81
2026-10-07 08:50:03 | video-media | UP | 5/5 | 138ms | samples=110,141,95,257,89
----------------------------------------------------------------------------------------------------
2026-10-07 08:55:00 | frontend | UP | 200 | 31ms
2026-10-07 08:55:01 | appwrite | UP | 200 | 223ms
2026-10-07 08:55:01 | r2-media | UP | 5/5 | 81ms | worst=111ms | samples=73,111,67,77,78
2026-10-07 08:55:02 | video-media | UP | 5/5 | 124ms | samples=177,108,98,94,145
----------------------------------------------------------------------------------------------------
====================================================================================================
2026-10-07 09:00:00 | frontend | UP | 200 | 28ms
2026-10-07 09:00:01 | appwrite | UP | 200 | 282ms
2026-10-07 09:00:01 | r2-media | UP | 5/5 | 111ms | worst=197ms | samples=197,75,93,97,97
2026-10-07 09:00:02 | video-media | UP | 5/5 | 141ms | samples=254,115,109,122,105
----------------------------------------------------------------------------------------------------
2026-10-07 09:05:00 | frontend | UP | 200 | 296ms
2026-10-07 09:05:00 | appwrite | UP | 200 | 226ms
2026-10-07 09:05:01 | r2-media | UP | 5/5 | 126ms | worst=201ms | samples=103,101,111,201,115
2026-10-07 09:05:02 | video-media | UP | 5/5 | 180ms | samples=115,185,270,242,91
----------------------------------------------------------------------------------------------------
2026-10-07 09:10:00 | frontend | UP | 200 | 31ms
2026-10-07 09:10:00 | appwrite | UP | 200 | 354ms
2026-10-07 09:10:01 | r2-media | UP | 5/5 | 91ms | worst=102ms | samples=102,96,72,90,96
2026-10-07 09:10:02 | video-media | UP | 5/5 | 118ms | samples=174,96,102,131,90
----------------------------------------------------------------------------------------------------
2026-10-07 09:15:01 | frontend | UP | 200 | 335ms
2026-10-07 09:15:01 | appwrite | UP | 200 | 265ms
2026-10-07 09:15:02 | r2-media | UP | 5/5 | 160ms | worst=351ms | samples=351,99,120,121,113
2026-10-07 09:15:03 | video-media | UP | 5/5 | 127ms | samples=218,95,115,99,110
----------------------------------------------------------------------------------------------------
2026-10-07 09:20:00 | frontend | UP | 200 | 39ms
2026-10-07 09:20:01 | appwrite | UP | 200 | 160ms
2026-10-07 09:20:01 | r2-media | UP | 5/5 | 131ms | worst=241ms | samples=106,137,82,91,241
2026-10-07 09:20:02 | video-media | UP | 5/5 | 117ms | samples=100,129,161,99,100
----------------------------------------------------------------------------------------------------
2026-10-07 09:25:00 | frontend | UP | 200 | 42ms
2026-10-07 09:25:00 | appwrite | UP | 200 | 371ms
2026-10-07 09:25:01 | r2-media | UP | 5/5 | 101ms | worst=138ms | samples=90,109,68,101,138
2026-10-07 09:25:02 | video-media | UP | 5/5 | 106ms | samples=119,109,96,113,95
----------------------------------------------------------------------------------------------------
2026-10-07 09:30:01 | frontend | UP | 200 | 272ms
2026-10-07 09:30:01 | appwrite | UP | 200 | 142ms
2026-10-07 09:30:02 | r2-media | UP | 5/5 | 148ms | worst=277ms | samples=277,182,87,98,98
2026-10-07 09:30:03 | video-media | UP | 5/5 | 149ms | samples=290,115,111,87,143
----------------------------------------------------------------------------------------------------
2026-10-07 09:35:00 | frontend | UP | 200 | 30ms
2026-10-07 09:35:00 | appwrite | UP | 200 | 289ms
2026-10-07 09:35:01 | r2-media | UP | 5/5 | 118ms | worst=230ms | samples=112,80,80,91,230
2026-10-07 09:35:23 | video-media | UP | 5/5 | 112ms | samples=133,99,91,138,100
----------------------------------------------------------------------------------------------------
2026-10-07 09:40:01 | frontend | UP | 200 | 42ms
2026-10-07 09:40:01 | appwrite | UP | 200 | 213ms
2026-10-07 09:40:02 | r2-media | UP | 5/5 | 131ms | worst=184ms | samples=105,74,179,184,117
2026-10-07 09:40:02 | video-media | UP | 5/5 | 120ms | samples=161,93,109,130,110
----------------------------------------------------------------------------------------------------
2026-10-07 09:45:01 | frontend | UP | 200 | 280ms
2026-10-07 09:45:01 | appwrite | UP | 200 | 287ms
2026-10-07 09:45:02 | r2-media | UP | 5/5 | 146ms | worst=295ms | samples=131,295,100,78,130
2026-10-07 09:45:03 | video-media | UP | 5/5 | 140ms | samples=186,116,130,113,156
----------------------------------------------------------------------------------------------------
2026-10-07 09:50:00 | frontend | UP | 200 | 85ms
2026-10-07 09:50:00 | appwrite | UP | 200 | 135ms
2026-10-07 09:50:01 | r2-media | UP | 5/5 | 166ms | worst=451ms | samples=87,78,122,96,451
2026-10-07 09:50:02 | video-media | UP | 5/5 | 122ms | samples=107,99,139,120,145
----------------------------------------------------------------------------------------------------
2026-10-07 09:55:00 | frontend | UP | 200 | 28ms
2026-10-07 09:55:01 | appwrite | UP | 200 | 286ms
2026-10-07 09:55:01 | r2-media | UP | 5/5 | 138ms | worst=216ms | samples=216,75,79,146,175
2026-10-07 09:55:02 | video-media | UP | 5/5 | 126ms | samples=207,125,93,96,110
----------------------------------------------------------------------------------------------------
====================================================================================================
2026-10-07 10:00:00 | frontend | UP | 200 | 263ms
2026-10-07 10:00:00 | appwrite | UP | 200 | 219ms
2026-10-07 10:00:01 | r2-media | UP | 5/5 | 133ms | worst=251ms | samples=130,69,95,124,251
2026-10-07 10:00:02 | video-media | UP | 5/5 | 120ms | samples=112,147,126,108,108
----------------------------------------------------------------------------------------------------
2026-10-07 10:05:00 | frontend | UP | 200 | 29ms
2026-10-07 10:05:00 | appwrite | UP | 200 | 197ms
2026-10-07 10:05:01 | r2-media | UP | 5/5 | 102ms | worst=126ms | samples=96,84,111,97,126
2026-10-07 10:05:02 | video-media | UP | 5/5 | 146ms | samples=110,201,185,133,103
----------------------------------------------------------------------------------------------------
2026-10-07 10:10:00 | frontend | UP | 200 | 42ms
2026-10-07 10:10:00 | appwrite | UP | 200 | 214ms
2026-10-07 10:10:01 | r2-media | UP | 5/5 | 138ms | worst=328ms | samples=328,76,86,111,92
2026-10-07 10:10:02 | video-media | UP | 5/5 | 110ms | samples=112,109,124,122,87
----------------------------------------------------------------------------------------------------
2026-10-07 10:15:00 | frontend | UP | 200 | 268ms
2026-10-07 10:15:01 | appwrite | UP | 200 | 295ms
2026-10-07 10:15:01 | r2-media | UP | 5/5 | 126ms | worst=236ms | samples=236,91,94,100,111
2026-10-07 10:15:02 | video-media | UP | 5/5 | 139ms | samples=142,133,207,117,98
----------------------------------------------------------------------------------------------------
2026-10-07 10:20:00 | frontend | UP | 200 | 37ms
2026-10-07 10:20:01 | appwrite | UP | 200 | 374ms
2026-10-07 10:20:02 | r2-media | UP | 5/5 | 172ms | worst=416ms | samples=416,135,93,114,103
2026-10-07 10:20:03 | video-media | UP | 5/5 | 129ms | samples=134,121,120,124,150
----------------------------------------------------------------------------------------------------
2026-10-07 10:25:00 | frontend | UP | 200 | 26ms
2026-10-07 10:25:00 | appwrite | UP | 200 | 178ms
2026-10-07 10:25:01 | r2-media | UP | 5/5 | 173ms | worst=477ms | samples=477,94,103,115,77
2026-10-07 10:25:02 | video-media | UP | 5/5 | 114ms | samples=106,165,85,102,114
----------------------------------------------------------------------------------------------------
2026-10-07 10:30:00 | frontend | UP | 200 | 286ms
2026-10-07 10:30:01 | appwrite | UP | 200 | 206ms
2026-10-07 10:30:01 | r2-media | UP | 5/5 | 126ms | worst=146ms | samples=132,108,108,137,146
2026-10-07 10:30:02 | video-media | UP | 5/5 | 126ms | samples=133,152,121,113,112
----------------------------------------------------------------------------------------------------
2026-10-07 10:35:00 | frontend | UP | 200 | 28ms
2026-10-07 10:35:01 | appwrite | UP | 200 | 124ms
2026-10-07 10:35:01 | r2-media | UP | 5/5 | 129ms | worst=234ms | samples=234,125,91,117,79
2026-10-07 10:35:02 | video-media | UP | 5/5 | 119ms | samples=119,178,113,81,108
----------------------------------------------------------------------------------------------------
2026-10-07 10:40:00 | frontend | UP | 200 | 41ms
2026-10-07 10:40:00 | appwrite | UP | 200 | 227ms
2026-10-07 10:40:02 | r2-media | UP | 5/5 | 184ms | worst=270ms | samples=98,218,270,111,223
2026-10-07 10:40:16 | video-media | UP | 5/5 | 137ms | samples=180,152,120,122,114
----------------------------------------------------------------------------------------------------
2026-10-07 10:45:01 | frontend | UP | 200 | 268ms
2026-10-07 10:45:01 | appwrite | UP | 200 | 381ms
2026-10-07 10:45:02 | r2-media | UP | 5/5 | 222ms | worst=583ms | samples=583,206,102,116,105
2026-10-07 10:45:03 | video-media | UP | 5/5 | 135ms | samples=135,124,110,146,161
----------------------------------------------------------------------------------------------------
2026-10-07 10:50:00 | frontend | UP | 200 | 27ms
2026-10-07 10:50:00 | appwrite | UP | 200 | 194ms
2026-10-07 10:50:00 | r2-media | UP | 5/5 | 110ms | worst=149ms | samples=114,96,100,149,91
2026-10-07 10:50:02 | video-media | UP | 5/5 | 142ms | samples=185,113,121,138,157
----------------------------------------------------------------------------------------------------
2026-10-07 10:55:01 | frontend | UP | 200 | 126ms
2026-10-07 10:55:01 | appwrite | UP | 200 | 451ms
2026-10-07 10:55:02 | r2-media | UP | 5/5 | 173ms | worst=324ms | samples=324,98,211,101,133
2026-10-07 10:55:03 | video-media | UP | 5/5 | 141ms | samples=245,134,98,114,116
----------------------------------------------------------------------------------------------------
====================================================================================================
2026-10-07 11:00:00 | frontend | UP | 200 | 274ms
2026-10-07 11:00:00 | appwrite | UP | 200 | 130ms
2026-10-07 11:00:01 | r2-media | UP | 5/5 | 118ms | worst=152ms | samples=116,125,104,97,152
2026-10-07 11:00:02 | video-media | UP | 5/5 | 139ms | samples=88,205,157,134,115
----------------------------------------------------------------------------------------------------
2026-10-07 11:05:00 | frontend | UP | 200 | 27ms
2026-10-07 11:05:00 | appwrite | UP | 200 | 445ms
2026-10-07 11:05:01 | r2-media | UP | 5/5 | 110ms | worst=154ms | samples=86,154,95,112,107
2026-10-07 11:05:02 | video-media | UP | 5/5 | 135ms | samples=146,118,131,133,147
----------------------------------------------------------------------------------------------------
2026-10-07 11:10:01 | frontend | UP | 200 | 278ms
2026-10-07 11:10:01 | appwrite | UP | 200 | 455ms
2026-10-07 11:10:02 | r2-media | UP | 5/5 | 202ms | worst=425ms | samples=308,425,97,94,88
2026-10-07 11:10:03 | video-media | UP | 5/5 | 177ms | samples=100,466,96,99,126
----------------------------------------------------------------------------------------------------
2026-10-07 11:15:00 | frontend | UP | 200 | 27ms
2026-10-07 11:15:00 | appwrite | UP | 200 | 350ms
2026-10-07 11:15:01 | r2-media | UP | 5/5 | 122ms | worst=161ms | samples=117,109,94,161,129
2026-10-07 11:15:02 | video-media | UP | 5/5 | 140ms | samples=114,119,135,225,109
----------------------------------------------------------------------------------------------------
2026-10-07 11:20:00 | frontend | UP | 200 | 29ms
2026-10-07 11:20:00 | appwrite | UP | 200 | 307ms
2026-10-07 11:20:01 | r2-media | UP | 5/5 | 151ms | worst=335ms | samples=335,91,119,103,107
2026-10-07 11:20:02 | video-media | UP | 5/5 | 179ms | samples=248,262,136,120,129
----------------------------------------------------------------------------------------------------
2026-10-07 11:25:01 | frontend | UP | 200 | 276ms
2026-10-07 11:25:01 | appwrite | UP | 200 | 220ms
2026-10-07 11:25:02 | r2-media | UP | 5/5 | 148ms | worst=275ms | samples=275,97,132,124,115
2026-10-07 11:25:02 | video-media | UP | 5/5 | 120ms | samples=147,140,103,119,95
----------------------------------------------------------------------------------------------------
2026-10-07 11:30:00 | frontend | UP | 200 | 28ms
2026-10-07 11:30:00 | appwrite | UP | 200 | 268ms
2026-10-07 11:30:01 | r2-media | UP | 5/5 | 140ms | worst=256ms | samples=99,117,85,143,256
2026-10-07 11:30:03 | video-media | UP | 5/5 | 241ms | samples=186,142,576,167,137
----------------------------------------------------------------------------------------------------
2026-10-07 11:35:00 | frontend | UP | 200 | 29ms
2026-10-07 11:35:01 | appwrite | UP | 200 | 288ms
2026-10-07 11:35:01 | r2-media | UP | 5/5 | 110ms | worst=165ms | samples=99,87,93,165,107
2026-10-07 11:35:03 | video-media | UP | 5/5 | 262ms | samples=534,89,385,170,135
----------------------------------------------------------------------------------------------------
2026-10-07 11:40:00 | frontend | UP | 200 | 287ms
2026-10-07 11:40:01 | appwrite | UP | 200 | 284ms
2026-10-07 11:40:02 | r2-media | UP | 5/5 | 159ms | worst=237ms | samples=111,101,237,213,136
2026-10-07 11:40:03 | video-media | UP | 5/5 | 155ms | samples=131,126,123,254,143
----------------------------------------------------------------------------------------------------
2026-10-07 11:45:00 | frontend | UP | 200 | 36ms
2026-10-07 11:45:00 | appwrite | UP | 200 | 203ms
2026-10-07 11:45:01 | r2-media | UP | 5/5 | 104ms | worst=122ms | samples=99,122,88,110,103
2026-10-07 11:45:19 | video-media | UP | 5/5 | 151ms | samples=222,165,104,143,121
----------------------------------------------------------------------------------------------------
2026-10-07 11:50:00 | frontend | UP | 200 | 31ms
2026-10-07 11:50:00 | appwrite | UP | 200 | 198ms
2026-10-07 11:50:01 | r2-media | UP | 5/5 | 130ms | worst=218ms | samples=218,104,102,117,111
2026-10-07 11:50:02 | video-media | UP | 5/5 | 132ms | samples=145,103,152,108,152
----------------------------------------------------------------------------------------------------
2026-10-07 11:55:00 | frontend | UP | 200 | 273ms
2026-10-07 11:55:01 | appwrite | UP | 200 | 338ms
2026-10-07 11:55:01 | r2-media | UP | 5/5 | 142ms | worst=290ms | samples=290,111,94,114,104
2026-10-07 11:55:02 | video-media | UP | 5/5 | 161ms | samples=262,96,197,106,144
----------------------------------------------------------------------------------------------------
====================================================================================================
2026-10-07 12:00:00 | frontend | UP | 200 | 112ms
2026-10-07 12:00:01 | appwrite | UP | 200 | 213ms
2026-10-07 12:00:02 | r2-media | UP | 5/5 | 155ms | worst=261ms | samples=106,209,94,261,108
2026-10-07 12:00:03 | video-media | UP | 5/5 | 182ms | samples=186,288,183,155,99
----------------------------------------------------------------------------------------------------
2026-10-07 12:05:01 | frontend | UP | 200 | 276ms
2026-10-07 12:05:01 | appwrite | UP | 200 | 200ms
2026-10-07 12:05:02 | r2-media | UP | 5/5 | 155ms | worst=294ms | samples=105,171,294,116,93
2026-10-07 12:05:03 | video-media | UP | 5/5 | 164ms | samples=166,199,198,127,133
----------------------------------------------------------------------------------------------------
2026-10-07 12:10:00 | frontend | UP | 200 | 28ms
2026-10-07 12:10:00 | appwrite | UP | 200 | 227ms
2026-10-07 12:10:02 | r2-media | UP | 5/5 | 190ms | worst=348ms | samples=111,79,238,348,178
2026-10-07 12:10:03 | video-media | UP | 5/5 | 159ms | samples=118,97,118,268,198
----------------------------------------------------------------------------------------------------
2026-10-07 12:15:00 | frontend | UP | 200 | 27ms
2026-10-07 12:15:02 | appwrite | UP | 200 | 1941ms
2026-10-07 12:15:03 | r2-media | UP | 5/5 | 158ms | worst=347ms | samples=347,106,139,109,91
2026-10-07 12:15:04 | video-media | UP | 5/5 | 160ms | samples=295,135,120,105,145
----------------------------------------------------------------------------------------------------
2026-10-07 12:20:00 | frontend | UP | 200 | 274ms
2026-10-07 12:20:02 | appwrite | UP | 200 | 1581ms
2026-10-07 12:20:03 | r2-media | UP | 5/5 | 152ms | worst=295ms | samples=152,295,98,128,91
2026-10-07 12:20:03 | video-media | UP | 5/5 | 124ms | samples=120,178,132,103,90
----------------------------------------------------------------------------------------------------
2026-10-07 12:25:01 | frontend | UP | 200 | 192ms
2026-10-07 12:25:01 | appwrite | UP | 200 | 342ms
2026-10-07 12:25:02 | r2-media | UP | 5/5 | 98ms | worst=108ms | samples=108,104,79,105,96
2026-10-07 12:25:03 | video-media | UP | 5/5 | 140ms | samples=114,144,107,116,223
----------------------------------------------------------------------------------------------------
2026-10-07 12:30:00 | frontend | UP | 200 | 265ms
2026-10-07 12:30:01 | appwrite | UP | 200 | 236ms
2026-10-07 12:30:01 | r2-media | UP | 5/5 | 157ms | worst=301ms | samples=301,164,115,101,106
2026-10-07 12:30:03 | video-media | UP | 5/5 | 194ms | samples=175,151,138,393,117
----------------------------------------------------------------------------------------------------
2026-10-07 12:35:00 | frontend | UP | 200 | 25ms
2026-10-07 12:35:00 | appwrite | UP | 200 | 288ms
2026-10-07 12:35:01 | r2-media | UP | 5/5 | 184ms | worst=244ms | samples=121,238,126,192,244
2026-10-07 12:35:02 | video-media | UP | 5/5 | 144ms | samples=185,136,104,158,139
----------------------------------------------------------------------------------------------------
2026-10-07 12:40:01 | frontend | UP | 200 | 285ms
2026-10-07 12:40:01 | appwrite | UP | 200 | 213ms
2026-10-07 12:40:02 | r2-media | UP | 5/5 | 165ms | worst=300ms | samples=159,108,300,108,151
2026-10-07 12:40:03 | video-media | UP | 5/5 | 181ms | samples=226,139,165,146,230
----------------------------------------------------------------------------------------------------
2026-10-07 12:45:00 | frontend | UP | 200 | 27ms
2026-10-07 12:45:00 | appwrite | UP | 200 | 513ms
2026-10-07 12:45:01 | r2-media | UP | 5/5 | 117ms | worst=152ms | samples=105,126,98,152,107
2026-10-07 12:45:02 | video-media | UP | 5/5 | 179ms | samples=253,156,202,143,142
----------------------------------------------------------------------------------------------------
2026-10-07 12:50:00 | frontend | UP | 200 | 31ms
2026-10-07 12:50:01 | appwrite | UP | 200 | 287ms
2026-10-07 12:50:02 | r2-media | UP | 5/5 | 151ms | worst=298ms | samples=298,109,118,99,132
2026-10-07 12:50:20 | video-media | UP | 5/5 | 128ms | samples=142,99,126,151,126
----------------------------------------------------------------------------------------------------
2026-10-07 12:55:00 | frontend | UP | 200 | 276ms
2026-10-07 12:55:01 | appwrite | UP | 200 | 287ms
2026-10-07 12:55:02 | r2-media | UP | 5/5 | 233ms | worst=403ms | samples=140,159,403,85,381
2026-10-07 12:55:03 | video-media | UP | 5/5 | 170ms | samples=267,137,170,129,151
----------------------------------------------------------------------------------------------------
====================================================================================================
2026-10-07 13:00:00 | frontend | UP | 200 | 26ms
2026-10-07 13:00:01 | appwrite | UP | 200 | 214ms
2026-10-07 13:00:02 | r2-media | UP | 5/5 | 157ms | worst=189ms | samples=177,120,138,164,189
2026-10-07 13:00:03 | video-media | UP | 5/5 | 158ms | samples=246,120,140,172,113
----------------------------------------------------------------------------------------------------
2026-10-07 13:05:01 | frontend | UP | 200 | 260ms
2026-10-07 13:05:01 | appwrite | UP | 200 | 415ms
2026-10-07 13:05:02 | r2-media | UP | 5/5 | 156ms | worst=344ms | samples=344,147,109,103,79
2026-10-07 13:05:03 | video-media | UP | 5/5 | 216ms | samples=135,163,133,555,95
----------------------------------------------------------------------------------------------------
2026-10-07 13:10:00 | frontend | UP | 200 | 42ms
2026-10-07 13:10:00 | appwrite | UP | 200 | 261ms
2026-10-07 13:10:01 | r2-media | UP | 5/5 | 177ms | worst=435ms | samples=108,435,107,146,93
2026-10-07 13:10:02 | video-media | UP | 5/5 | 154ms | samples=151,142,125,205,147
----------------------------------------------------------------------------------------------------
2026-10-07 13:15:00 | frontend | UP | 200 | 26ms
2026-10-07 13:15:00 | appwrite | UP | 200 | 274ms
2026-10-07 13:15:02 | r2-media | UP | 5/5 | 188ms | worst=502ms | samples=502,124,104,103,108
2026-10-07 13:15:03 | video-media | UP | 5/5 | 189ms | samples=164,282,140,122,239
----------------------------------------------------------------------------------------------------
2026-10-07 13:20:00 | frontend | UP | 200 | 261ms
2026-10-07 13:20:01 | appwrite | UP | 200 | 134ms
2026-10-07 13:20:02 | r2-media | UP | 5/5 | 227ms | worst=334ms | samples=334,241,209,205,147
2026-10-07 13:20:03 | video-media | UP | 5/5 | 192ms | samples=163,257,152,257,131
----------------------------------------------------------------------------------------------------
2026-10-07 13:25:01 | frontend | UP | 200 | 27ms
2026-10-07 13:25:01 | appwrite | UP | 200 | 310ms
2026-10-07 13:25:02 | r2-media | UP | 5/5 | 249ms | worst=441ms | samples=380,199,101,127,441
2026-10-07 13:25:03 | video-media | UP | 5/5 | 154ms | samples=123,134,121,140,256
----------------------------------------------------------------------------------------------------
2026-10-07 13:30:00 | frontend | UP | 200 | 37ms
2026-10-07 13:30:00 | appwrite | UP | 200 | 216ms
2026-10-07 13:30:01 | r2-media | UP | 5/5 | 110ms | worst=128ms | samples=128,96,95,114,118
2026-10-07 13:30:02 | video-media | UP | 5/5 | 180ms | samples=157,106,175,309,157
----------------------------------------------------------------------------------------------------
2026-10-07 13:35:00 | frontend | UP | 200 | 272ms
2026-10-07 13:35:01 | appwrite | UP | 200 | 936ms
2026-10-07 13:35:02 | r2-media | UP | 5/5 | 109ms | worst=133ms | samples=131,111,74,133,96
2026-10-07 13:35:03 | video-media | UP | 5/5 | 150ms | samples=149,157,159,170,119
----------------------------------------------------------------------------------------------------
2026-10-07 13:40:00 | frontend | UP | 200 | 38ms
2026-10-07 13:40:01 | appwrite | UP | 200 | 1183ms
2026-10-07 13:40:02 | r2-media | UP | 5/5 | 182ms | worst=345ms | samples=345,182,111,153,122
2026-10-07 13:40:03 | video-media | UP | 5/5 | 159ms | samples=179,143,152,137,187
----------------------------------------------------------------------------------------------------
2026-10-07 13:45:00 | frontend | UP | 200 | 36ms
2026-10-07 13:45:00 | appwrite | UP | 200 | 203ms
2026-10-07 13:45:01 | r2-media | UP | 5/5 | 111ms | worst=125ms | samples=105,119,112,125,95
2026-10-07 13:45:02 | video-media | UP | 5/5 | 143ms | samples=137,148,110,188,136
----------------------------------------------------------------------------------------------------
2026-10-07 13:50:00 | frontend | UP | 200 | 285ms
2026-10-07 13:50:01 | appwrite | UP | 200 | 130ms
2026-10-07 13:50:02 | r2-media | UP | 5/5 | 147ms | worst=238ms | samples=238,126,96,169,109
2026-10-07 13:50:03 | video-media | UP | 5/5 | 155ms | samples=118,156,122,262,120
----------------------------------------------------------------------------------------------------
2026-10-07 13:55:00 | frontend | UP | 200 | 27ms
2026-10-07 13:55:00 | appwrite | UP | 200 | 297ms
2026-10-07 13:55:01 | r2-media | UP | 5/5 | 161ms | worst=342ms | samples=108,116,131,108,342
2026-10-07 13:55:19 | video-media | UP | 5/5 | 162ms | samples=136,122,159,280,117
----------------------------------------------------------------------------------------------------
====================================================================================================
2026-10-07 14:00:00 | frontend | UP | 200 | 27ms
2026-10-07 14:00:01 | appwrite | UP | 200 | 297ms
2026-10-07 14:00:01 | r2-media | UP | 5/5 | 152ms | worst=254ms | samples=138,119,101,254,152
2026-10-07 14:00:03 | video-media | UP | 5/5 | 237ms | samples=141,128,591,147,179
----------------------------------------------------------------------------------------------------
2026-10-07 14:05:00 | frontend | UP | 200 | 273ms
2026-10-07 14:05:01 | appwrite | UP | 200 | 325ms
2026-10-07 14:05:01 | r2-media | UP | 5/5 | 108ms | worst=152ms | samples=152,78,120,111,83
2026-10-07 14:05:03 | video-media | UP | 5/5 | 398ms | samples=783,129,298,649,134
----------------------------------------------------------------------------------------------------
2026-10-07 14:10:01 | frontend | UP | 200 | 28ms
2026-10-07 14:10:01 | appwrite | UP | 200 | 249ms
2026-10-07 14:10:02 | r2-media | UP | 5/5 | 124ms | worst=141ms | samples=122,129,119,111,141
2026-10-07 14:10:03 | video-media | UP | 5/5 | 195ms | samples=137,309,123,267,139
----------------------------------------------------------------------------------------------------
2026-10-07 14:15:00 | frontend | UP | 200 | 25ms
2026-10-07 14:15:00 | appwrite | UP | 200 | 258ms
2026-10-07 14:15:01 | r2-media | UP | 5/5 | 101ms | worst=112ms | samples=92,108,86,107,112
2026-10-07 14:15:02 | video-media | UP | 5/5 | 175ms | samples=228,147,176,215,111
----------------------------------------------------------------------------------------------------
2026-10-07 14:20:00 | frontend | UP | 200 | 277ms
2026-10-07 14:20:00 | appwrite | UP | 200 | 208ms
2026-10-07 14:20:01 | r2-media | UP | 5/5 | 121ms | worst=229ms | samples=229,94,76,98,112
2026-10-07 14:20:02 | video-media | UP | 5/5 | 183ms | samples=296,140,160,164,158
----------------------------------------------------------------------------------------------------
2026-10-07 14:25:00 | frontend | UP | 200 | 27ms
2026-10-07 14:25:00 | appwrite | UP | 200 | 367ms
2026-10-07 14:25:01 | r2-media | UP | 5/5 | 159ms | worst=315ms | samples=315,124,102,123,133
2026-10-07 14:25:03 | video-media | UP | 5/5 | 223ms | samples=317,126,151,255,270
----------------------------------------------------------------------------------------------------
2026-10-07 14:30:01 | frontend | UP | 200 | 269ms
2026-10-07 14:30:01 | appwrite | UP | 200 | 124ms
2026-10-07 14:30:02 | r2-media | UP | 5/5 | 182ms | worst=255ms | samples=222,123,255,198,114
2026-10-07 14:30:03 | video-media | UP | 5/5 | 206ms | samples=336,137,183,265,113
----------------------------------------------------------------------------------------------------
2026-10-07 14:35:00 | frontend | UP | 200 | 34ms
2026-10-07 14:35:00 | appwrite | UP | 200 | 156ms
2026-10-07 14:35:01 | r2-media | UP | 5/5 | 118ms | worst=155ms | samples=109,113,100,117,155
2026-10-07 14:35:02 | video-media | UP | 5/5 | 231ms | samples=248,273,117,255,266
----------------------------------------------------------------------------------------------------
2026-10-07 14:40:00 | frontend | UP | 200 | 27ms
2026-10-07 14:40:01 | appwrite | UP | 200 | 362ms
2026-10-07 14:40:02 | r2-media | UP | 5/5 | 156ms | worst=196ms | samples=196,128,145,128,185
2026-10-07 14:40:03 | video-media | UP | 5/5 | 226ms | samples=134,131,250,364,252
----------------------------------------------------------------------------------------------------
2026-10-07 14:45:00 | frontend | UP | 200 | 300ms
2026-10-07 14:45:01 | appwrite | UP | 200 | 217ms
2026-10-07 14:45:02 | r2-media | UP | 5/5 | 166ms | worst=291ms | samples=123,113,194,291,112
2026-10-07 14:45:03 | video-media | UP | 5/5 | 192ms | samples=273,143,296,148,102
----------------------------------------------------------------------------------------------------
2026-10-07 14:50:01 | frontend | UP | 200 | 27ms
2026-10-07 14:50:01 | appwrite | UP | 200 | 134ms
2026-10-07 14:50:02 | r2-media | UP | 5/5 | 163ms | worst=286ms | samples=123,109,158,139,286
2026-10-07 14:50:03 | video-media | UP | 5/5 | 218ms | samples=154,111,274,268,286
----------------------------------------------------------------------------------------------------
2026-10-07 14:55:00 | frontend | UP | 200 | 29ms
2026-10-07 14:55:00 | appwrite | UP | 200 | 200ms
2026-10-07 14:55:01 | r2-media | UP | 5/5 | 172ms | worst=441ms | samples=441,85,95,116,123
2026-10-07 14:55:03 | video-media | UP | 5/5 | 234ms | samples=174,401,312,135,149
----------------------------------------------------------------------------------------------------
====================================================================================================
2026-10-07 15:00:01 | frontend | UP | 200 | 281ms
2026-10-07 15:00:01 | appwrite | UP | 200 | 490ms
2026-10-07 15:00:02 | r2-media | UP | 5/5 | 172ms | worst=268ms | samples=248,141,268,85,122
2026-10-07 15:00:22 | video-media | UP | 5/5 | 209ms | samples=219,160,250,316,103
----------------------------------------------------------------------------------------------------
2026-10-07 15:05:01 | frontend | UP | 200 | 25ms
2026-10-07 15:05:01 | appwrite | UP | 200 | 225ms
2026-10-07 15:05:01 | r2-media | UP | 5/5 | 107ms | worst=130ms | samples=130,116,98,88,103
2026-10-07 15:05:03 | video-media | UP | 5/5 | 339ms | samples=750,118,105,546,178
----------------------------------------------------------------------------------------------------
2026-10-07 15:10:00 | frontend | UP | 200 | 101ms
2026-10-07 15:10:00 | appwrite | UP | 200 | 314ms
2026-10-07 15:10:01 | r2-media | UP | 5/5 | 140ms | worst=261ms | samples=261,92,103,124,120
2026-10-07 15:10:03 | video-media | UP | 5/5 | 208ms | samples=159,489,149,144,99
----------------------------------------------------------------------------------------------------
2026-10-07 15:15:00 | frontend | UP | 200 | 289ms
2026-10-07 15:15:00 | appwrite | UP | 200 | 427ms
2026-10-07 15:15:01 | r2-media | UP | 5/5 | 166ms | worst=312ms | samples=312,107,134,130,148
2026-10-07 15:15:02 | video-media | UP | 5/5 | 162ms | samples=334,138,116,120,103
----------------------------------------------------------------------------------------------------
2026-10-07 15:20:00 | frontend | UP | 200 | 35ms
2026-10-07 15:20:00 | appwrite | UP | 200 | 195ms
2026-10-07 15:20:01 | r2-media | UP | 5/5 | 139ms | worst=205ms | samples=138,107,100,148,205
2026-10-07 15:20:02 | video-media | UP | 5/5 | 195ms | samples=402,153,128,121,174
----------------------------------------------------------------------------------------------------
2026-10-07 15:25:00 | frontend | UP | 200 | 268ms
2026-10-07 15:25:01 | appwrite | UP | 200 | 281ms
2026-10-07 15:25:02 | r2-media | UP | 5/5 | 135ms | worst=269ms | samples=269,148,98,89,74
2026-10-07 15:25:03 | video-media | UP | 5/5 | 227ms | samples=272,166,271,284,142
----------------------------------------------------------------------------------------------------
2026-10-07 15:30:00 | frontend | UP | 200 | 30ms
2026-10-07 15:30:00 | appwrite | UP | 200 | 312ms
2026-10-07 15:30:01 | r2-media | UP | 5/5 | 97ms | worst=120ms | samples=104,120,96,75,91
2026-10-07 15:30:02 | video-media | UP | 5/5 | 308ms | samples=432,115,286,392,315
----------------------------------------------------------------------------------------------------
2026-10-07 15:35:01 | frontend | UP | 200 | 268ms
2026-10-07 15:35:01 | appwrite | UP | 200 | 219ms
2026-10-07 15:35:02 | r2-media | UP | 5/5 | 115ms | worst=151ms | samples=128,109,86,151,104
2026-10-07 15:35:03 | video-media | UP | 5/5 | 183ms | samples=120,353,241,120,84
----------------------------------------------------------------------------------------------------
2026-10-07 15:40:00 | frontend | UP | 200 | 26ms
2026-10-07 15:40:01 | appwrite | UP | 200 | 208ms
2026-10-07 15:40:02 | r2-media | UP | 5/5 | 211ms | worst=448ms | samples=255,108,154,92,448
2026-10-07 15:40:03 | video-media | UP | 5/5 | 159ms | samples=131,142,139,152,232
----------------------------------------------------------------------------------------------------
2026-10-07 15:45:00 | frontend | UP | 200 | 25ms
2026-10-07 15:45:00 | appwrite | UP | 200 | 171ms
2026-10-07 15:45:01 | r2-media | UP | 5/5 | 115ms | worst=173ms | samples=98,120,113,173,72
2026-10-07 15:45:02 | video-media | UP | 5/5 | 269ms | samples=282,311,135,451,167
----------------------------------------------------------------------------------------------------
2026-10-07 15:50:01 | frontend | UP | 200 | 278ms
2026-10-07 15:50:01 | appwrite | UP | 200 | 246ms
2026-10-07 15:50:02 | r2-media | UP | 5/5 | 151ms | worst=279ms | samples=279,78,133,113,155
2026-10-07 15:50:03 | video-media | UP | 5/5 | 211ms | samples=286,140,154,173,302
----------------------------------------------------------------------------------------------------
2026-10-07 15:55:00 | frontend | UP | 200 | 33ms
2026-10-07 15:55:01 | appwrite | UP | 200 | 343ms
2026-10-07 15:55:01 | r2-media | UP | 5/5 | 108ms | worst=164ms | samples=94,109,83,91,164
2026-10-07 15:55:03 | video-media | UP | 5/5 | 174ms | samples=242,95,126,126,285
----------------------------------------------------------------------------------------------------
====================================================================================================
2026-10-07 16:00:01 | frontend | UP | 200 | 33ms
2026-10-07 16:00:01 | appwrite | UP | 200 | 495ms
2026-10-07 16:00:02 | r2-media | UP | 5/5 | 173ms | worst=238ms | samples=238,205,139,115,172
2026-10-07 16:00:03 | video-media | UP | 5/5 | 215ms | samples=279,149,260,281,110
----------------------------------------------------------------------------------------------------
2026-10-07 16:05:00 | frontend | UP | 200 | 282ms
2026-10-07 16:05:00 | appwrite | UP | 200 | 351ms
2026-10-07 16:05:01 | r2-media | UP | 5/5 | 126ms | worst=172ms | samples=106,121,102,172,129
2026-10-07 16:05:22 | video-media | UP | 5/5 | 118ms | samples=170,100,92,89,139
----------------------------------------------------------------------------------------------------
2026-10-07 16:10:00 | frontend | UP | 200 | 29ms
2026-10-07 16:10:01 | appwrite | UP | 200 | 220ms
2026-10-07 16:10:01 | r2-media | UP | 5/5 | 139ms | worst=268ms | samples=268,108,96,130,97
2026-10-07 16:10:03 | video-media | UP | 5/5 | 253ms | samples=520,227,270,132,120
----------------------------------------------------------------------------------------------------
2026-10-07 16:15:00 | frontend | UP | 200 | 39ms
2026-10-07 16:15:00 | appwrite | UP | 200 | 285ms
2026-10-07 16:15:01 | r2-media | UP | 5/5 | 112ms | worst=157ms | samples=157,106,115,102,84
2026-10-07 16:15:02 | video-media | UP | 5/5 | 229ms | samples=224,141,266,257,258
----------------------------------------------------------------------------------------------------
2026-10-07 16:20:00 | frontend | UP | 200 | 278ms
2026-10-07 16:20:00 | appwrite | UP | 200 | 286ms
2026-10-07 16:20:01 | r2-media | UP | 5/5 | 130ms | worst=227ms | samples=227,118,110,106,90
2026-10-07 16:20:03 | video-media | UP | 5/5 | 243ms | samples=359,124,205,255,276
----------------------------------------------------------------------------------------------------
2026-10-07 16:25:00 | frontend | UP | 200 | 29ms
2026-10-07 16:25:00 | appwrite | UP | 200 | 214ms
2026-10-07 16:25:01 | r2-media | UP | 5/5 | 148ms | worst=221ms | samples=130,113,135,221,145
2026-10-07 16:25:02 | video-media | UP | 5/5 | 249ms | samples=262,395,151,183,258
----------------------------------------------------------------------------------------------------
2026-10-07 16:30:00 | frontend | UP | 200 | 25ms
2026-10-07 16:30:00 | appwrite | UP | 200 | 211ms
2026-10-07 16:30:01 | r2-media | UP | 5/5 | 111ms | worst=174ms | samples=174,107,84,90,101
2026-10-07 16:30:02 | video-media | UP | 5/5 | 282ms | samples=236,416,264,261,234
----------------------------------------------------------------------------------------------------
2026-10-07 16:35:00 | frontend | UP | 200 | 281ms
2026-10-07 16:35:00 | appwrite | UP | 200 | 344ms
2026-10-07 16:35:01 | r2-media | UP | 5/5 | 142ms | worst=223ms | samples=223,154,132,96,108
2026-10-07 16:35:03 | video-media | UP | 5/5 | 279ms | samples=252,427,164,421,134
----------------------------------------------------------------------------------------------------
2026-10-07 16:40:00 | frontend | UP | 200 | 27ms
2026-10-07 16:40:00 | appwrite | UP | 200 | 413ms
2026-10-07 16:40:01 | r2-media | UP | 5/5 | 145ms | worst=195ms | samples=179,124,195,95,135
2026-10-07 16:40:02 | video-media | UP | 5/5 | 204ms | samples=226,287,116,150,245
----------------------------------------------------------------------------------------------------
2026-10-07 16:45:01 | frontend | UP | 200 | 275ms
2026-10-07 16:45:01 | appwrite | UP | 200 | 79ms
2026-10-07 16:45:02 | r2-media | UP | 5/5 | 176ms | worst=441ms | samples=132,441,124,103,84
2026-10-07 16:45:03 | video-media | UP | 5/5 | 173ms | samples=109,140,348,148,121
----------------------------------------------------------------------------------------------------
2026-10-07 16:50:00 | frontend | UP | 200 | 40ms
2026-10-07 16:50:00 | appwrite | UP | 200 | 214ms
2026-10-07 16:50:01 | r2-media | UP | 5/5 | 124ms | worst=137ms | samples=135,137,99,135,115
2026-10-07 16:50:02 | video-media | UP | 5/5 | 210ms | samples=152,289,242,107,263
----------------------------------------------------------------------------------------------------
2026-10-07 16:55:00 | frontend | UP | 200 | 25ms
2026-10-07 16:55:00 | appwrite | UP | 200 | 290ms
2026-10-07 16:55:01 | r2-media | UP | 5/5 | 129ms | worst=162ms | samples=134,162,124,119,108
2026-10-07 16:55:02 | video-media | UP | 5/5 | 155ms | samples=239,111,159,138,130
----------------------------------------------------------------------------------------------------
====================================================================================================
2026-10-07 17:00:01 | frontend | UP | 200 | 293ms
2026-10-07 17:00:01 | appwrite | UP | 200 | 380ms
2026-10-07 17:00:02 | r2-media | UP | 5/5 | 204ms | worst=329ms | samples=329,224,136,184,148
2026-10-07 17:00:04 | video-media | UP | 5/5 | 237ms | samples=337,307,282,124,136
----------------------------------------------------------------------------------------------------
2026-10-07 17:05:00 | frontend | UP | 200 | 25ms
2026-10-07 17:05:00 | appwrite | UP | 200 | 152ms
2026-10-07 17:05:01 | r2-media | UP | 5/5 | 127ms | worst=191ms | samples=116,108,91,191,132
2026-10-07 17:05:01 | video-media | UP | 5/5 | 136ms | samples=133,116,136,129,168
----------------------------------------------------------------------------------------------------
2026-10-07 17:10:00 | frontend | UP | 200 | 28ms
2026-10-07 17:10:00 | appwrite | UP | 200 | 123ms
2026-10-07 17:10:01 | r2-media | UP | 5/5 | 168ms | worst=284ms | samples=284,117,229,102,110
2026-10-07 17:10:20 | video-media | UP | 5/5 | 143ms | samples=133,266,122,102,94
----------------------------------------------------------------------------------------------------
2026-10-07 17:15:01 | frontend | UP | 200 | 373ms
2026-10-07 17:15:01 | appwrite | UP | 200 | 341ms
2026-10-07 17:15:02 | r2-media | UP | 5/5 | 154ms | worst=284ms | samples=284,163,93,121,109
2026-10-07 17:15:03 | video-media | UP | 5/5 | 250ms | samples=231,356,128,299,236
----------------------------------------------------------------------------------------------------
2026-10-07 17:20:00 | frontend | UP | 200 | 28ms
2026-10-07 17:20:00 | appwrite | UP | 200 | 203ms
2026-10-07 17:20:01 | r2-media | UP | 5/5 | 131ms | worst=183ms | samples=142,183,119,97,118
2026-10-07 17:20:02 | video-media | UP | 5/5 | 168ms | samples=173,132,129,166,241
----------------------------------------------------------------------------------------------------
2026-10-07 17:25:01 | frontend | UP | 200 | 310ms
2026-10-07 17:25:01 | appwrite | UP | 200 | 309ms
2026-10-07 17:25:02 | r2-media | UP | 5/5 | 134ms | worst=288ms | samples=288,97,84,97,107
2026-10-07 17:25:03 | video-media | UP | 5/5 | 154ms | samples=207,166,136,154,110
----------------------------------------------------------------------------------------------------
2026-10-07 17:30:00 | frontend | UP | 200 | 97ms
2026-10-07 17:30:00 | appwrite | UP | 200 | 238ms
2026-10-07 17:30:01 | r2-media | UP | 5/5 | 126ms | worst=200ms | samples=115,101,95,200,122
2026-10-07 17:30:02 | video-media | UP | 5/5 | 223ms | samples=334,245,117,152,271
----------------------------------------------------------------------------------------------------
2026-10-07 17:35:00 | frontend | UP | 200 | 27ms
2026-10-07 17:35:00 | appwrite | UP | 200 | 370ms
2026-10-07 17:35:01 | r2-media | UP | 5/5 | 102ms | worst=136ms | samples=115,77,73,112,136
2026-10-07 17:35:02 | video-media | UP | 5/5 | 132ms | samples=128,116,138,134,146
----------------------------------------------------------------------------------------------------
2026-10-07 17:40:01 | frontend | UP | 200 | 274ms
2026-10-07 17:40:01 | appwrite | UP | 200 | 287ms
2026-10-07 17:40:02 | r2-media | UP | 5/5 | 127ms | worst=194ms | samples=194,108,99,128,109
2026-10-07 17:40:03 | video-media | UP | 5/5 | 192ms | samples=198,130,409,95,128
----------------------------------------------------------------------------------------------------
2026-10-07 17:45:00 | frontend | UP | 200 | 40ms
2026-10-07 17:45:01 | appwrite | UP | 200 | 289ms
2026-10-07 17:45:01 | r2-media | UP | 5/5 | 102ms | worst=116ms | samples=98,103,86,116,110
2026-10-07 17:45:02 | video-media | UP | 5/5 | 120ms | samples=123,93,133,139,113
----------------------------------------------------------------------------------------------------
2026-10-07 17:50:01 | frontend | UP | 200 | 37ms
2026-10-07 17:50:01 | appwrite | UP | 200 | 324ms
2026-10-07 17:50:02 | r2-media | UP | 5/5 | 158ms | worst=261ms | samples=244,96,82,261,108
2026-10-07 17:50:03 | video-media | UP | 5/5 | 147ms | samples=198,147,144,125,123
----------------------------------------------------------------------------------------------------
2026-10-07 17:55:00 | frontend | UP | 200 | 271ms
2026-10-07 17:55:00 | appwrite | UP | 200 | 349ms
2026-10-07 17:55:01 | r2-media | UP | 5/5 | 112ms | worst=135ms | samples=135,104,89,131,103
2026-10-07 17:55:02 | video-media | UP | 5/5 | 222ms | samples=354,293,223,150,92
----------------------------------------------------------------------------------------------------
====================================================================================================
2026-10-07 18:00:00 | frontend | UP | 200 | 31ms
2026-10-07 18:00:00 | appwrite | UP | 200 | 295ms
2026-10-07 18:00:01 | r2-media | UP | 5/5 | 173ms | worst=388ms | samples=388,109,114,161,94
2026-10-07 18:00:03 | video-media | UP | 5/5 | 427ms | samples=176,1311,349,177,125
----------------------------------------------------------------------------------------------------
2026-10-07 18:05:01 | frontend | UP | 200 | 276ms
2026-10-07 18:05:01 | appwrite | UP | 200 | 243ms
2026-10-07 18:05:02 | r2-media | UP | 5/5 | 132ms | worst=238ms | samples=238,131,96,102,96
2026-10-07 18:05:03 | video-media | UP | 5/5 | 180ms | samples=221,284,140,165,92
----------------------------------------------------------------------------------------------------
2026-10-07 18:10:00 | frontend | UP | 200 | 26ms
2026-10-07 18:10:00 | appwrite | UP | 200 | 133ms
2026-10-07 18:10:01 | r2-media | UP | 5/5 | 130ms | worst=157ms | samples=150,121,92,157,133
2026-10-07 18:10:02 | video-media | UP | 5/5 | 183ms | samples=159,168,129,317,144
----------------------------------------------------------------------------------------------------
2026-10-07 18:15:00 | frontend | UP | 200 | 30ms
2026-10-07 18:15:00 | appwrite | UP | 200 | 196ms
2026-10-07 18:15:01 | r2-media | UP | 5/5 | 138ms | worst=190ms | samples=146,100,121,134,190
2026-10-07 18:15:21 | video-media | UP | 5/5 | 190ms | samples=223,103,269,101,255
----------------------------------------------------------------------------------------------------
2026-10-07 18:20:01 | frontend | UP | 200 | 392ms
2026-10-07 18:20:01 | appwrite | UP | 200 | 224ms
2026-10-07 18:20:02 | r2-media | UP | 5/5 | 165ms | worst=370ms | samples=370,111,162,73,110
2026-10-07 18:20:03 | video-media | UP | 5/5 | 174ms | samples=173,153,146,273,128
----------------------------------------------------------------------------------------------------
2026-10-07 18:25:00 | frontend | UP | 200 | 25ms
2026-10-07 18:25:00 | appwrite | UP | 200 | 308ms
2026-10-07 18:25:01 | r2-media | UP | 5/5 | 125ms | worst=153ms | samples=139,77,128,153,130
2026-10-07 18:25:02 | video-media | UP | 5/5 | 155ms | samples=198,119,192,127,143
----------------------------------------------------------------------------------------------------
2026-10-07 18:30:00 | frontend | UP | 200 | 152ms
2026-10-07 18:30:01 | appwrite | UP | 200 | 381ms
2026-10-07 18:30:02 | r2-media | UP | 5/5 | 153ms | worst=282ms | samples=282,115,105,150,115
2026-10-07 18:30:03 | video-media | UP | 5/5 | 183ms | samples=248,148,222,161,140
----------------------------------------------------------------------------------------------------
2026-10-07 18:35:00 | frontend | UP | 200 | 272ms
2026-10-07 18:35:01 | appwrite | UP | 200 | 433ms
2026-10-07 18:35:02 | r2-media | UP | 5/5 | 163ms | worst=224ms | samples=224,198,141,119,137
2026-10-07 18:35:03 | video-media | UP | 5/5 | 274ms | samples=407,212,326,307,120
----------------------------------------------------------------------------------------------------
2026-10-07 18:40:00 | frontend | UP | 200 | 28ms
2026-10-07 18:40:01 | appwrite | UP | 200 | 361ms
2026-10-07 18:40:01 | r2-media | UP | 5/5 | 139ms | worst=240ms | samples=147,91,240,98,120
2026-10-07 18:40:03 | video-media | UP | 5/5 | 192ms | samples=141,295,175,115,235
----------------------------------------------------------------------------------------------------
2026-10-07 18:45:00 | frontend | UP | 200 | 25ms
2026-10-07 18:45:00 | appwrite | UP | 200 | 370ms
2026-10-07 18:45:01 | r2-media | UP | 5/5 | 119ms | worst=146ms | samples=112,146,120,118,101
2026-10-07 18:45:02 | video-media | UP | 5/5 | 151ms | samples=139,90,124,279,126
----------------------------------------------------------------------------------------------------
2026-10-07 18:50:00 | frontend | UP | 200 | 270ms
2026-10-07 18:50:00 | appwrite | UP | 200 | 444ms
2026-10-07 18:50:01 | r2-media | UP | 5/5 | 179ms | worst=198ms | samples=198,153,184,190,171
2026-10-07 18:50:02 | video-media | UP | 5/5 | 150ms | samples=137,170,128,170,146
----------------------------------------------------------------------------------------------------
2026-10-07 18:55:01 | frontend | UP | 200 | 35ms
2026-10-07 18:55:01 | appwrite | UP | 200 | 214ms
2026-10-07 18:55:02 | r2-media | UP | 5/5 | 144ms | worst=290ms | samples=290,94,121,113,104
2026-10-07 18:55:03 | video-media | UP | 5/5 | 222ms | samples=474,116,226,136,160
----------------------------------------------------------------------------------------------------
====================================================================================================
2026-10-07 19:00:00 | frontend | UP | 200 | 33ms
2026-10-07 19:00:00 | appwrite | UP | 200 | 315ms
2026-10-07 19:00:01 | r2-media | UP | 5/5 | 124ms | worst=154ms | samples=120,154,134,99,117
2026-10-07 19:00:02 | video-media | UP | 5/5 | 225ms | samples=173,119,327,300,209
----------------------------------------------------------------------------------------------------
2026-10-07 19:05:00 | frontend | UP | 200 | 324ms
2026-10-07 19:05:01 | appwrite | UP | 200 | 304ms
2026-10-07 19:05:01 | r2-media | UP | 5/5 | 119ms | worst=152ms | samples=139,102,112,152,91
2026-10-07 19:05:03 | video-media | UP | 5/5 | 346ms | samples=452,144,754,241,143
----------------------------------------------------------------------------------------------------
2026-10-07 19:10:00 | frontend | UP | 200 | 25ms
2026-10-07 19:10:00 | appwrite | UP | 200 | 288ms
2026-10-07 19:10:01 | r2-media | UP | 5/5 | 143ms | worst=231ms | samples=231,95,197,101,91
2026-10-07 19:10:03 | video-media | UP | 5/5 | 286ms | samples=719,208,133,109,262
----------------------------------------------------------------------------------------------------
2026-10-07 19:15:01 | frontend | UP | 200 | 274ms
2026-10-07 19:15:01 | appwrite | UP | 200 | 312ms
2026-10-07 19:15:02 | r2-media | UP | 5/5 | 139ms | worst=235ms | samples=235,105,142,119,96
2026-10-07 19:15:03 | video-media | UP | 5/5 | 235ms | samples=136,497,249,150,145
----------------------------------------------------------------------------------------------------
2026-10-07 19:20:00 | frontend | UP | 200 | 81ms
2026-10-07 19:20:01 | appwrite | UP | 200 | 389ms
2026-10-07 19:20:02 | r2-media | UP | 5/5 | 133ms | worst=180ms | samples=100,104,114,180,168
2026-10-07 19:20:20 | video-media | UP | 5/5 | 294ms | samples=233,837,136,162,103
----------------------------------------------------------------------------------------------------
2026-10-07 19:25:00 | frontend | UP | 200 | 35ms
2026-10-07 19:25:01 | appwrite | UP | 200 | 577ms
2026-10-07 19:25:02 | r2-media | UP | 5/5 | 135ms | worst=256ms | samples=93,113,105,111,256
2026-10-07 19:25:05 | video-media | UP | 5/5 | 566ms | samples=771,423,125,739,774
----------------------------------------------------------------------------------------------------
2026-10-07 19:30:01 | frontend | UP | 200 | 323ms
2026-10-07 19:30:01 | appwrite | UP | 200 | 312ms
2026-10-07 19:30:02 | r2-media | UP | 5/5 | 236ms | worst=450ms | samples=120,112,450,367,131
2026-10-07 19:30:03 | video-media | UP | 5/5 | 159ms | samples=264,122,145,161,107
----------------------------------------------------------------------------------------------------
2026-10-07 19:35:01 | frontend | UP | 200 | 26ms
2026-10-07 19:35:01 | appwrite | UP | 200 | 310ms
2026-10-07 19:35:02 | r2-media | UP | 5/5 | 109ms | worst=123ms | samples=105,108,99,123,113
2026-10-07 19:35:05 | video-media | UP | 5/5 | 561ms | samples=315,722,123,921,724
----------------------------------------------------------------------------------------------------
2026-10-07 19:40:00 | frontend | UP | 200 | 28ms
2026-10-07 19:40:00 | appwrite | UP | 200 | 269ms
2026-10-07 19:40:01 | r2-media | UP | 5/5 | 149ms | worst=311ms | samples=311,82,139,85,132
2026-10-07 19:40:04 | video-media | UP | 5/5 | 448ms | samples=751,247,292,187,764
----------------------------------------------------------------------------------------------------
2026-10-07 19:45:00 | frontend | UP | 200 | 324ms
2026-10-07 19:45:01 | appwrite | UP | 200 | 382ms
2026-10-07 19:45:02 | r2-media | UP | 5/5 | 139ms | worst=307ms | samples=307,120,95,91,83
2026-10-07 19:45:04 | video-media | UP | 5/5 | 501ms | samples=740,790,114,431,430
----------------------------------------------------------------------------------------------------
2026-10-07 19:50:00 | frontend | UP | 200 | 25ms
2026-10-07 19:50:00 | appwrite | UP | 200 | 140ms
2026-10-07 19:50:02 | r2-media | UP | 5/5 | 190ms | worst=421ms | samples=100,421,212,110,110
2026-10-07 19:50:03 | video-media | UP | 5/5 | 256ms | samples=275,122,250,112,524
----------------------------------------------------------------------------------------------------
2026-10-07 19:55:00 | frontend | UP | 200 | 26ms
2026-10-07 19:55:00 | appwrite | UP | 200 | 212ms
2026-10-07 19:55:01 | r2-media | UP | 5/5 | 127ms | worst=159ms | samples=103,159,149,106,120
2026-10-07 19:55:03 | video-media | UP | 5/5 | 386ms | samples=150,142,167,773,702
----------------------------------------------------------------------------------------------------
====================================================================================================
2026-10-07 20:00:00 | frontend | UP | 200 | 283ms
2026-10-07 20:00:00 | appwrite | UP | 200 | 303ms
2026-10-07 20:00:01 | r2-media | UP | 5/5 | 145ms | worst=236ms | samples=236,135,132,102,124
2026-10-07 20:00:04 | video-media | UP | 5/5 | 439ms | samples=246,184,766,167,833
----------------------------------------------------------------------------------------------------
2026-10-07 20:05:00 | frontend | UP | 200 | 36ms
2026-10-07 20:05:00 | appwrite | UP | 200 | 342ms
2026-10-07 20:05:01 | r2-media | UP | 5/5 | 132ms | worst=202ms | samples=113,116,202,110,123
2026-10-07 20:05:07 | video-media | UP | 5/5 | 1119ms | samples=2388,239,487,824,1657
----------------------------------------------------------------------------------------------------
2026-10-07 20:10:00 | frontend | UP | 200 | 27ms
2026-10-07 20:10:00 | appwrite | UP | 200 | 192ms
2026-10-07 20:10:01 | r2-media | UP | 5/5 | 101ms | worst=127ms | samples=127,87,97,106,88
2026-10-07 20:10:04 | video-media | UP | 5/5 | 544ms | samples=1566,117,117,137,783
----------------------------------------------------------------------------------------------------
2026-10-07 20:15:00 | frontend | UP | 200 | 285ms
2026-10-07 20:15:01 | appwrite | UP | 200 | 207ms
2026-10-07 20:15:02 | r2-media | UP | 5/5 | 152ms | worst=297ms | samples=121,125,297,122,99
2026-10-07 20:15:06 | video-media | UP | 5/5 | 805ms | samples=564,124,1287,497,1557
----------------------------------------------------------------------------------------------------
2026-10-07 20:20:01 | frontend | UP | 200 | 85ms
2026-10-07 20:20:01 | appwrite | UP | 200 | 657ms
2026-10-07 20:20:02 | r2-media | UP | 5/5 | 155ms | worst=259ms | samples=259,115,109,186,106
2026-10-07 20:20:10 | video-media | UP | 5/5 | 1579ms | samples=3855,3009,120,160,754
----------------------------------------------------------------------------------------------------
2026-10-07 20:25:00 | frontend | UP | 200 | 27ms
2026-10-07 20:25:00 | appwrite | UP | 200 | 435ms
2026-10-07 20:25:01 | r2-media | UP | 5/5 | 123ms | worst=159ms | samples=138,99,159,124,98
2026-10-07 20:25:20 | video-media | UP | 5/5 | 988ms | samples=835,117,790,2454,748
----------------------------------------------------------------------------------------------------
2026-10-07 20:30:01 | frontend | UP | 200 | 290ms
2026-10-07 20:30:01 | appwrite | UP | 200 | 335ms
2026-10-07 20:30:02 | r2-media | UP | 5/5 | 150ms | worst=314ms | samples=314,108,106,128,97
2026-10-07 20:30:07 | video-media | UP | 5/5 | 972ms | samples=162,836,2008,1029,827
----------------------------------------------------------------------------------------------------
2026-10-07 20:35:00 | frontend | UP | 200 | 33ms
2026-10-07 20:35:01 | appwrite | UP | 200 | 204ms
2026-10-07 20:35:01 | r2-media | UP | 5/5 | 116ms | worst=160ms | samples=112,116,88,107,160
2026-10-07 20:35:06 | video-media | UP | 5/5 | 799ms | samples=941,980,1144,103,830
----------------------------------------------------------------------------------------------------
2026-10-07 20:40:00 | frontend | UP | 200 | 30ms
2026-10-07 20:40:01 | appwrite | UP | 200 | 363ms
2026-10-07 20:40:02 | r2-media | UP | 5/5 | 176ms | worst=297ms | samples=234,75,87,297,188
2026-10-07 20:40:06 | video-media | UP | 5/5 | 765ms | samples=219,1357,1675,113,465
----------------------------------------------------------------------------------------------------
2026-10-07 20:45:00 | frontend | UP | 200 | 301ms
2026-10-07 20:45:00 | appwrite | UP | 200 | 312ms
2026-10-07 20:45:01 | r2-media | UP | 5/5 | 149ms | worst=290ms | samples=98,109,104,290,147
2026-10-07 20:45:10 | video-media | UP | 5/5 | 1763ms | samples=136,959,1083,5527,1112
----------------------------------------------------------------------------------------------------
2026-10-07 20:50:00 | frontend | UP | 200 | 40ms
2026-10-07 20:50:01 | appwrite | UP | 200 | 199ms
2026-10-07 20:50:02 | r2-media | UP | 5/5 | 231ms | worst=399ms | samples=186,399,205,215,151
2026-10-07 20:50:11 | video-media | UP | 5/5 | 1824ms | samples=2129,214,356,4403,2018
----------------------------------------------------------------------------------------------------
2026-10-07 20:55:00 | frontend | UP | 200 | 295ms
2026-10-07 20:55:01 | appwrite | UP | 200 | 326ms
2026-10-07 20:55:02 | r2-media | UP | 5/5 | 157ms | worst=273ms | samples=112,273,120,93,187
2026-10-07 20:55:04 | video-media | UP | 5/5 | 529ms | samples=186,1232,124,804,302
----------------------------------------------------------------------------------------------------
====================================================================================================
2026-10-07 21:00:00 | frontend | UP | 200 | 26ms
2026-10-07 21:00:01 | appwrite | UP | 200 | 301ms
2026-10-07 21:00:02 | r2-media | UP | 5/5 | 147ms | worst=252ms | samples=124,103,252,124,134
2026-10-07 21:00:09 | video-media | UP | 5/5 | 1389ms | samples=1404,1710,1684,1097,1050
----------------------------------------------------------------------------------------------------
2026-10-07 21:05:01 | frontend | UP | 200 | 492ms
2026-10-07 21:05:01 | appwrite | UP | 200 | 243ms
2026-10-07 21:05:02 | r2-media | UP | 5/5 | 132ms | worst=194ms | samples=125,103,107,131,194
2026-10-07 21:05:10 | video-media | UP | 5/5 | 1464ms | samples=1126,3867,942,409,976
----------------------------------------------------------------------------------------------------
2026-10-07 21:10:00 | frontend | UP | 200 | 25ms
2026-10-07 21:10:01 | appwrite | UP | 200 | 399ms
2026-10-07 21:10:02 | r2-media | UP | 5/5 | 194ms | worst=305ms | samples=125,125,127,290,305
2026-10-07 21:10:08 | video-media | UP | 5/5 | 1168ms | samples=143,138,1432,1711,2420
----------------------------------------------------------------------------------------------------
2026-10-07 21:15:00 | frontend | UP | 200 | 49ms
2026-10-07 21:15:00 | appwrite | UP | 200 | 300ms
2026-10-07 21:15:01 | r2-media | UP | 5/5 | 98ms | worst=121ms | samples=92,121,105,91,85
2026-10-07 21:15:16 | video-media | UNSTABLE | 5/5 | 2986ms | samples=3883,4412,1033,2522,3083
----------------------------------------------------------------------------------------------------
2026-10-07 21:20:01 | frontend | UP | 200 | 275ms
2026-10-07 21:20:01 | appwrite | UP | 200 | 376ms
2026-10-07 21:20:02 | r2-media | UP | 5/5 | 180ms | worst=507ms | samples=507,100,89,116,91
2026-10-07 21:20:09 | video-media | UP | 5/5 | 1370ms | samples=1354,459,1698,2866,474
----------------------------------------------------------------------------------------------------
2026-10-07 21:25:00 | frontend | UP | 200 | 226ms
2026-10-07 21:25:01 | appwrite | UP | 200 | 504ms
2026-10-07 21:25:02 | r2-media | UP | 5/5 | 149ms | worst=256ms | samples=111,137,107,138,256
2026-10-07 21:25:06 | video-media | UP | 5/5 | 821ms | samples=1316,155,1449,1057,128
----------------------------------------------------------------------------------------------------
2026-10-07 21:30:00 | frontend | UP | 200 | 35ms
2026-10-07 21:30:00 | appwrite | UP | 200 | 234ms
2026-10-07 21:30:01 | r2-media | UP | 5/5 | 129ms | worst=208ms | samples=113,208,93,135,97
2026-10-07 21:30:22 | video-media | UP | 5/5 | 794ms | samples=1066,133,1938,96,738
----------------------------------------------------------------------------------------------------
2026-10-07 21:35:01 | frontend | UP | 200 | 353ms
2026-10-07 21:35:01 | appwrite | UP | 200 | 290ms
2026-10-07 21:35:02 | r2-media | UP | 5/5 | 132ms | worst=169ms | samples=128,130,121,169,113
2026-10-07 21:35:09 | video-media | UP | 5/5 | 1466ms | samples=269,2333,4501,121,108
----------------------------------------------------------------------------------------------------
2026-10-07 21:40:00 | frontend | UP | 200 | 31ms
2026-10-07 21:40:01 | appwrite | UP | 200 | 296ms
2026-10-07 21:40:02 | r2-media | UP | 5/5 | 155ms | worst=329ms | samples=329,136,113,94,107
2026-10-07 21:40:05 | video-media | UP | 5/5 | 608ms | samples=1071,1048,703,138,81
----------------------------------------------------------------------------------------------------
2026-10-07 21:45:00 | frontend | UP | 200 | 29ms
2026-10-07 21:45:00 | appwrite | UP | 200 | 227ms
2026-10-07 21:45:00 | r2-media | UP | 5/5 | 89ms | worst=117ms | samples=87,117,76,81,88
2026-10-07 21:45:24 | video-media | UNSTABLE | 4/5 | 2053ms | samples=3349,FAIL,1610,969,2285
----------------------------------------------------------------------------------------------------
2026-10-07 21:50:00 | frontend | UP | 200 | 279ms
2026-10-07 21:50:00 | appwrite | UP | 200 | 283ms
2026-10-07 21:50:01 | r2-media | UP | 5/5 | 148ms | worst=317ms | samples=317,143,107,89,88
2026-10-07 21:50:04 | video-media | UP | 5/5 | 435ms | samples=137,328,1153,446,115
----------------------------------------------------------------------------------------------------
2026-10-07 21:55:00 | frontend | UP | 200 | 28ms
2026-10-07 21:55:00 | appwrite | UP | 200 | 212ms
2026-10-07 21:55:01 | r2-media | UP | 5/5 | 135ms | worst=192ms | samples=97,96,120,173,192
2026-10-07 21:55:09 | video-media | UP | 5/5 | 1627ms | samples=472,6450,1013,109,95
----------------------------------------------------------------------------------------------------
====================================================================================================
2026-10-07 22:00:00 | frontend | UP | 200 | 304ms
2026-10-07 22:00:01 | appwrite | UP | 200 | 147ms
2026-10-07 22:00:02 | r2-media | UP | 5/5 | 168ms | worst=252ms | samples=138,248,252,103,100
2026-10-07 22:00:05 | video-media | UP | 5/5 | 596ms | samples=467,101,619,823,972
----------------------------------------------------------------------------------------------------
2026-10-07 22:05:00 | frontend | UP | 200 | 41ms
2026-10-07 22:05:01 | appwrite | UP | 200 | 360ms
2026-10-07 22:05:02 | r2-media | UP | 5/5 | 139ms | worst=228ms | samples=165,107,104,94,228
2026-10-07 22:05:03 | video-media | UP | 5/5 | 287ms | samples=117,104,299,832,85
----------------------------------------------------------------------------------------------------
2026-10-07 22:10:00 | frontend | UP | 200 | 40ms
2026-10-07 22:10:00 | appwrite | UP | 200 | 151ms
2026-10-07 22:10:01 | r2-media | UP | 5/5 | 189ms | worst=465ms | samples=465,100,184,104,96
2026-10-07 22:10:04 | video-media | UP | 5/5 | 480ms | samples=347,986,767,138,165
----------------------------------------------------------------------------------------------------
2026-10-07 22:15:00 | frontend | UP | 200 | 298ms
2026-10-07 22:15:01 | appwrite | UP | 200 | 372ms
2026-10-07 22:15:01 | r2-media | UP | 5/5 | 125ms | worst=242ms | samples=108,91,92,96,242
2026-10-07 22:15:03 | video-media | UP | 5/5 | 391ms | samples=724,108,787,251,85
----------------------------------------------------------------------------------------------------
2026-10-07 22:20:00 | frontend | UP | 200 | 28ms
2026-10-07 22:20:00 | appwrite | UP | 200 | 128ms
2026-10-07 22:20:01 | r2-media | UP | 5/5 | 125ms | worst=263ms | samples=94,67,91,113,263
2026-10-07 22:20:03 | video-media | UP | 5/5 | 431ms | samples=785,437,277,143,515
----------------------------------------------------------------------------------------------------
2026-10-07 22:25:01 | frontend | UP | 200 | 436ms
2026-10-07 22:25:01 | appwrite | UP | 200 | 144ms
2026-10-07 22:25:02 | r2-media | UP | 5/5 | 142ms | worst=236ms | samples=236,99,126,169,84
2026-10-07 22:25:05 | video-media | UP | 5/5 | 497ms | samples=427,433,781,393,451
----------------------------------------------------------------------------------------------------
2026-10-07 22:30:00 | frontend | UP | 200 | 28ms
2026-10-07 22:30:01 | appwrite | UP | 200 | 312ms
2026-10-07 22:30:01 | r2-media | UP | 5/5 | 122ms | worst=177ms | samples=150,116,94,75,177
2026-10-07 22:30:04 | video-media | UP | 5/5 | 478ms | samples=138,716,565,253,718
----------------------------------------------------------------------------------------------------
2026-10-07 22:35:01 | frontend | UP | 200 | 84ms
2026-10-07 22:35:01 | appwrite | UP | 200 | 126ms
2026-10-07 22:35:01 | r2-media | UP | 5/5 | 99ms | worst=121ms | samples=75,84,103,121,112
2026-10-07 22:35:18 | video-media | UP | 5/5 | 419ms | samples=435,409,362,485,408
----------------------------------------------------------------------------------------------------
2026-10-07 22:40:00 | frontend | UP | 200 | 275ms
2026-10-07 22:40:01 | appwrite | UP | 200 | 302ms
2026-10-07 22:40:01 | r2-media | UP | 5/5 | 145ms | worst=208ms | samples=205,208,114,113,89
2026-10-07 22:40:06 | video-media | UP | 5/5 | 932ms | samples=3569,378,97,173,444
----------------------------------------------------------------------------------------------------
2026-10-07 22:45:00 | frontend | UP | 200 | 28ms
2026-10-07 22:45:01 | appwrite | UP | 200 | 487ms
2026-10-07 22:45:02 | r2-media | UP | 5/5 | 161ms | worst=397ms | samples=111,397,106,102,92
2026-10-07 22:45:03 | video-media | UP | 5/5 | 237ms | samples=432,112,402,129,114
----------------------------------------------------------------------------------------------------
2026-10-07 22:50:00 | frontend | UP | 200 | 43ms
2026-10-07 22:50:00 | appwrite | UP | 200 | 348ms
2026-10-07 22:50:01 | r2-media | UP | 5/5 | 124ms | worst=167ms | samples=90,139,127,99,167
2026-10-07 22:50:02 | video-media | UP | 5/5 | 119ms | samples=122,140,121,94,122
----------------------------------------------------------------------------------------------------
2026-10-07 22:55:01 | frontend | UP | 200 | 273ms
2026-10-07 22:55:01 | appwrite | UP | 200 | 354ms
2026-10-07 22:55:02 | r2-media | UP | 5/5 | 140ms | worst=247ms | samples=247,137,102,125,90
2026-10-07 22:55:03 | video-media | UP | 5/5 | 244ms | samples=404,105,282,282,148
----------------------------------------------------------------------------------------------------
====================================================================================================
2026-10-07 23:00:00 | frontend | UP | 200 | 39ms
2026-10-07 23:00:00 | appwrite | UP | 200 | 345ms
2026-10-07 23:00:01 | r2-media | UP | 5/5 | 223ms | worst=586ms | samples=123,82,586,93,234
2026-10-07 23:00:03 | video-media | UP | 5/5 | 313ms | samples=399,192,291,391,294
----------------------------------------------------------------------------------------------------
2026-10-07 23:05:00 | frontend | UP | 200 | 27ms
2026-10-07 23:05:01 | appwrite | UP | 200 | 1002ms
2026-10-07 23:05:02 | r2-media | UP | 5/5 | 169ms | worst=380ms | samples=380,113,131,117,107
2026-10-07 23:05:04 | video-media | UP | 5/5 | 210ms | samples=172,254,234,110,281
----------------------------------------------------------------------------------------------------
2026-10-07 23:10:00 | frontend | UP | 200 | 271ms
2026-10-07 23:10:00 | appwrite | UP | 200 | 186ms
2026-10-07 23:10:01 | r2-media | UP | 5/5 | 157ms | worst=344ms | samples=344,71,129,147,97
2026-10-07 23:10:02 | video-media | UP | 5/5 | 184ms | samples=118,108,147,113,434
----------------------------------------------------------------------------------------------------
2026-10-07 23:15:00 | frontend | UP | 200 | 31ms
2026-10-07 23:15:00 | appwrite | UP | 200 | 197ms
2026-10-07 23:15:02 | r2-media | UP | 5/5 | 259ms | worst=452ms | samples=212,184,323,126,452
2026-10-07 23:15:03 | video-media | UP | 5/5 | 225ms | samples=393,122,150,265,198
----------------------------------------------------------------------------------------------------
2026-10-07 23:20:01 | frontend | UP | 200 | 285ms
2026-10-07 23:20:01 | appwrite | UP | 200 | 344ms
2026-10-07 23:20:02 | r2-media | UP | 5/5 | 166ms | worst=291ms | samples=291,94,190,114,142
2026-10-07 23:20:04 | video-media | UP | 5/5 | 338ms | samples=277,428,617,250,119
----------------------------------------------------------------------------------------------------
2026-10-07 23:25:00 | frontend | UP | 200 | 27ms
2026-10-07 23:25:02 | appwrite | DOWN | 403 | 1256ms
2026-10-07 23:25:02 | r2-media | UP | 5/5 | 128ms | worst=271ms | samples=271,89,65,128,91
2026-10-07 23:25:03 | video-media | UP | 5/5 | 146ms | samples=161,254,100,121,95
----------------------------------------------------------------------------------------------------
2026-10-07 23:30:00 | frontend | UP | 200 | 26ms
2026-10-07 23:30:01 | appwrite | DOWN | 403 | 398ms
2026-10-07 23:30:02 | r2-media | UP | 5/5 | 121ms | worst=137ms | samples=137,122,122,128,97
2026-10-07 23:30:03 | video-media | UP | 5/5 | 151ms | samples=173,165,234,105,82
----------------------------------------------------------------------------------------------------
2026-10-07 23:35:01 | frontend | UP | 200 | 280ms
2026-10-07 23:35:01 | appwrite | DOWN | 403 | 216ms
2026-10-07 23:35:02 | r2-media | UP | 5/5 | 92ms | worst=104ms | samples=89,90,78,104,102
2026-10-07 23:35:02 | video-media | UP | 5/5 | 135ms | samples=96,110,132,105,234
----------------------------------------------------------------------------------------------------
2026-10-07 23:40:00 | frontend | UP | 200 | 33ms
2026-10-07 23:40:00 | appwrite | DOWN | 403 | 285ms
2026-10-07 23:40:01 | r2-media | UP | 5/5 | 96ms | worst=106ms | samples=101,101,94,82,106
2026-10-07 23:40:17 | video-media | UP | 5/5 | 134ms | samples=204,87,150,142,91
----------------------------------------------------------------------------------------------------
2026-10-07 23:45:00 | frontend | UP | 200 | 27ms
2026-10-07 23:45:01 | appwrite | DOWN | 403 | 138ms
2026-10-07 23:45:02 | r2-media | UP | 5/5 | 201ms | worst=516ms | samples=516,96,143,138,113
2026-10-07 23:45:03 | video-media | UP | 5/5 | 116ms | samples=134,104,91,117,137
----------------------------------------------------------------------------------------------------
2026-10-07 23:50:00 | frontend | UP | 200 | 286ms
2026-10-07 23:50:01 | appwrite | DOWN | 403 | 260ms
2026-10-07 23:50:01 | r2-media | UP | 5/5 | 124ms | worst=245ms | samples=93,245,108,96,78
2026-10-07 23:50:02 | video-media | UP | 5/5 | 145ms | samples=129,177,105,121,195
----------------------------------------------------------------------------------------------------
2026-10-07 23:55:00 | frontend | UP | 200 | 27ms
2026-10-07 23:55:00 | appwrite | DOWN | 403 | 273ms
2026-10-07 23:55:01 | r2-media | UP | 5/5 | 122ms | worst=249ms | samples=83,76,89,249,117
2026-10-07 23:55:02 | video-media | UP | 5/5 | 138ms | samples=234,142,108,101,109
----------------------------------------------------------------------------------------------------
